performance_id,campaign_id,channel_id,customer_id,date_id,impressions,clicks,conversions,spend_usd,revenue_usd
1,1890,7,10812,419,1492,3416,114,2204.12,4148.19
2,1091,8,11325,297,904,375,499,3639.97,6949.68
3,1545,1,10233,697,908,4123,470,4845.83,5380.99
4,1331,2,10117,562,4668,197,166,4864.0,8307.79
5,1103,8,11691,3,9256,159,81,778.65,7983.85
6,1784,5,10560,580,5812,2074,200,688.48,9997.34
7,1644,6,11511,113,523,1011,156,2606.65,7409.5
8,1642,6,11087,703,1026,4059,306,4078.65,7364.22
9,1245,8,10585,531,3097,668,270,1639.12,1107.56
10,1104,3,10725,373,2188,1111,128,1271.37,7641.76
11,1613,3,11326,487,294,2517,495,773.1,9893.76
12,1867,5,10346,562,1054,1788,479,2006.86,1453.55
13,1300,6,10197,502,7773,4778,267,2126.05,1554.14
14,1724,8,10201,195,1809,1359,202,4357.0,4154.73
15,1705,4,11943,646,7946,1233,111,787.14,8537.47
16,1151,2,11576,421,3490,1862,218,2492.01,9322.91
17,1509,6,10228,681,9842,3074,384,4146.47,1668.99
18,1974,8,11512,646,6476,1742,366,696.28,8268.39
19,1185,4,11761,107,3385,4792,169,1009.06,2509.28
20,1803,1,11274,8,3571,3999,372,320.04,3957.08
21,1435,2,10327,364,8273,1332,297,1766.45,9128.07
22,1434,2,11467,618,5132,796,137,3514.77,4112.05
23,1267,2,11858,351,9412,4866,169,1565.58,6234.82
24,1925,2,10632,624,5859,3441,173,2290.61,6585.83
25,1501,2,10707,151,1054,1487,326,4402.81,9869.11
26,1985,5,10282,206,4205,1578,346,1371.91,3109.6
27,1838,8,10797,230,1479,2091,482,198.48,2002.02
28,1570,6,10337,297,6081,3579,213,2511.99,4555.41
29,1755,7,10049,47,7831,666,26,4845.6,6201.0
30,1257,4,10941,227,1956,161,195,4769.37,2937.84
31,1570,1,10808,314,6993,3808,186,228.94,4543.27
32,1255,7,11546,214,5946,4398,93,1418.08,5187.05
33,1055,4,11926,458,7208,2261,243,2485.85,2915.16
34,1733,4,11457,235,788,3801,427,1712.33,3412.87
35,1466,1,10466,479,5363,1620,444,1551.04,6124.28
36,1773,1,11691,317,6448,3008,118,4322.38,9751.96
37,1070,4,10357,45,447,4039,321,2843.93,7138.77
38,1092,7,10331,678,2327,4612,374,320.18,234.95
39,1841,3,11724,115,2725,3871,301,4322.68,306.55
40,1179,8,11568,185,9857,2619,199,1732.36,2105.76
41,1691,8,11409,509,5216,891,139,3262.92,6149.11
42,1817,1,11389,580,4696,2387,412,1360.69,9864.75
43,1829,7,11616,671,4470,3725,371,4520.88,4880.54
44,1384,7,11983,323,6341,2408,334,2360.12,1370.13
45,1440,3,10625,730,9772,1620,159,350.58,8829.2
46,1934,3,11937,636,1160,1788,90,4258.05,5573.23
47,1800,2,10772,488,2670,3343,385,4813.11,2828.58
48,1844,8,10949,313,8276,2979,164,141.06,3091.68
49,1784,8,10643,207,1028,892,19,2104.14,9897.16
50,1199,5,11167,79,7760,4445,96,3473.91,3179.26
51,1872,6,11037,435,3141,718,86,2761.56,6448.17
52,1757,6,11826,334,8416,4775,278,4113.07,3339.32
53,1692,2,11032,549,7644,3732,138,1288.66,4873.4
54,1768,8,11697,392,1957,70,126,1125.37,4032.46
55,1040,7,11689,226,4809,2653,455,4039.19,4386.05
56,1464,6,11263,367,5024,1036,57,4431.17,1971.65
57,1909,4,10638,729,7124,3461,189,895.83,6956.31
58,1705,1,11523,234,6921,3012,338,2067.06,342.9
59,1886,4,11266,642,2175,692,445,3941.56,1810.66
60,1962,1,10651,164,6898,1038,475,3047.93,9720.21
61,1096,1,10140,505,2353,3102,76,4316.63,1638.99
62,1184,2,11414,397,3108,4085,359,2336.13,4105.49
63,1029,6,11786,381,7201,3503,57,3890.99,7344.51
64,1016,7,10584,70,5111,3737,163,445.99,363.52
65,1304,6,11192,709,3515,1588,259,183.14,4944.29
66,1168,3,10384,309,7486,1065,237,4236.65,3251.68
67,1847,1,10085,543,2523,382,73,1502.03,8110.12
68,1157,4,11560,297,6402,1278,135,3521.16,3064.67
69,1664,6,10107,568,1146,4668,290,4718.62,7120.06
70,1853,4,11717,323,2908,1030,476,1197.65,7458.51
71,1277,3,11220,73,5916,2728,194,2304.31,6496.48
72,1220,7,11535,712,1168,2181,142,4777.17,4603.02
73,1557,7,11130,524,8233,2520,94,1517.45,6748.29
74,1767,6,11409,268,2654,4632,22,4673.02,8698.08
75,1115,5,11336,304,2912,1213,450,451.78,6270.86
76,1828,3,10133,593,2919,943,182,3381.37,2491.08
77,1561,3,10153,702,2455,600,310,3464.96,8024.55
78,1845,5,11993,403,2441,2472,130,1239.81,1840.92
79,1296,4,11324,207,1477,2326,230,3347.85,3898.85
80,1995,2,10873,594,2182,870,368,951.02,6798.58
81,1960,4,11849,722,6463,1455,405,282.25,2933.01
82,1421,6,11325,282,1520,206,112,3762.39,7731.75
83,1265,7,10423,658,5352,2211,283,2137.25,8136.5
84,1061,8,11455,514,7777,3443,446,890.93,9842.84
85,1362,7,10049,388,1549,1875,267,4757.0,6138.89
86,1638,7,10349,196,1881,2531,300,2919.86,8503.18
87,1186,1,10968,521,4389,326,410,4000.53,9805.64
88,1664,1,10957,311,1908,2011,229,4649.42,1383.99
89,1320,3,10971,345,8760,97,208,2426.67,1640.02
90,1998,5,11855,296,3660,4126,294,1053.16,2807.7
91,1018,2,11490,230,6559,3649,81,2282.43,9358.26
92,1542,8,11998,4,2255,2877,130,211.44,1330.21
93,1495,4,10981,1,1753,3651,478,4585.48,7548.85
94,1362,6,10629,336,725,3651,245,3521.99,928.11
95,1472,3,10274,645,2648,1934,303,2009.72,7496.81
96,1165,1,10791,369,6451,525,51,2034.22,9631.67
97,1845,4,11541,565,5461,93,500,1797.2,6242.22
98,1940,3,11334,321,8714,1679,128,3101.57,8350.26
99,1488,4,11543,305,7376,4513,275,1642.96,463.5
100,1734,3,10744,374,9058,3511,116,2655.38,6451.1
101,1081,2,11008,722,2489,1939,15,1770.71,5931.83
102,1051,4,10818,536,7522,2711,440,1977.37,1396.54
103,1154,6,11317,150,623,3871,400,2541.03,574.5
104,1943,8,11977,167,2024,3439,416,1233.51,8247.5
105,1385,2,11323,251,5523,2968,41,2935.2,4656.64
106,1435,8,10919,172,6113,115,226,2457.14,8375.18
107,1068,5,11605,529,1479,488,301,980.34,9888.08
108,1508,6,10433,187,8680,4036,191,2778.79,9922.43
109,1376,8,10283,524,9118,3514,31,2965.1,738.08
110,1236,4,11948,537,7426,2786,44,121.88,1206.1
111,1967,8,10080,574,6916,1539,361,2698.95,4088.33
112,1897,7,11897,686,2030,1039,407,1402.2,3518.5
113,1266,4,10797,619,2039,1631,79,4351.42,187.62
114,1024,4,10374,345,1682,2514,126,3550.26,5845.48
115,1126,6,11796,275,5049,2585,131,4319.01,678.89
116,1699,5,10099,97,7718,1403,82,4062.16,6810.37
117,1152,1,10151,533,4925,3741,448,2412.8,2313.05
118,1132,7,11923,382,2253,825,210,1581.42,6134.7
119,1921,4,11458,308,6038,1412,234,3798.61,1381.84
120,1221,7,10237,84,4891,4741,42,3416.47,3912.23
121,1529,2,10344,591,3875,1103,481,3247.72,800.6
122,1397,7,11640,241,5728,2108,494,1352.65,5353.79
123,1736,6,11918,141,2472,3269,213,3933.13,6824.46
124,1086,7,11138,87,9056,2168,208,4538.87,3143.25
125,1971,4,11248,722,9324,2212,209,4861.96,8488.1
126,1711,5,11544,684,1749,2363,317,3936.81,4386.1
127,1427,1,10783,321,7173,652,138,396.15,4940.85
128,1743,3,11033,46,5164,4089,328,652.66,9791.58
129,1643,1,11338,275,6645,442,271,3752.58,9108.22
130,1371,4,11853,262,1282,2790,442,4995.78,9786.58
131,1751,5,11435,420,2599,1139,223,2249.67,3578.72
132,1355,1,10833,571,9070,19,363,1060.73,6335.77
133,1323,8,10755,516,8485,1585,136,3943.14,3756.54
134,1065,2,11466,683,5901,3518,438,1845.43,721.74
135,1991,7,10639,561,6077,4093,394,2786.68,1951.63
136,1591,2,10260,281,2443,1140,363,4921.13,311.03
137,1844,6,11742,156,1282,2899,286,719.22,9658.01
138,1961,6,11004,617,3111,4066,268,782.86,7617.95
139,1017,4,11523,334,675,3530,169,3520.56,8607.02
140,1538,4,11866,652,380,2002,1,1113.01,3362.7
141,1602,4,11410,9,286,511,436,1398.65,5389.95
142,1323,4,11365,125,6512,4007,85,4549.9,3352.51
143,1702,8,11171,398,7236,4303,48,1474.31,1225.44
144,1086,2,10021,260,4687,1621,484,3612.72,410.24
145,1353,8,11389,70,5889,1603,303,2010.92,2716.66
146,1429,1,10805,164,9935,1893,43,4507.38,7361.42
147,1864,4,10318,556,6260,3116,267,3936.72,5162.42
148,1884,8,11826,99,4705,2283,344,1171.17,1564.85
149,1530,4,10718,661,9957,4826,398,4089.7,5309.54
150,1813,5,10079,405,7418,4955,119,4487.01,6210.0
151,1098,5,11987,318,5361,1608,120,644.68,3574.27
152,1123,2,10576,685,811,1786,270,4521.18,9066.58
153,1692,2,11236,182,9820,861,282,2392.59,5134.7
154,1886,3,11636,668,8897,28,251,240.37,4902.77
155,1985,4,10381,275,3499,90,165,2138.25,2048.02
156,1966,8,10016,133,5847,1144,389,3790.15,8259.35
157,1405,7,11033,644,8878,4971,269,701.15,7025.18
158,1307,2,10785,50,7311,4930,433,1246.8,3989.93
159,1631,4,11335,30,1611,3369,127,1711.48,2083.14
160,1078,5,10353,545,8670,1236,298,4929.86,4474.5
161,1033,5,10490,59,7624,3680,244,983.18,7119.98
162,1955,5,11513,550,4549,3539,227,2476.73,4806.26
163,1698,4,11865,130,8872,2937,459,4980.77,1674.76
164,1329,3,11754,155,838,4705,455,2629.3,9909.64
165,1664,6,11686,369,9544,1644,234,3666.85,1068.49
166,1811,1,11800,554,977,1521,373,4721.08,5697.9
167,1597,5,11366,124,2228,4669,227,1711.45,2766.64
168,1459,6,11548,591,4799,1133,196,246.26,3377.8
169,1991,1,10196,348,1576,2421,47,2666.1,6452.69
170,1607,6,11830,235,6955,2388,0,4708.99,6144.0
171,1267,7,11049,74,202,437,333,4763.24,8406.64
172,1172,2,10715,565,8991,142,386,431.08,3260.28
173,1331,3,11479,618,4341,3432,79,4120.41,8557.56
174,1843,6,10656,580,444,2212,145,3587.91,1760.49
175,1505,7,11361,287,4077,4750,374,4211.82,5705.12
176,1643,3,10243,649,8590,4746,263,439.66,9901.92
177,1853,5,10772,215,6160,3545,138,756.96,2959.77
178,1476,7,11691,615,5348,1781,289,1096.0,8511.48
179,1824,4,10967,696,5382,2721,104,2575.56,8312.43
180,1295,7,10894,377,3137,3186,226,1574.24,3267.62
181,1617,2,10953,79,2389,3913,227,2590.35,6964.46
182,1105,1,11855,496,2570,1200,224,1436.11,8863.17
183,1241,5,10551,694,6674,1057,205,2604.21,8926.51
184,1422,1,10438,57,4815,4453,209,1876.8,7568.02
185,1103,8,11047,644,9641,1401,82,2928.23,4346.61
186,1061,6,10210,25,731,3703,445,586.05,161.43
187,1015,6,11034,676,8980,320,491,1741.09,3434.17
188,1383,6,10379,575,8623,4161,434,3305.01,5063.4
189,1245,6,11811,474,6284,3369,125,2219.39,8916.82
190,1570,4,10883,377,5632,2449,320,4666.23,4204.65
191,1345,1,10259,85,1403,2062,269,4019.15,8025.61
192,1061,7,10787,293,5987,3247,493,1083.56,9891.32
193,1498,7,10166,461,1772,889,428,303.27,9549.3
194,1126,2,10580,151,1644,1879,31,349.21,4163.54
195,1382,3,10683,656,8779,2952,130,2205.47,4083.03
196,1040,2,11657,104,3914,2614,299,1960.0,7168.0
197,1253,3,11233,623,9177,3702,97,4397.2,2713.71
198,1725,8,10226,375,9267,3178,79,4858.29,1339.45
199,1949,7,11578,653,7694,4963,349,941.22,6289.59
200,1602,5,11529,314,779,2189,264,3380.58,7735.74
201,1690,2,10329,223,6066,4475,60,1691.51,3302.75
202,1490,4,10521,157,5062,3680,474,4205.52,3811.59
203,1501,2,10521,122,8709,4739,205,4783.88,7161.26
204,1532,8,11845,368,8678,4210,411,1617.79,7719.96
205,1757,8,10861,462,6930,2392,149,1797.26,7317.66
206,1156,2,11600,482,1920,3599,257,2956.05,6864.89
207,1080,6,11981,483,3560,3598,236,1892.14,1229.59
208,1608,4,11932,221,6900,1599,214,447.49,7212.52
209,1115,7,11412,201,6769,1319,319,3597.7,2180.28
210,1275,6,10877,660,3620,4121,1,2251.42,6596.44
211,1602,4,11523,508,8459,864,232,3645.72,925.73
212,1241,1,11430,381,1192,654,32,4552.46,3524.84
213,1736,6,10586,222,1171,4903,170,4841.96,2788.26
214,1715,7,10083,446,5410,1495,75,4115.66,1525.12
215,1725,5,10583,165,6614,722,282,4142.03,3354.5
216,1308,4,11851,410,566,1221,408,2588.16,2976.44
217,1784,2,10929,425,2124,4284,329,1483.37,4454.41
218,1151,3,10244,667,9168,1766,9,4733.42,2787.77
219,1575,8,10600,104,338,3747,383,3478.59,2031.73
220,1868,2,10006,316,6811,3868,399,3651.06,9206.81
221,1566,8,10774,660,8121,2761,202,116.96,104.03
222,1138,1,10333,540,5122,2390,136,177.67,1289.8
223,1367,6,11679,644,9749,1035,379,3330.87,6574.01
224,1142,1,10427,565,1088,3577,456,982.23,7630.91
225,1167,3,11866,65,6782,2717,108,860.53,9739.13
226,1184,8,11876,103,6594,24,118,2622.06,686.01
227,1309,4,11022,315,4364,2855,391,4330.48,6638.68
228,1075,3,11982,524,8298,2068,98,3647.3,1739.24
229,1296,5,11029,659,7507,4888,343,1898.57,9540.69
230,1750,3,10252,729,5923,207,386,3230.77,6401.11
231,1623,1,10986,568,8669,4613,493,1497.66,8538.07
232,1693,8,10352,257,3927,1835,262,2770.38,4705.6
233,1706,7,11916,623,2439,931,145,3381.04,2150.79
234,1625,4,11728,209,4213,4488,108,4892.53,5424.15
235,1825,8,11438,526,674,1399,449,748.73,826.45
236,1790,6,10105,419,5661,1298,255,4773.04,8831.48
237,1162,3,10169,202,2620,1185,237,571.97,9510.37
238,1144,8,11890,519,6637,3819,161,3862.57,8623.98
239,1700,2,11601,543,7603,1885,254,4333.26,2927.3
240,1991,6,11346,713,2646,1786,329,1689.35,2680.11
241,1834,6,11764,407,1041,2490,461,4163.95,1432.63
242,1466,5,11486,6,4383,3602,20,4944.4,7241.92
243,1046,4,10983,494,6674,4412,256,1744.57,3077.49
244,1890,4,11823,277,1561,301,368,732.21,3790.43
245,1457,5,10421,637,7464,2439,178,1263.64,6274.14
246,1507,1,11234,311,9712,4534,355,684.13,4378.78
247,1904,2,10192,433,8079,1663,404,1168.4,3938.16
248,1151,4,10753,495,6398,4689,51,156.13,8236.67
249,1089,3,10794,18,6051,3508,60,401.38,7720.94
250,1328,4,10856,497,7957,578,34,297.0,8771.94
251,1983,3,10449,524,5473,3444,284,4009.52,8479.42
252,1354,7,11106,401,1997,4820,192,1145.87,2823.67
253,1930,1,11181,331,5627,3969,47,4464.02,8206.23
254,1746,3,10897,524,9069,126,395,4749.88,7640.8
255,1149,7,10095,710,2782,4893,195,99.86,777.65
256,1592,2,11217,201,3956,609,301,2762.77,1525.14
257,1082,3,10434,177,8956,35,327,1735.45,1010.47
258,1509,3,10228,440,6327,2576,180,4349.24,8130.72
259,1952,4,10077,416,5963,2632,176,3563.78,1834.43
260,1159,3,10078,497,4309,3880,326,4711.1,2736.05
261,1315,5,11732,61,4407,3406,298,1275.03,1352.73
262,1124,6,10427,496,461,754,446,714.31,3153.03
263,1308,7,11308,241,6241,221,166,2359.05,9883.45
264,1947,4,10699,199,9175,364,189,2034.56,1730.33
265,1544,1,10852,659,3505,3809,221,3297.49,7520.28
266,1924,2,10946,347,6645,3618,245,4760.64,6790.85
267,1124,7,11426,634,1828,2089,190,3015.54,6971.97
268,1611,5,10946,364,9669,1914,25,869.62,1408.49
269,1656,8,11389,42,1399,3842,270,4726.39,958.79
270,1955,4,11821,158,163,3795,421,2957.07,3936.28
271,1571,8,11801,85,8354,3843,350,57.31,2175.28
272,1634,1,11966,314,5270,3879,289,331.39,8890.41
273,1562,5,10263,392,3875,1498,219,1598.7,7739.06
274,1314,7,10490,493,4895,3857,267,4347.86,9534.14
275,1003,7,10629,421,9444,4902,484,127.1,3365.63
276,1618,6,11244,316,3367,4317,228,4633.65,4122.7
277,1557,4,11826,709,8420,2076,308,1378.53,4544.23
278,1776,6,10133,71,4496,588,15,1542.32,1538.55
279,1227,3,11570,230,5211,3388,72,2684.18,116.44
280,1190,2,10621,608,4741,109,123,3205.2,9574.08
281,1820,4,10249,106,9986,220,442,1049.24,1834.71
282,1958,1,11856,232,6434,58,371,1195.96,7505.48
283,1020,6,11556,363,1315,3373,221,179.6,1161.45
284,1790,8,10681,407,874,3488,452,3281.59,3301.84
285,1408,2,10545,421,3173,1388,349,2697.74,7257.84
286,1827,6,11703,8,7363,2800,470,3433.88,8340.52
287,1387,1,10744,592,4487,4869,449,3241.94,2866.9
288,1050,2,11694,208,2380,1588,289,4860.65,3484.89
289,1819,4,11999,88,2212,4426,17,3796.46,5970.21
290,1913,4,10322,226,6450,883,252,2529.27,9290.3
291,1980,2,10569,333,9632,1751,224,3587.85,7842.68
292,1428,6,11880,305,9048,47,305,2164.34,7135.27
293,1683,1,10687,622,3238,1755,342,4030.69,556.16
294,1664,5,11724,42,9104,2622,382,1512.45,5375.05
295,1956,6,11073,669,4410,654,420,4281.02,874.23
296,1334,6,10442,669,6020,1952,442,1438.99,7010.88
297,1729,6,10817,179,7191,4443,241,1717.44,9189.23
298,1907,8,10549,408,1464,639,59,1209.66,1468.42
299,1539,3,11720,462,7377,1610,32,4542.91,7131.53
300,1074,1,10926,323,5392,823,63,4113.71,1081.08
301,1308,1,11609,274,4702,3283,223,193.19,5913.71
302,1113,8,10045,12,3249,81,260,675.77,8594.56
303,1163,3,10081,386,113,3438,479,3083.08,5001.36
304,1805,1,10168,596,4287,3861,108,3725.71,7587.1
305,1296,6,10937,201,6847,2003,101,3491.5,3136.45
306,1586,7,11208,731,554,2075,386,1760.65,3938.75
307,1061,1,10752,71,8842,480,36,294.25,8744.22
308,1124,7,11750,130,3918,2103,423,4154.87,6442.01
309,1854,1,11374,271,2436,1367,17,2969.91,1303.6
310,1965,1,10950,684,1327,144,323,3181.29,6809.02
311,1746,5,11058,408,5187,3047,37,4119.61,4223.26
312,1181,3,10518,626,3504,411,80,2132.31,7237.19
313,1271,1,10017,101,1314,2189,0,1061.71,6277.01
314,1095,6,10807,86,3361,4812,258,3154.73,472.46
315,1511,1,10572,298,8043,2456,171,2399.54,8600.92
316,1662,1,10906,489,439,4552,25,620.82,5291.16
317,1364,8,11241,430,1191,1830,263,1765.68,9348.03
318,1260,8,10755,436,4299,3429,232,1716.63,8132.07
319,1829,2,11183,539,824,1592,205,1610.36,4335.07
320,1987,3,11827,399,7990,3299,467,3123.68,1524.94
321,1402,1,11004,248,9386,2119,133,3749.25,9954.09
322,1831,8,10991,73,6142,3140,415,1592.47,1473.05
323,1695,7,11819,349,9847,788,374,2936.35,3758.06
324,2000,2,10089,159,5288,4744,444,4488.24,2158.77
325,1199,7,10941,420,3201,1276,232,96.88,5263.96
326,1615,6,10723,445,6828,1739,128,3608.75,4007.34
327,1425,4,11693,154,9240,924,387,1867.98,5506.08
328,1926,1,11633,193,4239,3839,466,3366.7,6400.86
329,1653,4,11556,266,1350,1596,345,4950.17,6036.76
330,1271,4,11225,295,642,3094,8,4075.1,9276.09
331,1222,3,11820,130,9523,3111,104,4484.09,4525.96
332,1541,8,11281,668,4726,2259,367,4567.86,7339.51
333,1738,1,10395,680,702,145,433,1327.87,1122.09
334,1895,8,11237,506,2299,4427,391,729.99,5824.31
335,1438,7,10728,460,6764,53,349,1719.25,6485.0
336,1331,2,11214,229,6483,2386,69,636.69,5564.78
337,1517,1,10223,665,5841,882,75,588.3,9379.91
338,1396,2,11936,248,3317,2291,131,2509.04,8955.33
339,1339,6,10571,440,682,3469,51,3811.75,471.28
340,1578,1,10385,387,9124,4954,487,1645.8,336.9
341,1351,1,11210,120,5765,1774,274,1136.26,196.75
342,1877,4,10265,203,3522,714,125,3755.17,7315.45
343,1873,4,10421,534,9460,4823,312,360.69,9313.01
344,1340,5,10008,20,7066,4051,42,4966.69,3675.18
345,1840,2,10672,608,975,4719,459,4997.5,9212.13
346,1485,8,11268,590,4291,996,129,2491.53,2123.27
347,1322,6,11147,590,1084,4304,128,2232.84,7234.14
348,1336,8,11283,699,8225,2455,311,3240.17,241.19
349,1998,5,11907,80,328,3327,273,2076.97,536.11
350,1897,3,10378,392,2975,1185,421,4174.52,4145.08
351,1842,6,11282,670,5394,1548,177,4351.25,7875.91
352,1425,3,10856,34,8099,4832,109,2744.42,7580.97
353,1818,8,11205,694,1151,1902,453,330.12,4900.61
354,1522,1,11451,114,6549,3569,11,3861.8,5140.29
355,1220,7,11997,668,2880,4476,459,2473.6,4757.29
356,1228,1,11274,730,3048,1939,155,1696.55,3354.37
357,1633,6,11752,374,9080,3001,26,449.64,1908.58
358,1851,1,10201,467,2983,3718,54,417.46,6917.51
359,1940,2,11725,685,8061,3859,440,4890.08,1167.26
360,1007,2,10626,441,1943,3725,133,4160.99,3572.92
361,1161,2,10302,609,8279,2112,458,865.69,3258.21
362,1076,1,10825,719,7629,272,44,4939.22,4284.36
363,1902,5,10456,696,1208,4430,64,2106.67,830.08
364,1470,6,10449,173,9478,3179,357,445.83,9024.91
365,1151,7,10259,548,4949,1047,184,1353.41,9709.06
366,1816,2,11928,602,4319,2110,440,92.68,4928.46
367,1005,2,10042,168,3954,2810,437,3179.39,4503.61
368,1948,4,10810,549,6403,3990,341,3607.39,9133.83
369,1860,1,11720,160,7596,615,253,2188.03,7512.5
370,1342,8,10840,626,8406,1145,238,3357.02,3254.03
371,1462,5,11656,27,2715,1777,284,898.93,7142.95
372,1156,4,10281,307,2500,1464,67,885.84,3747.65
373,1270,5,10930,716,6538,3708,249,3403.09,1101.75
374,1119,3,11532,516,7555,2943,2,3464.29,3191.66
375,1204,5,11866,501,5701,318,239,587.79,6011.09
376,1216,4,11726,455,6516,4658,0,4256.26,8222.75
377,1449,7,10305,456,9257,1712,349,1863.26,3356.72
378,1562,8,11362,444,8702,4744,396,1270.04,438.36
379,1661,3,10366,639,3423,1520,237,4242.37,943.19
380,1124,8,11126,667,2912,4471,42,4579.48,5764.75
381,1223,5,11412,505,7001,3743,458,2378.54,352.68
382,1249,3,11695,466,7439,3561,157,1392.34,640.54
383,1036,5,11082,29,713,3518,234,379.48,8532.08
384,1765,3,11307,568,9408,2223,292,436.91,8534.04
385,1688,8,10812,428,2413,2197,129,4929.54,7623.19
386,1486,6,10325,378,8009,3510,422,2851.89,8736.0
387,1852,7,11663,571,2939,4770,500,387.08,2357.98
388,1987,6,10235,371,4631,2747,223,2546.43,8091.73
389,1374,4,11346,156,3926,552,167,3136.69,5246.51
390,1017,3,10616,227,2628,500,243,3067.2,3503.91
391,1944,7,10320,414,3200,4217,216,2183.21,4509.15
392,1148,5,11133,548,8026,4683,257,4793.49,6151.63
393,1885,1,10216,353,4659,987,1,1117.46,9910.81
394,1501,3,11599,698,4114,1068,101,1154.49,9906.45
395,1052,1,11010,474,6990,3408,484,1606.43,8675.57
396,1642,6,10402,55,9964,2430,438,3502.49,7087.69
397,1639,5,10586,666,9110,533,349,1159.15,9533.0
398,1335,3,11323,88,6384,3962,28,166.12,4148.74
399,1388,6,10359,151,1408,632,2,726.26,5099.08
400,1732,8,11257,79,1644,2030,222,2783.48,6893.62
401,1513,5,10153,131,6615,1497,464,1311.67,5851.16
402,1872,7,11886,54,1663,873,77,2217.19,4671.74
403,1740,4,10864,701,1994,290,495,811.62,7165.22
404,1211,4,10148,315,6495,2638,328,3488.19,4091.11
405,1214,8,11724,664,7522,1907,403,2989.42,7206.79
406,1613,8,11056,497,3985,1618,14,4159.17,3083.7
407,1802,7,11982,463,8128,4020,216,2755.29,5211.25
408,1893,8,11572,62,8340,3408,74,3180.76,3459.3
409,1586,1,11033,55,6031,1126,416,1760.02,4269.87
410,1631,3,11689,301,4385,3064,412,3132.81,3935.08
411,1389,6,11547,420,1032,2293,459,2837.29,241.68
412,1571,1,11099,525,4646,1038,196,2544.26,6733.95
413,1967,4,11877,129,7519,898,146,284.35,5403.64
414,1029,6,10390,202,2626,4432,140,4793.54,3052.93
415,1803,1,10719,227,6489,1085,233,3217.18,2795.53
416,1916,2,10602,613,5281,1017,302,1753.07,4246.08
417,1581,1,11895,471,464,2848,251,922.87,7005.47
418,1607,1,11941,690,1546,3535,166,2987.02,8285.9
419,1242,1,11719,448,7115,3349,195,3438.77,5633.51
420,1682,8,10827,489,1004,1613,310,1431.4,4409.14
421,1950,7,10686,529,6583,2382,61,4875.85,4737.9
422,1665,3,11968,703,8376,3701,275,1119.09,2451.21
423,1928,3,10422,349,8517,123,402,336.35,5669.51
424,1896,2,11862,148,8661,2742,486,3826.21,5401.79
425,1853,1,10894,196,6248,1850,384,4763.9,2516.71
426,1796,6,11308,124,2844,1817,454,1783.59,4042.45
427,1395,2,10909,585,3739,1155,176,4319.72,6406.51
428,1796,3,10120,389,5337,871,45,3267.22,5132.47
429,1709,3,11781,56,383,3960,450,2765.84,4508.83
430,1960,1,11794,560,5463,4325,258,1307.61,4600.52
431,1978,2,11991,157,2600,3177,377,3112.95,3110.03
432,1699,3,11588,562,5607,3764,345,2267.19,7752.32
433,1604,4,11497,259,1068,3753,363,3513.96,6182.14
434,1196,1,11462,137,7750,1017,392,498.85,3892.53
435,1946,3,10018,309,5952,2563,381,851.24,2109.69
436,1804,5,11741,689,2628,3722,47,1623.44,9183.76
437,1173,3,11171,594,7515,1167,470,3668.72,353.43
438,1817,7,11845,88,6026,3614,35,82.05,649.24
439,1254,4,10455,449,2433,3607,82,4711.21,7652.49
440,1663,3,10594,79,8895,162,38,4210.08,7438.56
441,1582,1,11858,43,7876,2739,231,1719.14,7926.09
442,1930,1,11653,527,2185,938,424,1389.76,9458.93
443,1710,7,11480,670,6531,3695,35,2792.37,9289.61
444,1932,8,11329,607,1948,1219,266,766.72,4267.99
445,1033,2,10564,419,8078,1293,286,844.67,6482.55
446,1976,7,11908,224,291,3728,418,561.2,1304.19
447,1209,3,10442,215,5045,1186,397,1378.66,1217.46
448,1214,4,10926,689,914,1400,234,210.47,3198.11
449,1783,6,11870,368,759,50,425,325.24,5862.9
450,1939,2,11528,369,3674,1781,313,4073.45,7894.4
451,1268,5,10309,388,7232,369,323,1159.58,5378.98
452,1140,1,11789,333,4815,4725,298,4622.38,7871.49
453,1176,5,11755,566,3128,4366,436,4216.78,1076.13
454,1174,3,11559,504,2042,1719,407,1629.56,6565.06
455,1019,7,10926,156,8636,4914,253,3005.32,4535.83
456,1904,5,10286,160,997,1234,385,1554.84,6049.49
457,1230,1,11398,176,9990,4646,117,2555.77,192.39
458,1401,3,11620,690,9303,2413,82,3586.41,8311.24
459,1403,5,10687,466,4670,1756,450,3632.98,1212.9
460,1529,7,10010,47,1699,4533,381,3860.17,4900.22
461,1029,1,10388,612,1410,3516,345,1895.14,1318.1
462,1086,8,11156,114,4957,3996,317,2216.17,1944.28
463,1806,1,11536,408,6212,1215,380,2895.06,152.1
464,1623,4,10255,171,5811,1383,197,4708.78,8279.88
465,1875,4,11124,98,408,249,440,3517.77,6913.66
466,1301,6,11800,297,5191,1651,254,1397.07,4235.67
467,1971,8,10146,142,564,4420,296,2925.79,205.87
468,1605,5,11463,672,1042,785,365,675.05,791.0
469,1826,8,10326,446,6291,3600,223,328.89,7111.09
470,1632,7,11713,129,9729,3388,68,2592.43,3285.56
471,1789,3,11756,197,8355,4224,255,1881.23,7138.72
472,1241,3,10468,566,760,268,66,2361.44,9290.71
473,1296,2,10840,600,599,933,481,2495.82,4447.08
474,1385,1,11782,595,4668,1197,469,791.53,2733.62
475,1703,7,11498,181,8571,1584,139,3640.51,5885.41
476,1720,2,11382,573,4470,1714,57,1074.77,5826.17
477,1828,1,11884,484,2367,123,351,3262.41,3985.63
478,1121,3,10692,3,2405,4976,106,4950.56,1183.1
479,1564,6,11162,474,9081,2800,138,345.14,9776.12
480,1512,5,11447,518,9483,3357,36,3533.93,7557.85
481,1218,7,10795,217,7050,1301,56,3034.84,7960.9
482,1119,1,11514,301,664,3209,265,4104.41,9511.82
483,1363,6,10608,354,2347,3425,116,694.47,4112.73
484,1751,3,11073,440,2687,544,263,3345.76,2341.64
485,1257,3,11176,130,1658,2616,246,98.09,8081.32
486,1742,5,10742,580,7378,2467,101,1325.48,5639.41
487,1908,2,10116,540,1951,3431,461,582.66,1623.43
488,1630,3,10732,277,8257,4238,42,3414.17,5408.17
489,1464,8,11412,699,8752,1725,213,2845.33,4317.49
490,1934,2,10180,80,5134,4046,388,2215.01,5135.81
491,1292,4,10961,587,1128,3176,211,2981.13,4230.92
492,1659,8,11409,641,3130,780,467,569.96,5673.52
493,1374,7,11728,377,5077,1072,438,682.14,579.35
494,1377,8,10064,49,4445,2205,365,183.82,1799.06
495,1746,3,11295,449,4020,2635,63,363.38,463.14
496,1769,2,11008,477,7654,2833,351,1361.72,6669.65
497,1235,7,11944,76,9510,480,62,2908.72,3213.82
498,1920,7,11881,201,5139,3483,84,4105.71,216.68
499,1741,8,11015,9,7954,1097,347,3941.74,1891.82
500,1229,5,10418,676,8078,859,415,848.86,5656.25
501,1497,6,11573,708,4617,4468,277,1676.85,2584.26
502,1225,3,10707,82,8249,4144,310,3850.66,9042.36
503,1298,1,10564,306,975,1494,362,2001.88,1555.57
504,1418,5,10545,244,3909,1644,106,4081.57,8211.62
505,1991,2,10044,21,3884,482,119,2295.44,1116.19
506,1468,3,10362,307,7493,3840,62,3657.33,9722.96
507,1837,2,11770,158,8957,3970,158,4777.48,3053.97
508,1597,2,10503,683,4594,2197,290,4363.89,9454.99
509,1943,5,10724,421,5442,1371,14,2740.73,4564.9
510,1127,8,10316,625,9116,967,368,152.64,396.68
511,1294,2,11807,595,8172,3852,1,4896.33,3839.85
512,1242,4,10629,621,4212,1960,457,3732.7,6899.36
513,1689,8,10988,399,3821,1980,406,3954.21,2447.65
514,1667,7,11868,24,7659,2531,306,831.39,7652.39
515,1240,1,10184,598,5111,2767,189,2740.93,137.23
516,1312,6,10686,669,4415,3284,283,3955.91,9887.04
517,1924,1,11472,334,5457,1144,105,1108.14,9841.61
518,1323,8,10157,39,6207,2814,278,3092.24,1400.9
519,1276,1,11977,255,6398,4812,191,2083.69,199.65
520,1831,6,11446,382,4700,587,456,4906.51,1511.87
521,1477,2,10046,528,2767,1533,485,4595.97,4679.53
522,1813,6,10985,337,9035,3879,422,2170.19,3950.83
523,1351,6,11880,560,7017,4474,220,1316.12,2907.8
524,1005,5,11805,109,8370,3140,246,2521.95,562.46
525,1780,4,11260,440,2402,3732,78,1710.45,2255.53
526,1728,3,10333,494,4074,3961,248,3660.36,6291.94
527,1799,5,11338,513,8839,4358,84,3938.67,1103.16
528,1919,6,11523,639,6907,2540,23,1913.68,3758.35
529,1459,3,10319,604,9839,2705,341,470.1,372.78
530,1838,5,11021,269,1330,2439,248,1996.69,5040.43
531,1510,2,11535,392,3687,4844,250,2594.34,8601.98
532,1016,4,11678,192,9330,2222,312,2050.07,6201.63
533,1743,1,11207,302,8007,3265,283,4348.42,290.63
534,1082,6,11026,386,1468,3742,28,615.71,7816.07
535,1537,2,11275,200,4922,3348,462,2318.64,6804.23
536,1332,6,10058,645,8771,1712,370,1123.37,6477.43
537,1268,3,10222,228,3333,2381,39,1829.3,8497.01
538,1593,3,11272,383,9113,1476,409,1879.9,8759.54
539,1741,6,10484,219,4189,847,430,4643.7,2313.41
540,1888,3,11081,641,5342,187,427,4748.44,8941.83
541,1440,2,10609,210,6976,1861,394,4798.48,2500.28
542,1525,8,11350,661,2670,2228,460,4553.77,8493.06
543,1978,6,11920,646,2084,104,446,1268.14,6834.82
544,1333,6,11127,242,1609,172,216,1704.43,6313.01
545,1887,1,11409,132,3692,914,419,3005.22,5462.5
546,1066,8,11983,482,5259,4502,396,3961.23,2855.29
547,1001,1,10541,659,7889,2386,118,1261.04,6879.29
548,1232,7,11392,103,272,3057,10,4787.44,1603.36
549,1922,4,11409,98,4990,595,28,1837.38,418.16
550,1425,5,10710,158,4474,2792,470,3055.72,5001.64
551,1696,1,10042,3,2438,2019,92,2777.39,4501.45
552,1754,3,10938,683,8151,3841,155,3027.9,7836.48
553,1288,2,10277,539,3368,4376,462,208.27,4220.41
554,1625,2,11082,426,2959,4237,499,3972.51,874.99
555,1527,7,10515,576,9299,1274,157,4191.77,7728.04
556,1181,4,11216,286,1606,405,324,696.63,5075.05
557,1877,4,11468,105,9083,1796,70,3911.76,5841.72
558,1177,2,11547,313,8378,4653,78,370.58,5123.13
559,1425,3,10899,178,1634,349,215,3868.83,5131.95
560,1334,3,11535,136,2314,1116,493,4944.88,6829.38
561,1943,4,11599,365,5633,1949,9,830.67,2241.2
562,1499,6,11284,215,5430,4269,107,2657.87,2712.88
563,1651,3,10614,519,5845,1305,29,1124.67,8748.91
564,1081,8,10979,540,863,1822,19,126.38,943.12
565,1626,4,10212,29,3585,4276,120,1881.49,4814.29
566,1533,2,11141,327,2880,724,301,4582.16,1166.33
567,1381,4,10782,729,8084,4959,144,2132.55,1269.15
568,1807,1,11148,608,9260,4014,322,196.92,1983.28
569,1106,7,10928,204,4998,2915,41,1999.95,1303.82
570,1316,2,11291,475,6419,2212,367,597.59,1859.46
571,1856,4,10180,548,586,4130,97,966.13,8980.58
572,1525,5,10672,453,4715,2141,467,3514.72,9380.65
573,1056,7,11976,710,9672,4242,114,1119.2,1807.95
574,1654,5,11132,628,4060,3813,23,1565.99,5028.79
575,1172,6,10719,12,9666,4147,93,2930.75,7381.99
576,1569,7,10947,4,8923,2979,412,1539.03,3545.77
577,1716,2,11534,53,7158,4596,91,298.42,4833.64
578,1095,2,11956,14,5292,2351,425,3383.39,4758.46
579,1782,8,11932,479,2895,1455,152,4328.46,3432.62
580,1064,3,11110,704,3966,146,262,2888.84,3358.43
581,1633,7,11578,288,234,2703,309,3877.0,7691.31
582,1512,4,10694,370,3934,1738,356,920.7,3486.1
583,1309,1,11645,253,7305,3320,166,2365.33,6205.75
584,1771,5,10334,38,4795,1827,377,3799.28,6962.02
585,1817,1,10785,24,2463,3824,456,2547.0,2950.97
586,1227,3,11042,193,2684,948,287,1013.14,3609.78
587,1127,3,10416,630,4491,1964,274,1217.57,8903.64
588,1197,1,11516,691,1888,4342,303,2459.69,623.22
589,1427,3,11186,318,5640,640,449,2397.42,513.58
590,1388,4,10400,504,2912,1758,381,4225.26,6026.25
591,1273,2,11825,167,2924,4604,3,2670.35,3627.14
592,1610,6,11922,401,7390,4248,7,992.98,7385.93
593,1405,2,11377,648,3394,4144,24,3598.71,7636.79
594,1085,5,11089,406,5894,2320,23,1685.13,1228.88
595,1162,3,11890,704,3146,4293,414,3731.88,8496.31
596,1994,8,11242,256,1232,2424,330,2254.92,2507.04
597,1486,2,10025,496,8266,3054,474,1104.54,8620.06
598,1927,7,11572,325,2873,2896,371,3188.89,3271.84
599,1833,2,11221,722,9442,4533,437,2614.91,6459.04
600,1307,2,10365,390,6988,3425,487,964.48,7225.84
601,1127,1,11351,442,7222,4248,163,2619.76,797.39
602,1893,8,11825,706,6155,1207,450,4275.44,8825.32
603,1096,7,10874,87,7758,463,332,4087.9,7593.23
604,1255,4,10412,246,2222,2457,149,3492.4,3531.6
605,1656,3,11465,41,6647,252,5,3360.95,1563.63
606,1537,4,11575,245,4670,3300,183,3202.52,5978.0
607,1529,8,10398,7,160,92,301,2819.4,7405.08
608,1541,3,10630,359,7697,4423,65,4689.74,3823.7
609,1941,4,11812,408,3305,2820,20,703.86,9838.55
610,1790,8,11465,73,6332,996,281,1833.81,6923.38
611,1473,2,10971,214,7809,3066,263,4081.31,8483.06
612,1731,2,11856,168,6954,3966,388,4675.36,3850.19
613,1277,3,10371,328,4662,4631,441,1266.26,8488.9
614,1968,2,10549,72,2721,702,320,1075.93,542.52
615,1914,2,11436,90,2200,3131,416,3884.06,6588.2
616,1198,8,10888,355,4200,2209,6,4691.86,2661.92
617,1498,8,10015,136,443,1949,345,3635.42,5160.14
618,1545,7,11847,358,7381,3355,231,2477.1,8710.01
619,1024,4,11031,344,174,4466,158,4313.82,1167.16
620,1947,2,10396,499,1007,725,399,1938.55,9750.02
621,1348,5,11819,48,4827,129,317,1781.22,5576.42
622,1325,4,11408,633,1228,4883,337,3248.15,7369.46
623,1808,8,10582,357,4910,2548,113,3160.87,2804.37
624,1702,7,11889,673,1259,4947,103,249.03,5539.01
625,1956,4,11550,375,9733,2980,46,3587.86,7332.25
626,1056,3,10774,422,3607,1289,211,1791.67,5935.07
627,1381,1,11301,552,3521,796,127,2175.16,4710.05
628,1245,3,10412,508,2821,3322,449,3866.96,7010.21
629,1251,4,11467,173,9357,3715,373,4411.19,6925.84
630,1304,3,11217,694,7621,2521,75,4122.93,1574.43
631,1582,4,10592,601,517,3331,240,526.62,7718.97
632,1946,5,11909,6,4897,2676,301,694.16,9498.73
633,1867,8,11217,419,6412,4014,68,2769.33,9078.24
634,1615,6,11432,135,9751,4120,75,4874.2,3606.28
635,1504,6,11562,310,5482,1929,483,1485.98,933.76
636,1235,3,10604,449,4482,121,125,458.6,3669.03
637,1455,2,11138,228,573,2856,136,4155.55,590.32
638,1822,5,11777,432,6998,3686,312,1641.67,6410.62
639,1927,2,10128,237,4162,1486,9,1212.54,4972.54
640,1834,4,10712,304,8003,1141,220,2991.33,2102.25
641,1058,5,11071,506,1106,1693,23,2755.87,889.68
642,1811,3,11709,729,6789,2730,166,340.64,5767.65
643,1115,3,10435,570,1207,3481,65,2875.53,6512.59
644,1118,3,11749,104,1274,1488,383,3951.96,9693.89
645,1685,2,11845,295,5264,1305,60,3488.41,8696.62
646,1292,7,10137,423,2875,2836,180,2843.79,6298.15
647,1523,1,11103,682,337,3549,234,1562.77,2467.67
648,1361,4,11367,141,5798,4451,464,3328.07,7567.45
649,1193,2,11816,383,8195,3850,6,4766.66,8796.09
650,1616,4,10296,32,4581,2758,344,3527.73,876.12
651,1049,8,10231,219,2512,1169,337,1493.73,478.76
652,1760,2,11535,286,4358,547,269,947.61,5537.33
653,1923,7,11835,493,8394,2186,415,1309.4,174.94
654,1790,8,11792,631,9163,3271,128,488.63,423.54
655,1627,5,11562,72,8432,4775,362,2736.68,2831.69
656,1374,3,11274,169,1836,1187,297,4134.52,2227.18
657,1139,1,10797,72,4784,240,367,4393.87,4260.01
658,1930,1,10011,67,7308,986,67,1853.5,366.95
659,1770,1,10510,35,6012,1346,372,3365.47,1129.81
660,1506,5,11862,391,1474,4399,180,2149.47,5670.27
661,1525,7,11276,662,6941,2900,424,2749.93,1250.57
662,1139,1,11744,578,2344,2884,320,4056.25,2369.03
663,1213,5,10953,478,6380,3544,426,697.23,3129.51
664,1839,2,10531,664,2333,321,201,424.83,9221.71
665,1935,1,11060,124,5544,2543,380,4859.51,146.61
666,1970,8,11405,617,3801,4269,43,1979.85,8115.87
667,1973,7,11422,165,474,2372,351,2967.04,2940.76
668,1782,6,11071,676,821,251,301,1304.29,3831.51
669,1879,3,11190,617,8279,1734,244,1335.97,6697.23
670,1079,1,11595,59,2620,3784,468,1242.09,8331.66
671,1898,4,10201,41,4348,4046,188,2808.7,3236.74
672,1643,7,10036,401,9711,1804,82,3323.58,1044.04
673,1599,8,10047,438,5619,1697,440,3044.89,4521.94
674,1384,2,10866,695,1937,204,442,178.05,1972.75
675,1950,8,11581,691,9953,698,294,1907.91,3434.54
676,1499,7,10170,386,4209,1622,409,81.84,8627.62
677,1149,2,11096,124,284,3518,24,975.33,9804.72
678,1441,7,11761,337,7385,2056,58,1038.14,9202.23
679,1105,1,11150,720,3161,1821,453,2942.39,7823.89
680,1945,1,10217,538,8049,3569,391,734.37,4977.62
681,1991,2,10215,395,1176,950,254,869.03,9201.89
682,1368,6,11310,343,4261,1313,235,2929.05,3555.7
683,1959,3,10244,338,2926,3713,469,444.76,7498.16
684,1705,1,10038,634,6547,2650,459,4412.11,1668.24
685,1751,5,10436,652,2163,957,209,1021.44,7262.05
686,1961,3,11689,606,1872,3073,179,4122.49,5134.27
687,1624,8,11275,397,8269,501,96,3933.43,1465.74
688,1847,2,10461,240,5705,3710,493,64.24,1630.75
689,1550,8,10716,486,7826,4774,62,1282.44,7460.26
690,1526,4,11305,500,6497,941,332,1149.18,6046.67
691,1167,8,10603,635,5623,1106,229,3706.4,8845.26
692,1069,6,11158,259,9944,1753,439,3300.38,2975.01
693,1907,8,10817,649,1515,367,292,1712.66,8454.61
694,1463,2,11266,492,5829,1758,320,2213.04,2149.74
695,1957,8,10915,20,1363,3186,393,3399.68,4158.71
696,1770,3,11097,242,7734,1146,407,2141.38,329.99
697,1805,5,11288,126,9503,3661,200,4756.57,5769.55
698,1411,7,10507,428,8894,3318,489,1713.01,2534.76
699,1507,3,10112,217,1060,3392,407,1256.48,894.44
700,1528,4,11296,224,8626,2602,303,4920.49,9200.71
701,1521,5,10679,419,5854,1625,405,4881.21,3768.3
702,1492,7,10054,731,1742,1821,346,4471.99,8741.76
703,1127,7,10653,38,9167,2273,38,4968.16,3758.0
704,1700,4,11990,30,4730,2087,341,4469.18,8765.94
705,1483,1,11055,459,6772,1272,481,620.43,201.38
706,1932,1,10652,652,6163,4472,246,1763.52,3408.78
707,1242,5,10036,72,5801,1387,45,443.28,1916.21
708,1071,8,10744,126,3101,3110,468,2980.84,4741.3
709,1377,1,10201,642,7828,3542,45,403.76,3199.4
710,1188,1,11543,583,7185,1812,27,3716.96,3171.88
711,1367,1,11022,143,488,2025,226,1841.25,2709.37
712,1971,2,11904,477,6871,2802,371,3207.28,1613.37
713,1717,5,10093,188,611,339,172,4671.25,5916.4
714,1897,7,10502,297,2648,1817,179,1044.04,1347.11
715,1750,1,11133,375,7525,3855,192,461.81,954.25
716,1732,3,10826,632,5527,1238,37,4797.35,9745.72
717,1954,6,11884,239,6773,182,426,174.63,8759.08
718,1205,5,10959,234,4807,4334,119,2308.58,7152.74
719,1527,4,11768,148,4157,415,77,4084.48,7642.66
720,1905,7,10302,361,3525,3147,437,3357.19,6762.34
721,1893,7,11208,431,7402,3711,393,2661.4,9840.67
722,1183,2,11155,148,8389,4134,313,4234.48,5544.99
723,1199,6,11445,224,5243,3930,153,4375.17,1813.83
724,1741,3,11095,538,8796,34,369,895.97,375.86
725,1533,6,10025,459,3379,4858,98,4306.18,9773.86
726,1106,1,10624,111,105,4084,184,289.36,7778.47
727,1655,6,11271,240,5774,1043,363,4335.6,9976.88
728,1743,2,10196,33,574,4726,133,192.9,1972.69
729,1963,7,10920,260,2335,1123,298,349.98,784.02
730,1052,7,11477,21,9506,1392,492,1669.93,2222.01
731,1595,8,11266,629,8362,2771,161,870.65,9973.17
732,1873,7,10971,432,3405,3660,401,4271.78,1432.67
733,1861,2,11537,346,4825,4172,426,105.44,2794.14
734,1277,6,10340,44,8164,2331,125,2985.55,255.53
735,1979,5,11716,646,872,2138,20,1905.44,5391.83
736,1496,3,10379,494,2951,4799,134,4065.77,7557.79
737,1082,2,11531,678,6624,4365,138,4688.49,3485.61
738,1934,8,10214,678,3359,4734,479,4988.0,5219.17
739,1437,1,11291,32,3415,1932,101,1588.97,1112.38
740,1158,3,10223,695,3433,3053,294,4371.1,8521.05
741,1331,1,11946,272,5811,1197,82,1388.49,4602.43
742,1130,4,10266,573,1835,4619,451,4429.31,2156.28
743,1675,7,11620,93,1828,2535,194,3196.95,4701.74
744,1529,5,11413,522,6006,3393,237,3372.57,9334.69
745,1259,7,11460,78,1450,65,409,260.21,7725.43
746,1521,8,11769,503,3112,4358,102,2864.69,1547.59
747,1339,4,10269,423,6482,4128,423,3340.87,698.54
748,1220,5,11850,712,9400,3447,383,2409.63,7896.36
749,1137,6,11637,28,7411,3547,167,1588.01,1041.56
750,1900,4,10579,42,8708,3539,260,4312.18,9395.14
751,1122,3,10173,630,985,4858,222,4954.05,1636.88
752,1344,1,10856,414,5779,2853,325,1214.89,8160.29
753,1828,6,10756,6,5687,1726,257,2114.5,9609.65
754,1277,5,11935,296,6091,2628,99,196.39,9371.34
755,1523,3,10822,446,3154,3551,483,3998.05,3225.72
756,1829,6,11748,671,1707,4191,40,4906.11,3431.99
757,1808,5,10885,109,2930,976,449,3109.51,9779.67
758,1207,8,11072,224,4818,4302,216,3388.91,1442.32
759,1943,2,11582,336,6999,2154,155,4638.8,726.64
760,1758,1,11940,526,9922,979,340,4843.49,6562.28
761,1419,4,10392,93,5640,4541,276,1808.79,1177.39
762,1613,7,11692,325,3322,609,329,547.56,2284.24
763,1227,8,11382,711,3160,4483,350,2169.79,8178.92
764,1299,7,10614,468,9112,1313,350,3685.62,4326.07
765,1135,4,11631,179,9822,1232,90,2632.32,1936.97
766,1172,1,10081,311,6147,2627,0,1095.07,5921.35
767,1087,1,10016,391,6625,1022,359,2788.41,2782.91
768,1721,7,11337,638,8882,4816,152,3344.07,2039.02
769,1968,4,10904,403,9607,778,74,4144.76,9863.08
770,1524,3,11665,641,9813,663,67,444.27,8018.85
771,1960,8,11580,403,9095,1844,460,2765.02,5807.23
772,1824,4,10263,106,9488,2825,435,476.13,3399.4
773,1571,2,10797,152,3316,1243,374,4293.86,6167.4
774,1561,3,10796,373,3010,4607,48,2208.91,4780.97
775,1651,2,10851,515,7496,24,152,4251.19,5863.46
776,1458,4,11630,66,6607,364,322,2345.55,2016.62
777,1759,1,10731,433,6969,3597,127,2244.65,8926.43
778,1738,7,11317,492,8799,2725,327,3998.4,5522.63
779,1395,5,10017,458,9223,3593,266,2548.89,881.3
780,1251,2,11234,461,153,2124,452,2784.86,7282.7
781,1558,6,11497,27,4083,4197,1,2167.84,559.37
782,1408,8,11457,149,7673,4504,118,3176.86,973.7
783,1741,1,11896,507,2107,1072,361,197.97,4487.77
784,1798,7,11315,53,7130,4292,27,1496.94,5689.37
785,1972,7,10232,274,9099,4081,271,3260.71,3663.62
786,1250,7,11056,648,3291,2425,436,4712.93,4591.23
787,1074,1,10501,220,9561,259,117,1076.81,4324.28
788,1323,4,10786,710,3936,993,400,191.78,4438.7
789,1967,8,11789,652,2167,1512,397,3048.41,8652.87
790,1254,4,11584,213,5415,4066,84,2457.8,7031.02
791,1471,6,11566,721,5025,4266,129,3997.6,2279.68
792,1535,8,11878,510,5741,3401,439,1264.63,3130.76
793,1824,1,11468,297,5014,2949,224,4576.88,9390.93
794,1947,3,11261,101,4299,3787,195,1397.51,1808.83
795,1833,2,11382,712,9540,1820,29,3335.15,7041.08
796,1267,5,10281,525,4871,2499,218,117.48,6421.17
797,1633,2,11703,382,3744,1966,386,3443.55,5962.13
798,1181,1,10662,16,918,4323,500,3045.65,2375.96
799,1838,5,11304,557,3769,4642,398,4600.1,8740.25
800,1593,7,11092,557,3971,1807,277,3709.36,9107.87
801,1275,4,11879,74,1223,2471,94,2067.39,7047.1
802,1397,7,10573,294,2895,1448,322,4748.03,1461.31
803,1735,2,10011,522,354,1058,317,3019.14,7514.33
804,1940,5,11758,9,2991,443,153,775.18,5373.7
805,1635,5,10799,578,6919,1104,328,4998.15,1475.5
806,1777,7,10796,672,6579,3304,372,623.98,964.26
807,1319,6,11685,310,438,4589,259,3887.08,8704.44
808,1275,3,10116,39,6867,3079,420,4659.11,4987.82
809,1943,7,11111,395,8410,3989,349,4073.8,8466.88
810,1434,8,10315,49,4717,2483,448,2369.75,5204.08
811,1055,7,10826,134,3138,4063,189,1229.8,1115.81
812,1950,7,10323,568,8721,2264,363,1181.85,5922.7
813,1614,5,10039,362,894,866,432,4206.42,7921.24
814,1791,1,11913,374,2080,571,15,1248.84,5849.83
815,2000,7,10446,244,2881,2394,396,4808.66,4592.91
816,1557,1,11466,74,9115,1991,456,3050.03,4742.38
817,1901,8,10164,716,3595,4705,249,3959.61,6465.07
818,1237,6,10270,585,1762,4521,481,92.42,4455.05
819,1459,3,10491,212,6021,679,181,954.73,1551.66
820,1357,3,10167,201,6870,1241,91,489.38,5056.35
821,1339,4,10689,64,1270,1083,491,2183.16,345.1
822,1048,8,10600,480,4353,1558,304,4841.0,532.54
823,1034,4,11663,466,3953,1607,437,775.03,5995.26
824,1425,5,11089,316,1966,3150,266,4895.84,5114.87
825,1336,4,10693,612,3991,4363,309,2110.13,7914.9
826,1609,4,10558,5,192,2252,162,4467.9,3083.01
827,1672,5,10995,349,2344,2206,125,1473.86,1187.73
828,1862,1,11978,719,5625,862,283,3373.31,2410.73
829,1535,7,11837,200,3751,4616,391,1654.77,4883.98
830,1435,6,11263,232,8974,4702,490,1212.79,3933.83
831,1176,5,10403,254,4323,3957,253,2509.45,6344.31
832,1372,6,11464,682,5310,3537,142,2582.64,2555.32
833,1694,1,10721,567,9939,3477,189,4097.44,5881.78
834,1353,4,10717,343,2585,2790,71,2064.09,6358.56
835,1289,3,11171,240,2019,744,12,1090.63,5449.3
836,1116,4,11417,588,6196,2960,365,3485.32,4587.73
837,1115,2,11855,372,5737,4523,419,2234.2,8995.36
838,1005,3,11415,253,5715,2650,306,3686.05,1744.47
839,1795,1,10502,326,6454,1484,316,924.72,8663.38
840,1448,5,10146,623,9366,2493,98,4860.02,3622.49
841,1054,1,11608,21,150,4999,368,3199.06,9118.68
842,1412,2,11926,95,603,4069,354,3333.3,8714.72
843,1297,3,11358,319,5087,2296,119,4113.17,3281.88
844,1936,8,10256,116,9516,3983,234,3081.43,6616.94
845,1196,8,11839,586,2647,2790,119,373.2,388.93
846,1919,2,10768,330,5801,3033,272,2655.55,9486.32
847,1226,7,11512,529,2860,1356,53,2161.05,5895.71
848,1195,7,10144,446,5016,2443,433,3104.26,9087.89
849,1230,8,11823,508,8515,143,281,1344.1,5401.24
850,1246,4,10261,414,2452,2371,408,4363.68,6967.18
851,1369,1,11478,207,1694,4279,349,1300.69,2453.28
852,1949,5,11763,710,2764,710,325,730.89,1353.62
853,1915,2,11284,151,1032,388,97,1695.65,3874.74
854,1658,1,11321,674,5097,3687,104,392.67,3307.82
855,1442,6,11889,704,6735,1292,106,1269.88,6127.17
856,1812,4,11162,160,8171,289,252,3896.71,6968.54
857,1095,4,11540,650,3496,1855,387,3100.67,2154.72
858,1472,3,11835,644,6403,2018,409,1521.07,8199.14
859,1360,8,10629,301,9920,2672,399,4473.93,6601.83
860,1590,6,10462,729,9608,441,275,2153.47,1482.72
861,1208,7,10997,636,9857,4880,326,1898.62,8784.52
862,1556,2,10856,79,118,3648,496,3198.94,5965.01
863,1704,1,10418,35,2905,4483,128,1852.62,1063.11
864,1314,8,10221,328,5451,4707,486,2424.17,3213.43
865,1083,5,11490,322,4773,3563,443,1852.77,1505.74
866,1020,1,10838,299,2936,146,317,4262.79,8184.32
867,1469,6,10883,637,867,3812,388,4909.02,7680.37
868,1753,1,10473,571,1469,1255,140,2702.3,4390.98
869,1563,6,10962,197,3365,3208,328,3523.82,8701.9
870,1444,3,10245,554,9867,3552,485,1853.47,2194.34
871,1266,7,11104,555,8286,1049,158,3215.81,7287.76
872,1001,6,10498,281,6169,4225,322,2922.97,9606.54
873,1448,5,11528,296,1693,319,169,2903.43,4741.39
874,1082,3,11339,680,9351,743,172,3621.28,246.28
875,1143,3,11893,316,6730,2279,296,334.55,5078.08
876,1506,2,11012,16,6836,2115,25,3632.98,3477.12
877,1867,3,11305,385,9140,3770,454,844.96,4482.31
878,1283,8,10412,692,7746,1989,90,2065.92,8527.22
879,1262,6,11918,364,4283,4378,120,3934.33,7899.45
880,1989,2,11047,154,6072,487,432,2415.58,7493.23
881,1056,1,11920,362,652,1858,85,2469.09,6045.09
882,1051,5,11074,713,4432,1264,69,224.77,4412.13
883,1861,2,11623,287,8270,1233,310,1221.22,999.41
884,1979,6,10185,541,5114,3500,370,961.91,3294.98
885,1840,2,10258,623,3861,3267,411,4919.53,484.4
886,1871,6,11661,163,8989,3946,318,4616.73,2559.33
887,1159,4,10246,263,1676,4770,408,4879.37,3002.24
888,1013,7,10826,508,8893,3004,187,2743.8,5069.49
889,1195,2,10271,574,5862,4318,127,4530.27,2921.75
890,1149,7,10904,518,489,2157,113,820.66,5365.08
891,1661,1,10478,431,9025,2822,265,2659.18,5729.3
892,1414,6,11582,706,506,4486,271,3666.9,1300.73
893,1153,4,10407,717,3326,4728,249,3865.02,4855.6
894,1504,8,10936,706,1427,2176,392,4881.92,5178.27
895,1639,7,10312,431,9783,1068,301,4258.62,5723.91
896,1257,7,10522,726,189,1434,484,4393.55,4382.71
897,1617,1,11128,490,3471,2631,5,2038.07,5025.42
898,1695,8,11467,8,9598,3817,209,1582.41,8779.81
899,1824,4,11393,246,9292,4474,29,1120.83,3905.44
900,1856,1,11495,696,3845,3242,143,4827.36,8654.54
901,1262,2,10186,4,7726,4677,493,4738.34,6772.55
902,1794,3,10407,227,8161,57,316,1517.81,9347.96
903,1309,3,11143,91,5191,2534,155,2087.73,6395.3
904,1139,7,10520,45,8388,3662,447,4136.09,2616.6
905,1732,3,11519,321,5686,749,60,1509.27,8473.69
906,1587,7,10780,703,4444,1956,319,889.04,2226.62
907,1147,2,10024,677,7045,385,135,2618.95,2504.15
908,1065,8,11081,378,715,3963,108,3382.04,5914.09
909,1803,4,11821,430,115,364,266,342.84,6712.37
910,1970,7,11347,401,4151,2675,221,2935.13,6212.01
911,1247,6,11725,603,772,3375,128,1536.06,6681.33
912,1583,1,11910,451,1427,4667,403,2132.05,3852.36
913,1393,2,11385,47,2612,836,197,3201.24,1323.42
914,1702,1,11752,629,6042,1159,490,4577.15,5866.18
915,1514,5,11756,514,4924,3067,238,1986.78,1871.88
916,1442,7,11310,273,9325,2394,373,346.78,8523.45
917,1352,6,11691,22,3712,3201,204,1267.81,4710.73
918,1226,6,11171,584,6197,2668,349,3960.36,2467.21
919,1883,2,11098,123,1356,1807,460,3537.95,9446.72
920,1625,5,10381,552,5056,1998,362,2184.25,9277.69
921,1563,1,11041,327,3259,4640,413,2261.42,228.77
922,1034,6,10576,332,7390,2113,232,2114.26,3836.11
923,1421,5,10475,531,4915,2883,228,3239.49,8916.85
924,1414,6,10526,217,810,2197,412,629.72,3231.44
925,1677,7,10182,103,5407,1449,153,2560.38,8534.1
926,1427,5,11133,5,1801,962,251,1308.91,6952.2
927,1973,8,10930,202,2167,2681,359,581.44,698.96
928,1354,6,11924,408,5592,3115,437,4848.6,4485.98
929,1725,3,10475,330,4050,450,89,2779.2,7155.5
930,1083,4,11807,452,8659,4921,213,1189.96,9010.37
931,1316,3,11139,712,1995,2074,418,2334.28,5143.04
932,1515,2,11197,502,2027,2784,162,4930.55,7400.34
933,1803,8,10222,673,470,312,246,3083.6,1899.63
934,1642,4,10005,325,6604,4536,223,2664.51,2397.29
935,1351,3,11134,315,922,232,98,1297.41,504.66
936,1060,2,11979,532,8676,4988,138,1983.09,5185.87
937,1920,2,10634,671,6205,774,175,89.16,6580.1
938,1427,1,11435,619,5253,4236,172,2021.02,5380.44
939,1974,6,10519,464,9873,1605,93,2233.21,7489.88
940,1912,2,11818,649,2419,350,299,1945.7,6260.82
941,1704,8,10248,465,6869,2067,255,835.39,2762.7
942,1530,1,11254,106,5483,2532,113,2826.59,4723.36
943,1878,2,10761,311,8525,1440,372,1579.25,7518.89
944,1723,7,10250,563,9542,3652,203,2365.85,5263.32
945,1205,5,10721,454,7894,1607,223,1586.55,7901.21
946,1647,4,10960,189,6792,2191,7,4727.38,4914.19
947,1397,7,10327,250,2308,778,248,4262.29,874.32
948,1044,6,10576,453,5820,3336,182,4077.45,5496.58
949,1217,6,11396,522,3892,2775,268,2530.85,3978.23
950,1353,6,11111,495,1417,2331,410,1281.32,866.17
951,1651,3,11746,294,8354,3805,394,4150.29,3006.19
952,1365,2,10413,628,3780,748,275,352.35,4292.09
953,1138,6,10362,50,8875,349,7,3261.93,8982.61
954,1182,7,11499,454,3156,801,66,288.24,5079.7
955,1491,1,11701,533,3080,556,397,1240.35,2512.55
956,1798,8,11956,50,4060,3607,154,501.07,8861.62
957,1018,1,10911,496,4064,2525,361,3819.36,5524.27
958,1162,8,11857,56,1077,3517,202,2780.72,8153.55
959,1267,5,10545,477,7681,2121,229,2672.68,8930.45
960,1947,2,11268,496,277,3094,359,2976.13,7894.4
961,1380,8,10007,350,1719,1571,416,3087.81,4037.55
962,1135,4,10874,393,9407,1916,122,1433.19,3866.47
963,1342,3,11858,655,4080,4606,216,777.49,277.18
964,1157,5,11595,341,7204,3107,497,2374.4,7162.93
965,1306,2,10306,40,1553,2435,94,3324.96,6637.97
966,1314,8,10017,143,6295,1701,81,3360.14,1737.52
967,1723,6,10141,706,3198,4101,237,365.55,3454.62
968,1009,3,10142,383,8937,2762,462,2140.02,5729.75
969,1839,8,10960,518,3024,4229,294,4778.21,9165.67
970,1917,4,10934,637,2567,3683,283,3724.05,479.99
971,1447,6,11324,265,7700,4596,413,3194.45,5394.57
972,1028,6,11285,623,8498,2915,303,4834.59,1585.21
973,1509,4,10653,626,8923,2727,244,754.57,382.81
974,1092,8,10909,67,4900,3064,409,1423.05,4149.95
975,1464,2,11666,577,9200,1853,202,230.02,8861.1
976,1765,4,10368,631,233,3399,287,321.61,6595.46
977,1308,2,10321,489,5765,1956,215,501.86,8378.66
978,1898,7,10724,444,2154,2610,374,2297.15,198.99
979,1885,8,10069,546,5302,3950,45,2946.06,6750.04
980,1925,2,11791,200,3224,3399,415,350.58,1562.75
981,1873,8,10755,724,6287,4702,146,4302.56,9218.06
982,1572,1,10551,224,4898,1209,407,280.96,8379.87
983,1963,4,10065,364,1093,1912,280,2671.23,494.76
984,1784,6,11064,57,8815,1981,323,2426.55,3128.44
985,1601,4,11061,99,2346,1363,200,4691.21,2515.53
986,1940,3,11889,194,8213,2188,185,4489.64,350.23
987,1367,6,10419,444,4916,109,212,4770.64,4285.62
988,1024,2,10335,247,258,1243,301,3038.98,2660.3
989,1997,3,11001,714,2940,209,85,3192.55,7856.1
990,1973,8,11981,518,7850,4626,142,1943.15,3653.91
991,1121,5,10417,483,1572,4607,418,439.84,4371.99
992,1117,7,11477,474,8387,2593,450,2116.59,8367.04
993,1510,3,11136,524,2172,1096,73,2265.57,8841.94
994,1719,2,10056,619,5450,4701,151,3189.03,3102.09
995,1038,4,10279,362,4898,3972,221,1908.04,6121.13
996,1483,2,11966,485,7979,533,228,2711.45,1019.86
997,1818,5,11011,420,5973,3143,402,3853.99,5651.17
998,1354,1,11001,582,9457,3619,310,1807.22,7756.26
999,1126,6,10533,175,1762,855,497,4720.42,7520.25
1000,1912,2,11218,559,6631,4160,301,4478.93,2635.68
1001,1524,3,10665,648,9091,3375,240,1329.56,6304.69
1002,1230,4,10040,70,4301,1813,447,979.86,8856.51
1003,1576,2,10634,211,4299,1729,322,1053.29,9248.63
1004,1517,3,11790,39,7691,3802,416,3773.43,4311.41
1005,1532,8,10607,523,9460,3345,0,477.81,5970.19
1006,1545,4,10496,677,2181,4271,309,1311.65,2670.42
1007,1188,8,10552,550,5088,1416,355,1633.76,894.58
1008,1711,2,10264,491,9691,3071,19,4810.17,3903.59
1009,1420,8,11652,457,155,2867,106,736.07,5500.84
1010,1499,4,10993,336,4912,2450,164,250.4,470.02
1011,1075,3,10075,442,5906,593,113,3938.26,1431.25
1012,1110,3,11937,614,6877,507,455,1705.66,3854.4
1013,1874,2,11645,698,6998,3153,231,3416.37,5767.45
1014,1222,4,11777,56,3853,3814,413,3727.98,2918.38
1015,1594,7,11761,112,4203,3755,31,4454.63,4656.62
1016,1484,7,10400,556,3954,2165,192,2446.09,9999.8
1017,1933,5,11112,592,3872,4848,453,974.61,4089.31
1018,1952,5,10900,547,1431,3434,386,3741.14,8611.56
1019,1941,5,10632,114,9749,438,152,2818.64,5286.77
1020,1941,6,11916,521,2242,953,375,2414.98,7809.06
1021,1858,6,11324,711,5031,148,399,4737.93,7774.71
1022,1020,3,11849,703,1118,916,5,3154.33,2690.6
1023,1954,4,11738,578,4281,1326,52,191.92,6180.04
1024,1761,3,11419,208,8471,3596,360,378.27,1979.82
1025,1100,7,11166,621,2357,4052,145,2776.0,3629.97
1026,1422,4,11554,1,7027,1497,5,4404.65,3889.96
1027,1224,7,11256,368,2158,937,76,2837.85,9068.51
1028,1378,4,11452,413,9424,1077,102,463.8,4761.65
1029,1312,8,11562,696,3727,4599,131,2170.05,7644.12
1030,1687,4,11858,545,2182,3405,347,4419.28,6127.48
1031,1350,5,11109,678,6507,1212,450,1601.52,6989.55
1032,1492,4,10927,172,114,1262,132,4743.62,7340.57
1033,1812,1,11694,262,9784,3753,434,433.24,9848.73
1034,1772,4,10511,510,1445,3561,213,1895.33,6276.89
1035,1888,3,10941,157,1025,200,74,3591.57,3085.77
1036,1186,6,10387,428,4270,2510,350,3738.79,2261.95
1037,1253,3,11458,287,1497,3243,427,3173.35,4311.82
1038,1848,6,11039,489,9651,154,26,3391.96,6110.22
1039,1080,4,11000,644,5914,4532,288,1091.53,1570.28
1040,1436,3,10717,524,2648,1857,40,634.46,6382.89
1041,1101,7,11350,42,2227,432,243,4477.61,581.38
1042,1046,8,10649,613,5199,3751,238,2111.36,276.07
1043,1956,6,10192,54,996,1754,323,3508.03,3813.4
1044,1883,5,11832,40,8220,309,58,2033.91,5873.29
1045,1983,4,10547,508,2070,1520,65,1295.14,144.89
1046,1442,5,11578,723,6936,2495,192,3471.89,2103.19
1047,1263,2,10091,681,2612,2167,356,1495.93,2628.49
1048,1934,3,10168,614,4994,256,296,4380.01,7541.83
1049,1554,6,11149,636,208,1694,176,1050.84,5128.14
1050,1176,3,10598,551,2456,3064,201,3363.92,6829.25
1051,1790,6,10144,387,5330,138,348,1429.89,7720.34
1052,1492,6,10842,419,7858,4935,463,1908.44,8959.93
1053,1348,3,10940,82,7726,2278,161,3287.81,6154.86
1054,1322,7,11212,724,2660,569,337,3551.89,3208.23
1055,1768,4,11456,146,5376,4558,58,2841.6,627.83
1056,1135,8,10736,573,9229,615,45,1521.59,4668.35
1057,1351,4,11466,434,2940,4281,95,482.24,6383.3
1058,1080,7,11770,254,8762,3538,21,726.1,9273.53
1059,1936,2,11446,268,3273,4940,262,2516.16,2647.33
1060,1747,7,10986,655,8799,583,431,4296.16,3761.89
1061,1581,1,11973,252,4906,2847,309,1162.21,7045.72
1062,1206,8,10147,370,530,31,219,1735.75,9723.88
1063,1073,3,11141,233,5852,4713,50,949.01,4656.04
1064,1632,5,10211,354,5410,1922,385,2251.82,3570.37
1065,1202,7,10130,92,7744,815,465,2825.38,5344.91
1066,1541,8,10307,310,2464,1234,337,4627.44,5574.96
1067,1484,4,10880,555,5711,3116,174,302.82,5734.4
1068,1345,2,10412,530,2188,4940,308,700.44,9199.72
1069,1833,7,10797,88,5907,4267,163,3781.58,5023.07
1070,1519,6,10548,177,2832,4208,377,3942.72,5122.83
1071,1882,8,11456,674,8173,3788,469,3990.9,5574.21
1072,1829,6,11434,363,5330,4093,300,2518.65,7011.66
1073,1890,6,11440,596,465,2413,61,979.33,9646.41
1074,1495,8,10824,121,129,2164,124,924.53,6523.1
1075,1319,3,11143,546,4867,1251,282,4127.31,5189.5
1076,1376,3,11350,532,9571,4152,498,3403.87,9853.89
1077,1739,4,10653,108,789,836,113,1355.86,7866.57
1078,1823,8,11716,410,2311,1427,413,130.34,3892.37
1079,1778,5,11975,10,7502,1180,445,2179.78,5177.13
1080,1118,2,11656,463,3682,2722,430,4336.53,6709.87
1081,1791,6,10598,497,5400,347,235,3223.72,771.35
1082,2000,3,11251,373,5924,2488,187,1493.85,1927.22
1083,1245,5,11429,727,8168,278,297,2335.79,2974.4
1084,1427,6,11016,676,9057,4056,404,3054.5,6852.0
1085,1544,4,11137,223,2137,2724,38,3741.37,444.3
1086,1308,6,11074,399,3764,961,449,829.92,9759.42
1087,1430,4,11105,65,759,3223,116,3910.91,5868.6
1088,1779,3,11854,79,1904,3212,389,1610.47,3024.26
1089,1135,3,11466,101,8649,994,425,3644.26,8370.53
1090,1626,1,10733,45,6428,1346,68,367.28,4695.87
1091,1817,3,10938,583,8760,2074,151,1586.28,8285.42
1092,1701,1,11136,95,8894,4777,310,3777.59,7612.27
1093,1491,2,11888,391,9876,1759,469,3343.69,4759.79
1094,1562,5,11138,690,8433,1622,152,4694.71,3151.06
1095,1919,1,10565,384,347,2447,124,2337.28,7822.7
1096,1431,3,11438,386,3331,4283,106,735.38,8231.81
1097,1579,5,10680,421,180,382,14,1472.95,4429.14
1098,1013,7,11098,72,5261,3276,320,3524.4,9532.57
1099,1729,1,11800,46,1928,1605,265,711.02,6541.53
1100,1174,7,11590,689,5869,3917,393,3468.33,6856.32
1101,1734,2,10904,314,2823,4268,204,565.59,3981.75
1102,1275,4,10029,321,1167,3785,103,2303.01,3714.33
1103,1447,6,10663,374,9330,4942,240,4032.68,2085.01
1104,1446,2,11326,3,5248,3489,245,4436.96,9204.57
1105,1291,7,10290,444,7704,1996,262,2517.75,2151.71
1106,1526,8,11197,19,5922,3633,392,1531.09,153.46
1107,1013,2,10761,268,1974,253,202,2258.05,5532.7
1108,1279,7,10515,348,2687,325,364,765.46,2077.91
1109,1089,8,10301,720,1226,757,77,4151.41,4170.9
1110,1653,8,10103,121,8885,12,438,120.84,3459.22
1111,1011,8,10862,472,5641,243,485,122.83,5320.03
1112,1991,1,11477,37,5424,4896,399,1149.7,6504.19
1113,1271,8,10898,522,3542,3086,478,3628.82,2769.64
1114,1186,5,10589,229,753,363,40,3110.39,3568.82
1115,1071,5,11174,423,1731,1508,170,208.42,3121.1
1116,1274,4,11503,476,4532,2865,132,2873.92,392.45
1117,1275,7,10785,660,1098,3847,278,4009.31,1955.44
1118,1299,6,11831,585,188,2798,483,1346.89,7516.68
1119,1868,4,10173,144,9838,2190,288,3911.33,894.8
1120,1524,3,11518,516,8505,4150,450,4982.95,4528.98
1121,1477,6,11868,483,8316,2627,209,4747.46,7472.01
1122,1377,8,10018,9,7252,72,14,1630.65,335.97
1123,1489,7,10365,541,1266,4130,50,2794.31,5089.44
1124,1500,1,10250,340,1286,3045,413,4304.76,4653.66
1125,1802,1,11137,698,7619,1071,217,4894.65,5363.64
1126,1069,1,11983,13,4551,3886,137,4572.23,5427.96
1127,1360,6,10521,359,3504,359,313,3403.01,5680.55
1128,1132,3,10988,202,2771,3342,388,2053.7,2133.16
1129,1650,1,11205,65,9590,1483,234,4233.76,431.94
1130,1354,4,11847,216,2221,3859,326,1068.13,6150.74
1131,1417,5,11191,4,7698,3117,405,1086.26,5009.21
1132,1740,4,11711,208,8754,1067,223,2888.63,1071.07
1133,1118,5,10878,573,2713,4994,480,3913.72,2306.14
1134,1932,6,10474,343,7859,4236,209,1233.17,3495.72
1135,1256,3,10207,11,9183,1882,126,4566.09,4699.47
1136,1228,3,10151,673,8544,1342,177,1196.15,7186.53
1137,1937,3,11025,196,2676,4445,183,439.29,1968.78
1138,1298,5,11164,122,8965,632,308,4332.13,4305.85
1139,1413,4,11559,308,170,1188,294,1524.57,4219.69
1140,1945,7,11124,239,8691,3483,225,605.73,4438.36
1141,1206,7,10547,287,1001,3482,177,4359.54,6069.23
1142,1744,3,10224,76,1171,1941,86,2487.38,3768.53
1143,1362,6,10865,221,9761,3123,229,4182.99,8629.31
1144,1007,2,10212,730,2576,4063,275,1400.22,6634.99
1145,1780,1,10305,14,5192,2447,357,4450.33,2618.36
1146,1647,5,11340,151,9227,3763,275,2334.46,8426.76
1147,1776,4,11857,157,9020,1502,2,3747.77,2256.61
1148,1864,2,10736,410,4268,2523,15,4114.59,1819.65
1149,1235,6,11291,317,7944,410,91,3572.45,2424.36
1150,1464,4,11431,40,8308,2924,358,3234.51,4735.05
1151,1059,7,10339,556,7951,2759,427,824.55,6343.22
1152,1769,6,11787,98,3386,263,43,4671.55,8840.14
1153,1378,1,10011,515,3799,2914,162,1662.6,4496.13
1154,1490,5,11865,487,181,880,120,3616.33,6140.07
1155,1788,4,10375,401,3214,4900,349,799.93,3455.49
1156,1657,5,10263,378,7877,2453,155,2231.97,4738.67
1157,1423,5,10879,559,9994,601,77,322.6,4821.98
1158,1894,2,10499,614,3284,3262,244,2867.32,6825.22
1159,1078,3,10419,601,5881,478,413,1750.28,298.22
1160,1330,2,10550,21,2644,1433,449,1714.11,5242.07
1161,1765,6,10482,403,283,1195,220,4515.64,4407.22
1162,1625,8,10031,701,5160,2322,335,791.38,642.73
1163,1839,4,10869,226,5935,2589,113,1432.68,4124.08
1164,1855,3,11605,495,1936,1037,395,2830.42,2788.19
1165,1345,3,11315,500,5317,2135,464,1587.83,7029.92
1166,1316,4,10371,624,8074,4258,189,2985.9,7937.25
1167,1083,3,11882,591,217,21,371,59.78,3807.37
1168,1713,3,10929,451,115,4802,397,4393.59,4147.24
1169,1336,6,10125,558,3421,3357,444,2566.55,5839.69
1170,1825,8,11118,489,6793,3635,270,3861.59,5730.38
1171,1429,7,11493,694,774,3445,207,3670.74,2528.0
1172,1170,3,11512,414,5985,2538,93,3684.19,9000.86
1173,1712,4,11093,80,5601,2957,322,2900.07,4444.06
1174,1281,1,10415,245,4050,3024,323,1195.0,3990.3
1175,1719,3,11310,585,8997,1175,211,1421.64,9183.42
1176,1251,3,10537,551,2718,377,336,4956.3,4116.45
1177,1511,7,10336,44,3781,4187,81,378.35,6370.45
1178,1899,3,10671,528,2578,3586,453,1000.45,8657.75
1179,1009,5,10909,234,1071,3006,50,576.5,710.77
1180,1951,2,11489,82,6974,42,60,2637.67,6056.24
1181,1026,1,11190,52,7407,539,242,2960.8,2741.04
1182,1140,8,11324,731,7721,2062,307,2484.17,2441.08
1183,1486,3,10795,77,2333,4775,139,364.77,3360.45
1184,1193,1,10808,424,7373,1313,191,1703.64,5950.37
1185,1791,8,10141,255,401,3080,102,4071.52,8064.69
1186,1568,4,11382,334,3742,2340,346,4511.4,8443.39
1187,1467,5,11179,496,2051,2952,15,4067.24,259.06
1188,1235,7,11899,562,3365,3964,333,3959.55,5785.16
1189,1964,2,11221,270,2648,4420,68,3822.8,3441.37
1190,1501,6,10278,375,4135,2872,413,1867.19,4483.68
1191,1917,5,10001,598,3173,254,415,334.19,9338.54
1192,1879,1,11669,9,3364,4729,92,4187.56,7003.51
1193,1335,3,11547,385,3389,4131,245,2101.57,6315.44
1194,1151,5,10818,397,3014,3456,96,1053.58,7182.6
1195,1160,3,11815,187,3547,1549,234,221.67,5405.49
1196,1299,1,11468,74,2496,3531,482,3262.0,405.34
1197,1234,5,10021,687,6344,2012,330,3601.78,6527.04
1198,1371,7,11797,669,8834,2710,26,1490.74,8163.18
1199,1814,5,10924,564,1400,1084,65,1640.15,2725.32
1200,1195,3,10577,50,4904,2576,133,152.9,5108.3
1201,1361,2,11069,377,6866,4619,205,494.05,3577.01
1202,1568,8,10148,464,8945,3864,352,1805.69,4563.32
1203,1286,5,11236,333,9293,240,230,2865.78,8161.46
1204,1073,5,11937,610,7667,2122,76,1976.12,4392.58
1205,1396,6,11566,615,4201,4150,372,992.68,9129.69
1206,1983,1,11699,549,7179,500,404,2921.13,2956.75
1207,1900,7,11311,716,5157,3469,434,402.59,2533.99
1208,1774,6,11770,106,6453,292,295,2025.91,4719.19
1209,1664,3,10833,575,775,1752,43,505.88,5870.31
1210,1003,8,10448,663,5552,3431,119,3713.55,3831.77
1211,1274,5,11512,722,8499,3597,266,1907.07,9927.66
1212,1203,4,10984,99,3579,2300,326,713.98,3738.93
1213,1015,5,10595,81,798,1321,348,4350.81,4062.48
1214,1102,8,11791,514,8630,1434,107,1828.52,5600.27
1215,1169,3,11734,270,9683,1668,41,3597.99,6286.22
1216,1696,3,10378,342,8392,995,319,3232.08,5977.5
1217,1768,7,10071,479,1339,3731,48,149.54,8019.49
1218,1194,4,11676,74,1897,4393,285,3212.72,8943.51
1219,1594,7,11123,32,4995,3616,62,1650.33,8744.54
1220,1390,1,11772,257,7180,1492,245,2475.76,9278.66
1221,1606,7,10907,274,6157,1541,13,384.11,6355.09
1222,1577,8,10517,179,1811,4469,329,553.52,6627.16
1223,1809,3,11248,238,4942,3902,478,3735.41,7352.34
1224,1788,3,11865,629,5146,2302,18,1738.27,1927.43
1225,1350,5,11022,470,1268,2378,54,2508.67,3851.7
1226,1027,6,11511,302,6961,2880,458,2142.27,7060.37
1227,1765,8,11815,459,430,1871,272,1587.27,5027.45
1228,1371,7,10480,36,7099,2000,387,381.03,6303.21
1229,1133,6,11814,195,7327,4242,190,2399.01,2452.3
1230,1994,8,11360,249,8585,1118,303,1099.09,1942.58
1231,1138,4,10523,608,4280,3874,220,1024.83,5085.77
1232,1536,6,10963,352,3361,4883,404,4672.43,4973.12
1233,1800,5,10461,700,4561,3463,345,2367.02,5906.15
1234,1907,1,11436,267,549,977,358,1774.69,8232.03
1235,1652,7,11271,176,114,4082,396,827.06,9381.11
1236,1440,4,10003,582,1445,3065,353,1660.09,3678.73
1237,1260,8,10147,323,8911,3095,94,3985.25,4088.41
1238,1839,2,10896,18,5657,2678,355,1492.36,3822.02
1239,1783,6,10738,290,8066,4490,137,3657.09,291.29
1240,1560,4,11279,376,8682,2952,3,2222.28,1006.23
1241,1275,8,11875,473,8053,1919,112,1140.62,4392.72
1242,1937,3,10075,242,3460,1165,325,3684.92,9754.04
1243,1053,5,10950,553,9860,1058,468,4016.11,209.49
1244,1097,3,10536,94,1098,4833,200,3185.54,8750.85
1245,1025,6,10932,422,9221,1136,71,3000.06,5156.29
1246,1911,5,11965,81,7622,4827,488,1955.32,8614.38
1247,1454,5,10461,557,7988,3413,35,3994.81,2205.92
1248,1002,5,11996,179,4780,212,477,3641.34,3267.92
1249,1626,3,11511,200,4693,4538,42,4670.39,392.7
1250,1129,6,11303,441,6974,2462,80,962.51,7473.69
1251,1969,7,11999,28,591,952,20,3587.66,3791.13
1252,1354,8,10157,719,8106,2370,98,3520.74,9718.38
1253,1473,4,10879,253,7388,1713,100,1896.59,9622.0
1254,1806,5,11709,145,911,2913,147,2739.26,8083.65
1255,1448,5,11907,227,8282,3398,385,1071.24,1632.98
1256,1844,7,11959,551,9860,3065,63,4328.88,5172.98
1257,1605,5,11320,414,9514,3708,19,4207.32,7369.91
1258,1934,6,10740,659,746,809,190,925.55,125.13
1259,1910,3,11511,334,7752,205,457,1378.57,6802.74
1260,1582,7,10402,514,382,4654,190,750.85,3561.11
1261,1570,5,11347,432,6362,571,439,2628.2,6835.75
1262,1788,6,11988,447,8211,597,384,1388.9,8594.53
1263,1040,2,11132,490,5664,3018,226,3802.68,560.96
1264,1572,1,10645,31,5940,2936,394,2096.26,7990.42
1265,1964,7,11885,123,3512,1998,201,3192.27,3118.62
1266,1325,2,10267,465,8414,4011,89,3760.97,2139.71
1267,1944,2,10483,40,5161,3225,200,2736.89,6350.69
1268,1886,6,11987,111,3201,4711,325,2868.81,3689.86
1269,1251,6,10087,363,6743,2599,308,2603.31,4618.92
1270,1720,2,10902,404,5289,1861,190,286.97,7698.86
1271,1194,1,11572,469,723,4706,137,4590.89,1287.99
1272,1296,2,11642,205,7888,4402,489,3865.66,5910.2
1273,1824,5,11771,370,8637,3026,154,2689.28,4592.13
1274,1133,1,11312,65,7414,2273,279,798.24,9383.32
1275,1839,4,10257,121,7762,4368,84,1146.43,3474.24
1276,1090,2,11012,251,5601,3706,439,1211.38,8366.29
1277,1328,1,11078,463,4928,145,48,638.15,3280.66
1278,1471,7,10190,318,4961,2668,197,4499.3,8274.88
1279,1975,8,10378,700,5218,3498,266,4455.16,9153.69
1280,1588,2,11061,408,310,3914,491,4155.03,3295.23
1281,1960,6,11429,525,4939,480,26,2244.13,7841.19
1282,1770,5,11381,592,9879,3551,375,3806.76,4147.54
1283,1597,2,10067,25,2352,4882,162,4338.34,4069.89
1284,1644,7,11629,200,1862,874,234,4510.73,5160.48
1285,1289,6,10553,443,1432,424,35,2179.9,431.02
1286,1531,3,11792,436,3503,3663,212,3845.09,7396.8
1287,1960,3,10648,221,450,4075,243,2413.26,4700.42
1288,1614,7,10174,677,4437,3457,262,1252.95,6887.89
1289,1806,1,10687,16,1313,2530,366,3167.01,2208.68
1290,1731,1,10461,357,8402,413,346,2084.58,4474.36
1291,1824,2,10746,185,4442,3261,366,3873.4,7548.67
1292,1643,7,10067,555,8673,3341,236,1006.88,4111.02
1293,1704,1,10534,555,6057,4445,479,2122.27,6203.72
1294,1565,3,11450,180,7220,400,90,2785.6,4417.22
1295,1358,8,10596,440,1087,1700,351,3575.4,6009.3
1296,1110,6,10251,369,5987,4730,370,2211.08,8836.61
1297,1485,8,10696,185,1714,853,88,3234.16,3746.14
1298,1162,2,10748,299,1505,3762,8,4734.61,7897.6
1299,1846,4,10130,417,1064,4938,148,3098.47,7214.5
1300,1446,2,11622,171,3175,4541,379,204.69,539.81
1301,1210,7,10560,603,9026,943,220,2136.4,860.3
1302,1779,2,11919,164,301,3172,289,3385.72,5879.95
1303,1428,4,11528,543,5445,3853,168,4194.13,3731.36
1304,1883,6,11473,345,1527,3578,415,1296.65,4930.94
1305,1438,5,10755,609,8227,1071,10,2281.03,3668.91
1306,1348,2,10724,79,9050,3591,439,2884.23,905.19
1307,1651,8,11293,160,1548,2403,239,3825.99,6568.11
1308,1720,2,10435,85,8128,3110,443,3357.2,2366.49
1309,1643,4,10633,220,6505,601,198,1530.38,7402.91
1310,1900,2,10683,46,3968,2786,439,3016.47,4891.51
1311,1942,8,11434,214,6043,705,415,2534.6,4546.27
1312,1980,2,10943,683,2929,2015,403,2802.85,3243.33
1313,1403,4,10761,242,5396,3670,239,3412.62,5082.83
1314,1162,6,10409,613,7692,1959,447,1429.94,964.02
1315,1897,7,10315,51,7213,1604,438,1811.67,6188.84
1316,1085,4,10352,521,7932,4584,215,4119.92,8433.64
1317,1074,6,11625,270,5303,3513,170,3402.48,3713.52
1318,1540,7,11083,290,8805,4527,75,4212.05,2598.92
1319,1233,5,11812,622,6394,1930,472,1062.52,3749.32
1320,1817,8,11538,179,2385,3613,110,1522.63,5172.85
1321,1521,7,10499,387,6728,4955,62,2076.39,8840.71
1322,1528,3,10348,572,2737,556,180,70.57,1017.38
1323,1383,5,10728,443,8733,2346,409,688.8,4671.29
1324,1768,8,10454,513,7514,3641,253,2548.16,7330.5
1325,1047,8,11544,149,5196,1823,2,275.87,5168.25
1326,1949,5,10197,264,3566,948,274,4714.42,7060.25
1327,1586,4,10080,252,7936,2444,341,2514.02,9266.75
1328,1368,4,10426,445,9394,723,317,4926.19,3544.89
1329,1797,2,11317,683,9427,1435,297,3699.11,8174.95
1330,1979,7,11629,58,7186,785,159,2683.35,5853.18
1331,1186,4,10896,563,1778,3294,253,3450.3,7339.97
1332,1043,4,10210,483,4386,1638,409,4891.9,4769.58
1333,1692,4,10207,661,7146,1168,290,3622.91,3500.01
1334,1438,8,10520,584,7068,3402,382,450.23,9503.63
1335,1742,5,10066,571,3766,4200,94,407.61,672.54
1336,1458,1,10069,564,1662,1526,48,3335.93,4613.13
1337,1955,4,10843,136,9140,3378,220,1127.61,7499.4
1338,1415,6,11082,2,4275,3556,365,2025.44,4273.71
1339,1713,5,11339,206,6258,209,190,3769.16,9975.68
1340,1300,2,11676,333,8838,374,429,183.14,6189.55
1341,1366,2,11817,580,713,3974,400,681.37,3084.75
1342,1485,1,11916,323,2970,3903,15,116.02,4737.82
1343,1579,5,11768,653,7913,3023,395,251.01,7400.13
1344,1650,7,10727,404,5658,1833,48,472.24,9755.07
1345,1236,2,11266,282,1351,4796,490,3503.55,1064.38
1346,1003,2,10161,662,7197,3874,230,3988.21,9641.32
1347,1048,6,11270,625,635,2820,350,3193.48,605.56
1348,1383,4,10999,266,4040,2288,357,3807.32,8050.6
1349,1746,2,11609,660,6431,4546,209,4745.9,8334.69
1350,1111,7,11574,51,1654,2025,375,764.42,9802.48
1351,1999,7,11966,670,5897,4659,106,4253.71,9783.5
1352,1903,8,11888,276,5780,1739,368,4957.2,8564.18
1353,1410,3,11378,178,6161,2177,70,4543.84,4683.62
1354,1237,7,10369,415,7433,4646,19,3794.37,7346.41
1355,1695,7,11176,145,2101,81,40,590.26,9974.9
1356,1163,2,11525,539,3967,273,121,1789.31,6285.48
1357,1487,4,11462,224,3438,4916,473,3913.4,528.83
1358,1545,8,11416,37,6604,4686,302,59.57,9455.76
1359,1382,1,11345,256,6378,1549,112,2667.62,6155.46
1360,1835,6,11812,709,6020,448,51,3886.63,7515.91
1361,1278,5,10500,491,6741,236,65,320.81,5702.84
1362,1812,2,11543,398,4796,3410,106,399.52,2751.32
1363,1807,3,11228,625,7106,3417,218,3914.57,6028.58
1364,1952,1,11547,114,316,2349,209,3329.72,1392.33
1365,1101,8,11071,650,7263,4464,114,3186.91,381.12
1366,1137,1,10818,456,2558,4516,171,327.28,5566.23
1367,1444,4,11689,198,3052,4999,182,524.03,3614.74
1368,1553,1,10631,407,2098,4211,472,2055.53,4455.99
1369,1841,6,11383,177,7844,3804,240,1179.5,9842.06
1370,1383,6,11017,618,2794,4360,52,662.83,8403.32
1371,1430,1,10027,678,2306,4025,254,4243.23,4534.07
1372,1956,5,11464,313,9074,3391,302,2387.37,9339.27
1373,1352,2,11462,261,478,3660,337,4352.19,3861.92
1374,1668,2,10202,195,3729,2443,414,2325.96,2338.39
1375,1242,1,10890,664,7058,2452,265,760.71,3272.3
1376,1147,4,11523,554,6957,2193,439,4548.39,8638.12
1377,1239,3,10086,650,8539,1147,30,745.41,6654.34
1378,1383,2,11728,465,2398,163,293,1949.5,7303.08
1379,1510,4,11411,388,7293,807,291,1343.37,9536.75
1380,1679,4,10689,639,529,1687,416,4661.13,8959.3
1381,1510,1,10568,144,4356,4505,339,1831.85,4794.12
1382,1870,5,11024,179,5425,4190,119,1398.16,7278.35
1383,1070,3,11833,290,3525,2517,425,4715.99,1321.76
1384,1957,7,10591,705,7504,3188,329,3260.32,9983.3
1385,1245,3,10277,210,6466,2423,86,1977.95,7384.78
1386,1657,4,10602,495,3776,3803,383,1107.63,2804.39
1387,1393,2,11738,82,5004,2106,488,1085.34,1819.45
1388,1252,4,10011,385,8411,4633,145,3973.45,3568.67
1389,1024,2,11126,607,4641,1217,53,3017.88,1666.56
1390,1452,1,11026,247,8428,3925,481,1928.04,634.08
1391,1280,7,10027,113,1099,4323,237,4493.05,6017.6
1392,1133,6,10599,399,6940,4570,247,1050.38,7273.42
1393,1470,2,11749,63,5230,4483,10,124.5,3817.1
1394,1447,6,11560,389,432,20,114,4468.91,6174.85
1395,1693,7,10307,281,9668,4305,386,1572.52,3620.84
1396,1367,6,10156,284,5653,4665,295,487.82,5081.03
1397,1601,8,11252,115,8573,826,410,1624.52,3062.72
1398,1001,6,11800,369,6785,1376,145,290.4,8239.89
1399,1576,7,11703,692,7088,1710,95,3961.58,6602.44
1400,1597,1,10630,463,9219,3967,227,2874.82,4285.14
1401,1795,1,11374,200,6222,2208,323,2098.58,1417.88
1402,1275,4,10843,731,9219,2737,470,3401.32,9669.47
1403,1585,8,11655,185,8817,3279,126,1058.4,7977.94
1404,1426,7,10980,443,5806,2439,6,4063.72,2807.5
1405,1798,2,11542,67,2893,2774,181,383.14,8267.95
1406,1162,2,10129,388,6386,377,222,849.53,3546.5
1407,1556,7,11045,377,4529,3787,452,56.09,9937.84
1408,1331,5,10341,662,8780,1084,153,712.09,7311.45
1409,1421,5,10460,552,4249,400,244,4903.25,6789.57
1410,1915,7,11742,209,385,2258,486,4216.19,6796.82
1411,1345,6,11068,75,9919,1837,32,2250.24,8758.55
1412,1821,3,11880,697,407,1537,439,562.32,1459.24
1413,1033,2,11875,267,6485,1242,453,3445.62,8051.37
1414,1937,1,11927,100,1204,4673,436,1866.21,1171.41
1415,1669,7,10445,179,9030,484,60,1731.79,9926.55
1416,1681,1,11090,206,1466,2268,450,4265.12,9111.31
1417,1823,3,10408,176,582,2252,295,3461.48,3013.77
1418,1504,4,11371,99,5198,2967,416,3877.44,4903.78
1419,1318,5,11713,28,1275,3324,224,3642.38,974.73
1420,1854,5,11995,11,5179,896,309,3093.51,6113.85
1421,1481,5,10527,493,5123,2935,152,1467.64,7486.84
1422,1479,6,11983,319,9690,1363,128,1672.61,1892.4
1423,1855,8,10076,543,4038,3328,262,2951.51,8346.77
1424,1107,5,11984,718,7757,1798,450,2087.0,3455.67
1425,1190,2,11535,587,3628,4168,81,929.72,527.27
1426,1481,2,11691,56,8094,3131,487,1514.73,5354.5
1427,1453,5,11530,208,4851,4559,60,4957.91,630.18
1428,1679,4,11603,612,3406,3731,229,1420.87,3549.61
1429,1564,6,11813,29,749,2824,79,504.15,9672.82
1430,1930,5,11286,267,3967,466,32,4388.16,897.09
1431,1431,2,11561,13,2857,1980,217,3828.18,658.33
1432,1749,6,10984,488,8537,1779,203,727.39,6847.4
1433,1775,5,11732,523,673,3627,196,1552.7,2010.79
1434,1026,5,11030,293,3846,339,377,2658.38,2020.77
1435,1042,8,10933,340,1815,3288,350,293.61,7548.96
1436,1558,8,11888,567,7484,1458,116,1248.92,384.51
1437,1523,4,11289,431,9591,112,361,4952.69,8930.42
1438,1772,2,10228,222,6751,890,80,687.25,7887.31
1439,1040,5,10335,18,376,1102,413,228.95,2231.23
1440,1837,6,10937,469,5575,220,185,3637.84,8411.19
1441,1815,3,11401,219,5663,4273,74,2629.89,3449.06
1442,1097,8,11656,633,7652,143,394,1144.21,9889.19
1443,1058,2,11216,400,2928,4024,207,1078.63,4310.59
1444,1476,1,11436,379,7227,2493,397,2728.88,4291.5
1445,1903,3,11967,52,4539,4317,89,3680.07,7842.6
1446,1961,3,10058,243,7495,3835,16,1483.69,9918.28
1447,1664,3,11148,548,533,3172,236,2608.99,9450.92
1448,1408,2,11570,728,8190,4231,57,3326.05,3007.12
1449,1883,3,10198,237,3318,446,490,2567.21,9170.62
1450,1921,4,10992,514,6457,922,404,4249.57,5126.4
1451,1409,8,11868,587,4267,3456,355,2614.5,9613.42
1452,1425,3,11659,274,5768,3459,164,97.41,2514.4
1453,1142,3,10225,165,5972,1075,194,508.09,4366.22
1454,1057,6,11995,236,1913,3061,188,2260.24,7935.6
1455,1110,3,10851,643,4745,1748,182,2803.86,5059.04
1456,1643,3,10604,554,1981,3398,212,2985.31,1110.03
1457,1455,6,10332,731,4170,328,94,1927.58,7169.22
1458,1029,4,11393,723,2059,2689,341,2229.26,3920.38
1459,1748,3,11270,103,1962,278,106,1586.09,2756.26
1460,1800,5,10132,238,4240,2971,455,2281.08,4375.62
1461,1870,4,10192,123,4035,4033,68,2623.39,6473.97
1462,1769,3,11550,274,5073,4310,39,4809.72,6058.32
1463,1309,8,10448,643,7319,1389,453,4012.05,7410.44
1464,1115,5,10272,560,7939,833,9,4490.12,950.31
1465,1428,4,10891,7,256,1741,258,4345.68,9721.91
1466,1532,4,11030,696,8517,1048,374,4376.86,3083.1
1467,1561,8,10762,241,3055,1955,144,3930.29,176.62
1468,1910,3,11372,179,9695,3418,442,4719.6,8706.85
1469,1755,7,11100,99,6261,2407,156,2787.98,2970.41
1470,1548,5,11532,337,9468,1032,233,464.67,4257.68
1471,1360,2,10468,465,9452,153,455,171.19,9894.28
1472,1981,8,10573,508,4728,414,462,898.33,6130.22
1473,1081,1,10426,501,1826,4656,409,3991.63,4425.86
1474,1145,5,11220,443,2965,4172,152,3472.4,2623.35
1475,1567,7,10559,107,340,945,388,1678.65,2352.79
1476,1331,4,10203,616,3090,108,113,4951.12,7575.69
1477,1236,1,11167,553,2829,4332,305,4814.79,2263.88
1478,1205,7,10306,347,220,868,144,4539.61,2639.68
1479,1683,3,11120,600,8742,4794,409,2836.77,2287.05
1480,1781,2,10010,398,7073,598,16,3047.76,6282.29
1481,1837,7,11892,313,8428,4012,155,2646.77,8475.71
1482,1287,8,11125,611,6727,2060,243,1608.97,5919.53
1483,1830,2,10656,722,2039,2497,5,748.56,6383.89
1484,1843,3,10185,512,7119,3368,215,3709.12,1006.92
1485,1694,4,11808,32,1365,365,338,3504.67,8835.08
1486,1527,4,10440,673,6882,1147,324,3542.43,9898.36
1487,1162,1,10186,458,3794,3943,160,1741.97,4543.19
1488,1167,6,11721,302,3587,3297,432,3743.31,3617.82
1489,1804,5,11389,197,5556,3286,381,4615.83,4171.05
1490,1067,3,11534,597,6543,4820,343,2120.43,6509.41
1491,1367,6,11520,568,2209,3304,485,3338.45,5264.76
1492,1259,8,10466,482,6074,187,361,606.18,1627.51
1493,1192,4,10691,264,2970,1962,205,2002.43,366.38
1494,1654,2,10486,177,1662,2495,36,942.22,3826.16
1495,1667,8,10223,722,5849,4942,371,3984.47,2518.37
1496,1835,1,10514,617,9565,3872,44,3799.46,9182.21
1497,1167,6,11525,574,3457,4814,420,502.41,618.49
1498,1426,7,10350,226,3418,4214,168,598.16,9259.01
1499,1914,5,11716,546,1927,4287,310,1990.92,9466.81
1500,1827,2,11261,184,1187,1659,22,4319.52,3185.92
1501,1716,3,11707,430,8028,4959,15,3524.17,475.98
1502,1589,1,10118,630,1818,4574,280,2648.4,518.44
1503,1280,5,10010,403,3861,3287,233,2794.1,7717.36
1504,1242,2,11986,458,8662,1402,27,4780.97,9656.18
1505,1280,1,10211,71,9342,203,246,2282.18,6761.35
1506,1397,8,11761,513,4560,2003,228,3849.78,7130.03
1507,1841,4,11388,88,6938,2352,415,4492.14,6224.92
1508,1842,3,10776,70,2588,1319,170,4999.93,4204.09
1509,1024,1,10870,694,815,4463,336,3802.74,1877.2
1510,1994,8,11864,690,3840,728,392,156.54,7682.03
1511,1004,5,10485,427,6002,2101,485,1829.44,8776.37
1512,1767,1,10593,434,4072,1797,189,3991.2,8549.9
1513,1706,6,11978,454,7784,2258,131,2652.63,1691.83
1514,1924,6,10839,64,3908,4183,27,2972.45,5036.77
1515,1198,1,11381,631,3086,885,408,3678.43,5846.63
1516,1640,8,11026,420,2875,1359,20,4655.1,6738.9
1517,1152,3,11144,573,6299,1097,322,4830.55,6100.88
1518,1237,1,10601,482,7943,4679,33,2536.56,1525.54
1519,1282,2,11625,69,6643,668,199,3389.84,9941.77
1520,1749,2,10420,512,8412,4093,476,4547.71,9398.42
1521,1131,1,10042,116,7867,3321,49,3929.24,1210.18
1522,1855,1,10598,92,2302,394,300,1423.29,9732.71
1523,1050,7,11850,276,6947,4142,207,1626.0,3316.3
1524,1207,4,11393,90,4579,1816,487,1826.63,371.59
1525,1977,8,11321,729,5201,3197,423,346.63,179.02
1526,1345,1,11275,2,9906,341,210,1813.52,3671.56
1527,1705,2,11909,340,9932,1960,384,4643.15,6297.55
1528,1085,7,11838,303,1677,3803,187,3514.87,1238.98
1529,1152,4,10503,63,7225,4798,52,3554.72,7247.19
1530,1354,8,10557,552,5259,1391,226,1478.87,6793.18
1531,1231,4,10205,1,9600,793,404,3876.87,4973.15
1532,1523,4,10181,29,9676,325,38,446.83,6683.32
1533,1894,5,11931,265,9797,221,133,4839.74,7221.11
1534,1877,5,10918,300,4298,434,450,2698.96,5164.71
1535,1192,1,10744,676,752,1124,235,2364.26,628.39
1536,1933,7,11676,176,1607,3619,33,2006.42,2648.55
1537,1628,3,11012,129,5097,144,478,814.39,3557.58
1538,1441,4,10049,16,707,4075,232,2573.9,9215.75
1539,1349,4,11017,713,4041,343,299,192.91,3135.18
1540,1290,3,10952,380,7900,1330,338,1785.33,4549.1
1541,1303,3,11445,528,8062,2975,199,4625.66,9960.33
1542,1233,6,10908,660,8994,1644,138,1748.95,745.66
1543,1494,1,11009,271,3262,136,370,921.85,495.09
1544,1699,6,11547,403,1395,1987,175,3601.67,6087.38
1545,1398,3,10698,689,3194,4558,453,1101.66,2765.69
1546,1955,3,10022,227,6631,1849,447,741.34,6105.61
1547,1121,8,10209,728,3356,4476,215,3863.42,9863.4
1548,1948,5,11901,594,9543,4807,288,1514.7,4332.39
1549,1920,7,11830,596,9969,4031,2,2991.94,2575.2
1550,1837,5,10802,620,3376,4183,219,2741.34,1511.39
1551,1129,3,10409,81,4813,3969,225,1960.37,3712.2
1552,1356,4,11127,173,3006,4180,452,1917.7,1783.92
1553,1872,1,11421,592,1017,1266,142,3543.7,7276.96
1554,1011,5,11057,571,6302,2428,302,1410.98,9948.89
1555,1728,1,11453,555,1100,2286,60,1964.76,133.29
1556,1376,8,11217,221,8034,271,56,3435.14,2962.39
1557,1817,3,10745,624,425,3780,151,276.58,8862.5
1558,1250,4,11592,328,1743,2583,23,3727.92,4305.36
1559,1345,8,11756,438,8343,4349,169,4823.75,1214.54
1560,1740,8,11191,328,3488,672,345,4304.29,9655.57
1561,1199,1,10701,196,5517,2914,494,3952.58,5303.26
1562,1675,7,11006,415,556,3790,489,3813.42,7348.84
1563,1332,4,11268,631,5690,3025,14,4966.6,3189.99
1564,1816,6,10202,725,7337,1294,488,830.62,1565.23
1565,1098,7,11798,15,2294,630,51,4931.18,3791.92
1566,1037,6,10091,77,3061,60,212,1707.71,238.83
1567,1102,3,11837,722,4251,3733,136,1330.83,358.04
1568,1094,6,11543,271,6452,1578,80,4485.29,9280.5
1569,1887,3,10750,250,1112,1334,470,3580.27,1779.22
1570,1736,1,10165,399,4051,2775,293,1561.61,4127.1
1571,1072,7,10557,289,3004,1289,133,638.3,2138.28
1572,1172,7,10062,682,8884,1500,43,402.34,972.07
1573,1867,7,10140,133,3290,956,172,3869.57,7289.57
1574,1206,6,10466,40,9753,3083,131,3016.18,5451.01
1575,1834,6,10371,3,3902,1129,418,4683.42,8253.72
1576,1331,4,10986,533,8094,23,186,3667.4,8242.25
1577,1987,2,10161,24,9571,1099,269,4222.97,1136.31
1578,1775,3,10140,481,4462,2722,415,1777.33,5599.26
1579,1043,3,10182,711,9023,3326,304,4573.18,4915.63
1580,1604,4,10523,231,7042,2922,91,1179.7,212.67
1581,1352,3,11491,91,4136,2564,434,1078.24,1705.31
1582,1768,5,11554,47,2725,1203,123,3969.75,486.96
1583,1530,2,10713,313,2107,4395,140,458.96,5075.32
1584,1400,2,11834,137,9701,285,26,3852.32,6177.75
1585,1169,1,10026,623,5766,291,47,272.54,5374.47
1586,1911,3,10952,179,5610,1010,183,90.63,739.77
1587,1080,7,10652,477,9053,4912,368,2442.99,2117.28
1588,1032,3,10441,265,1168,4537,212,3292.21,1408.99
1589,1020,6,10707,13,4589,1878,336,279.03,5601.58
1590,1885,4,10412,253,8506,3881,126,2231.94,2377.0
1591,1960,1,10304,396,1520,3717,210,4203.99,6429.48
1592,1183,8,10693,101,999,3125,362,3579.59,1525.05
1593,1129,8,11355,498,2567,3925,269,4666.96,4085.3
1594,1858,3,11140,677,2527,4174,117,4228.05,781.14
1595,1756,7,11997,187,4379,3498,144,2196.21,1490.34
1596,1339,1,11906,24,694,995,478,2081.61,3078.99
1597,1768,1,11756,690,587,4363,101,1833.51,8198.31
1598,1301,4,10362,356,1333,2289,132,1965.3,7611.52
1599,1716,8,11824,571,1528,4991,421,1393.33,8880.02
1600,1582,5,11508,172,9871,1028,92,4788.23,3758.42
1601,1891,1,10408,228,7765,1828,343,3883.35,2249.3
1602,1628,6,10833,259,7296,1005,131,2961.19,6168.03
1603,1163,6,10543,121,9674,795,342,1183.6,8813.2
1604,1638,1,10911,436,4054,4901,428,4433.83,6096.15
1605,1227,4,11981,240,2433,1333,31,2241.84,829.03
1606,1949,4,10005,625,9901,667,190,2710.57,621.14
1607,1156,3,11035,316,1760,352,454,2414.7,6683.91
1608,1249,7,10395,709,3425,4136,252,968.29,5883.21
1609,1253,7,11218,663,4466,1492,372,2016.18,4602.44
1610,1708,6,11134,115,5495,3027,265,3240.1,3348.32
1611,1282,1,11996,585,8664,3740,134,132.71,7933.71
1612,1323,3,10539,482,9100,4299,162,2478.74,4247.01
1613,1136,8,11975,185,4428,2901,260,1204.21,9741.49
1614,1919,8,11942,127,6686,903,339,1653.54,3605.6
1615,1271,5,11226,501,3549,340,405,4140.07,1031.52
1616,1674,3,10973,528,9341,4916,292,285.3,4088.17
1617,1282,1,10407,695,4387,4912,299,2201.78,3322.49
1618,1137,3,10215,511,7072,1824,150,4160.88,638.13
1619,1158,2,10486,588,3752,707,89,2820.57,2009.95
1620,1004,1,11507,536,5391,1405,53,3177.06,3467.44
1621,1880,3,10044,256,1226,3885,195,4622.03,9677.59
1622,1999,2,10345,657,3100,4313,312,3213.57,1215.5
1623,1946,2,10440,342,1248,2820,20,3419.82,9517.52
1624,1098,7,11992,172,4917,2949,484,3482.32,5514.98
1625,1629,5,11404,562,9968,532,283,3574.77,5269.11
1626,1773,2,10209,229,6860,1938,484,3221.58,8827.29
1627,1151,5,11997,402,2552,2726,478,3145.17,9938.38
1628,1467,7,10257,47,8434,3398,284,2235.55,103.18
1629,1731,3,10938,317,9659,4123,408,2940.77,5524.61
1630,1558,7,10399,72,7156,3719,55,3240.6,7545.99
1631,1618,6,11677,699,3608,3302,444,1042.91,7669.66
1632,1488,1,10640,34,6134,1202,347,2276.37,636.77
1633,1641,1,11126,66,6367,4067,478,381.5,2614.68
1634,1317,4,11369,232,8900,3052,319,2158.36,6266.34
1635,1530,7,11289,716,2679,2276,14,4881.66,9476.58
1636,1578,4,11635,694,484,578,74,4182.86,5615.2
1637,1512,2,10327,322,8622,4912,293,1233.41,354.49
1638,1135,4,11762,577,8256,3659,487,4603.69,362.66
1639,1991,2,10161,127,940,4704,394,582.82,9680.57
1640,1005,5,10280,184,2078,501,421,1134.0,1232.86
1641,1555,5,11819,498,6945,350,98,751.41,8323.66
1642,1058,8,11492,523,8201,4549,222,794.39,8875.01
1643,1934,6,11974,570,7001,4422,65,4669.51,2527.93
1644,1063,6,11749,650,1531,2554,415,3354.22,8966.73
1645,1260,5,10986,634,3294,3550,10,4826.56,9853.88
1646,1620,6,10423,523,8167,4948,253,1873.26,603.48
1647,1934,2,11580,544,7902,4112,163,4481.92,8683.45
1648,1024,3,10138,338,6090,1836,169,2420.92,1093.37
1649,1778,3,11885,515,6034,4659,386,2177.8,7707.07
1650,1531,6,11994,699,9994,3755,284,1480.67,1685.38
1651,1607,7,11302,231,7776,3788,140,339.85,8697.01
1652,1614,4,11861,14,4358,2475,333,80.94,1218.5
1653,1421,7,11011,348,6182,2833,299,2837.2,5333.55
1654,1467,4,11436,231,9949,3071,138,2210.12,7479.01
1655,1723,8,11419,106,9508,3404,75,4100.79,3701.38
1656,1463,5,10100,511,5311,3834,301,2920.44,613.33
1657,1071,2,11738,342,8113,2743,279,1105.92,5753.59
1658,1702,6,11983,385,3952,4026,406,1828.99,9801.01
1659,1933,6,11078,557,5402,4980,235,3047.43,6918.49
1660,1036,8,10736,550,5327,4769,376,2326.28,3472.57
1661,1679,3,11521,730,1367,77,295,2585.35,7945.14
1662,1735,7,10973,345,658,449,337,3229.99,8811.21
1663,1133,6,11577,113,8021,1351,35,1198.21,5644.5
1664,1899,6,10122,232,6912,60,341,1406.44,1884.12
1665,1033,4,10941,250,3314,784,268,1727.79,8435.79
1666,1605,5,11621,590,2147,3486,400,4386.58,5336.05
1667,1297,5,10047,425,6347,2259,496,122.52,9371.2
1668,1185,7,11618,388,2501,4895,429,2105.67,5586.65
1669,1827,6,11202,318,8136,833,454,1054.57,5249.18
1670,1629,5,10042,312,6067,567,205,1985.04,8200.34
1671,1244,8,10904,482,4637,4637,11,4694.68,3275.17
1672,1143,8,11653,117,9854,488,213,1841.06,8479.78
1673,1782,8,11368,344,5070,3077,289,573.51,4342.04
1674,1915,6,10627,668,5187,2211,325,3301.07,380.53
1675,1943,8,11089,450,4228,2489,84,4117.92,1643.43
1676,1748,7,10461,43,2625,2664,107,4236.69,9433.75
1677,1543,1,10731,189,3909,4952,262,598.81,6027.54
1678,1647,1,10870,144,4886,3266,463,2636.45,8471.85
1679,1197,7,11699,272,8335,4179,453,2706.95,1142.13
1680,1673,3,10789,282,2678,2987,462,3386.05,5491.28
1681,1891,8,11458,175,4930,2476,12,4326.5,4594.25
1682,1573,5,10858,331,8974,1535,61,4381.81,8677.82
1683,1870,4,11699,246,5975,3875,268,2525.29,7334.72
1684,1623,3,11537,719,9494,3203,445,3255.8,953.97
1685,1588,4,10042,587,1554,3604,39,4185.26,9169.1
1686,1958,6,10387,498,1392,4998,22,448.13,3410.52
1687,1180,8,10303,312,8938,1691,464,1904.25,4160.93
1688,1692,6,10991,308,7716,4527,446,236.33,6273.13
1689,1931,5,10264,83,4742,279,282,3249.54,8399.99
1690,1359,8,10319,548,4985,4877,171,4738.36,2450.72
1691,1689,7,10174,429,6134,4506,173,1736.72,9345.7
1692,1004,7,11622,515,3691,3400,317,4942.03,3676.1
1693,1762,5,10608,492,4535,3673,182,4640.3,8691.31
1694,1885,4,10517,58,8591,3129,64,2514.07,2551.27
1695,1759,6,10553,539,5111,4516,59,1061.43,9556.11
1696,1555,4,11065,455,4439,2152,123,2268.53,607.64
1697,1662,6,11976,268,2949,1737,115,2461.2,1337.08
1698,1667,2,10009,422,6117,3572,185,4084.33,3036.46
1699,1767,8,11324,239,9924,607,79,1291.24,2423.28
1700,1798,1,11626,279,8542,4989,375,3876.82,553.61
1701,1060,8,10786,209,1520,2401,280,4306.6,9314.68
1702,1374,5,11622,311,1979,2343,257,4822.2,7898.4
1703,1265,3,10899,382,7329,3877,139,2205.67,1554.53
1704,1936,4,10006,592,2296,2936,14,54.53,9792.41
1705,1516,4,11392,591,3117,403,59,1780.08,6635.69
1706,1348,6,11594,692,9023,3136,9,782.86,8245.01
1707,1009,7,10220,263,5758,1016,43,2112.49,7430.23
1708,1375,6,10628,91,9886,993,6,3424.38,6740.35
1709,1205,8,11939,530,8954,3605,207,2538.92,2491.11
1710,1562,4,10333,382,2889,466,486,1083.18,9644.99
1711,1329,4,10593,417,7396,4424,288,1386.88,2241.18
1712,1169,6,11089,499,6409,3717,422,4978.37,3450.26
1713,1189,7,11448,625,4253,1130,110,860.8,6977.97
1714,1419,8,11413,281,9469,2128,492,1504.21,3379.29
1715,1958,3,11324,669,5651,2568,50,3807.24,5114.4
1716,1217,7,11077,165,6886,2663,62,3233.98,9718.02
1717,1794,8,10544,198,9099,795,410,4833.07,3553.64
1718,1433,4,11541,264,8652,3554,443,1767.1,8962.29
1719,1806,4,10495,674,2034,4230,263,4974.92,9072.1
1720,1758,2,11981,79,7962,4656,74,2855.24,3385.18
1721,1785,5,10805,633,7466,17,280,3037.08,5936.15
1722,1020,1,10211,73,7443,494,269,743.28,4144.09
1723,1616,3,11501,15,2167,4170,57,2657.45,5358.79
1724,1351,8,10857,264,6264,887,323,109.05,2594.41
1725,1865,7,10985,16,1694,4579,22,1889.58,7024.43
1726,1614,2,11083,597,9713,504,283,3099.53,4864.55
1727,1829,6,10992,96,5403,1474,342,362.13,3632.05
1728,1205,2,11799,30,2264,910,96,399.54,7591.53
1729,1233,2,11953,277,3967,611,440,1713.06,1824.42
1730,1271,7,10591,530,9405,26,257,60.24,5344.47
1731,1343,4,11685,132,8424,4422,336,1224.9,3085.53
1732,1732,2,10367,573,3850,1470,411,76.16,7413.55
1733,1639,1,11970,338,5477,4264,427,4552.32,5684.44
1734,1285,5,11921,700,653,2196,463,3714.82,2411.01
1735,1434,6,11067,45,9575,4754,227,1303.73,5547.48
1736,1877,7,11831,390,7853,3861,206,103.98,9854.95
1737,1831,4,11819,437,5642,3967,20,1597.0,4778.0
1738,1896,8,11988,128,138,1984,495,4206.96,3078.22
1739,1958,6,11888,585,1452,4672,42,2535.41,8595.62
1740,1270,5,11290,686,4931,1631,371,2248.39,7387.66
1741,1927,6,10035,29,7767,797,373,4271.55,7822.2
1742,1895,3,10745,574,2847,2224,268,1709.46,8312.5
1743,1254,3,11242,108,1592,4369,102,4775.68,2184.83
1744,1281,3,11972,627,2410,4639,318,3708.93,6219.59
1745,1011,7,10374,215,7932,2830,104,3176.62,8612.79
1746,1965,4,10529,618,159,1852,185,1501.91,3214.01
1747,1852,3,11280,337,5098,618,221,1437.59,3407.62
1748,1122,4,10996,9,2414,3917,238,3040.41,913.04
1749,1858,6,10832,242,8550,3775,375,2789.37,3584.12
1750,1779,3,11387,180,788,1017,232,1436.54,8861.35
1751,1417,8,11408,105,8492,2698,145,2035.02,3049.69
1752,1657,8,11524,342,7680,4777,19,342.0,3861.03
1753,1768,2,10797,421,3719,205,267,955.06,2866.16
1754,1323,7,11962,186,4441,527,82,607.92,1173.96
1755,1065,3,11659,323,263,4440,348,194.61,417.21
1756,1674,3,10899,165,5044,1670,177,327.57,5419.67
1757,1030,4,10236,305,3816,1885,27,93.79,2257.96
1758,1655,8,11938,354,6614,4385,165,1291.54,7791.45
1759,1943,2,10921,629,4082,4950,116,187.19,4106.97
1760,1076,2,11732,239,3991,1378,321,3520.27,9531.2
1761,1748,3,10964,469,8978,2598,357,787.99,9105.48
1762,1399,8,10008,519,7599,2610,433,2993.04,3219.15
1763,1754,4,10862,41,4042,2914,361,1075.49,9650.61
1764,1479,2,10742,432,2444,4497,457,4916.81,8598.99
1765,1744,1,10681,335,346,1694,167,1496.23,5326.46
1766,1471,1,11222,574,304,3191,51,1526.6,7772.08
1767,1179,3,10660,125,5557,1119,367,2132.3,9866.25
1768,1369,7,11617,559,7466,4534,169,4386.8,8112.41
1769,1469,7,11482,201,1349,1380,118,2451.77,4774.86
1770,1165,3,10890,225,5868,2368,271,2853.16,6480.49
1771,1237,8,10155,522,7763,911,454,1438.49,6056.5
1772,1572,5,11306,348,3517,1990,414,3400.19,3429.92
1773,1371,1,11089,616,7834,670,439,203.77,9400.89
1774,1726,8,11230,661,1485,749,156,3752.43,171.12
1775,1812,6,11747,8,172,4373,2,2130.55,5534.05
1776,1872,5,10991,153,1244,3944,461,4786.2,2954.37
1777,1453,8,11358,18,8304,252,29,4813.49,5360.87
1778,1629,7,11168,428,8544,4900,282,886.74,3542.66
1779,1735,2,10773,510,4073,3128,424,620.24,883.28
1780,1799,2,10380,638,4762,1140,9,386.56,6502.65
1781,1814,3,11229,438,4719,4434,76,4176.22,1167.21
1782,1132,4,11172,386,2640,3178,276,156.63,5324.59
1783,1299,3,10479,54,3639,3399,296,3149.23,6358.89
1784,1543,3,10381,451,4290,4671,443,4187.77,3330.42
1785,1402,3,10857,495,4369,2332,21,4845.1,1746.05
1786,1439,8,10935,315,4701,4093,343,314.92,5813.07
1787,1811,3,11994,159,928,1771,488,3520.27,7631.11
1788,1070,5,11531,176,3870,4376,80,283.42,5725.36
1789,1910,4,10343,183,3857,88,64,3811.17,1455.14
1790,1834,2,10992,392,2312,2749,341,4579.87,662.59
1791,1478,6,11529,193,5236,949,73,1606.4,8134.65
1792,1491,6,11234,46,3368,1828,132,4547.35,7977.49
1793,1846,4,11190,39,9598,1532,204,742.87,8627.24
1794,1891,4,11416,370,9348,1645,57,1755.43,6249.98
1795,1775,2,10527,715,7977,1208,39,2745.26,8168.33
1796,1835,2,11516,221,2577,1775,378,2506.62,7945.48
1797,1322,2,11765,549,4381,469,361,2638.65,6000.68
1798,1178,3,10005,652,2676,3117,139,1639.59,7752.93
1799,1821,2,10202,182,6270,4360,316,4116.41,6494.72
1800,1518,3,11930,393,5525,2024,355,4291.77,5714.47
1801,1289,5,11578,578,8865,671,9,3915.16,5015.76
1802,1363,7,11135,452,1512,3361,171,4966.98,1812.03
1803,1173,5,10028,594,9268,2363,86,3589.06,9441.42
1804,1147,1,11603,275,4782,1811,453,805.61,2450.32
1805,1801,1,10650,246,467,2153,1,3511.12,7303.35
1806,1193,7,10197,227,9991,1966,470,4729.26,9549.25
1807,1646,3,10295,648,7632,2815,451,4085.79,7389.31
1808,1460,8,10508,203,5175,325,451,1837.99,8397.96
1809,1537,8,11686,529,7134,4517,215,2448.7,5007.89
1810,1715,8,10516,96,5087,3908,54,149.57,6341.13
1811,1461,7,10511,122,324,4492,340,3252.62,5276.75
1812,1498,4,10033,454,2268,3935,363,899.4,1802.37
1813,1887,4,10986,677,8486,2517,462,3273.67,3346.8
1814,1673,2,11022,639,5286,253,37,4489.79,5241.97
1815,1309,6,11310,50,5619,1160,117,4202.72,8644.37
1816,1850,6,11964,98,4344,180,158,702.07,758.44
1817,1456,4,10639,299,4650,3033,40,1010.32,5867.19
1818,1791,4,10910,16,5457,4637,78,2942.81,3181.83
1819,1521,3,10353,47,4771,4463,12,680.25,1825.82
1820,1985,4,11611,606,4219,533,404,396.24,762.19
1821,1546,7,11547,223,9557,4103,190,1231.25,916.06
1822,1931,3,10897,654,8473,1540,58,2746.42,9451.57
1823,1442,7,11085,168,7419,1787,6,583.19,3367.49
1824,1462,1,10908,387,5133,4708,482,3274.6,417.77
1825,1190,6,12000,617,6021,3577,307,4356.27,4908.92
1826,1821,3,11936,648,5093,4132,19,4769.25,8117.3
1827,1536,7,10581,194,6985,4264,424,2081.26,9281.67
1828,1390,1,11630,478,9010,2424,377,3488.77,4519.11
1829,1257,8,11768,676,5331,1839,181,590.67,8632.93
1830,1094,3,10310,134,6293,806,264,1766.81,9607.09
1831,1717,6,10426,213,1335,3482,422,4277.06,8367.94
1832,1744,5,10183,44,2756,2176,243,4285.33,780.29
1833,1604,4,11096,68,4284,1171,237,3622.77,127.29
1834,1085,4,11420,567,3799,1730,335,2481.25,6624.33
1835,1916,8,10277,517,2301,3626,468,4109.78,5325.56
1836,1143,7,10092,386,707,3741,28,2059.4,9408.16
1837,1256,8,11738,75,6582,3060,428,2267.69,3394.52
1838,1250,5,10508,520,8000,3713,413,3251.9,143.78
1839,1551,4,11732,285,2594,2748,104,1225.25,4217.75
1840,1767,6,11758,521,5943,2002,130,461.16,7867.49
1841,1677,6,11615,218,327,4637,348,3483.72,2137.5
1842,1468,8,11086,555,4453,461,386,3569.89,5104.93
1843,1711,3,10807,126,1634,4298,89,1012.27,9520.26
1844,1139,7,11196,635,9455,1558,54,3709.82,8457.68
1845,1196,1,11848,480,4914,81,78,1899.7,3148.61
1846,1718,8,10608,227,1571,1708,367,1218.68,365.52
1847,1204,1,11530,235,3994,2785,79,2747.55,4319.05
1848,1496,5,11315,109,9548,3579,74,2219.43,5333.84
1849,1287,5,11417,698,1238,1125,287,2987.44,9121.64
1850,1033,4,11799,604,7152,1913,363,2971.94,8710.71
1851,1257,4,10997,661,9596,4036,267,1484.66,3805.86
1852,1755,1,10036,308,5714,2122,353,880.09,8888.12
1853,1480,7,10380,274,1092,247,383,4033.7,9549.73
1854,1082,1,10316,21,9984,3998,385,3480.27,8398.88
1855,1347,8,10225,306,8556,1521,195,930.65,4913.44
1856,1751,1,10458,523,7698,1863,131,328.15,8780.62
1857,1449,4,11273,466,2740,4701,481,161.96,5556.01
1858,1691,2,11764,73,7752,565,141,4200.87,6999.54
1859,1830,8,10280,344,2510,2384,496,554.53,181.7
1860,1323,7,10995,511,1445,2707,19,1574.96,2071.57
1861,1679,7,11730,206,6286,3979,444,4674.27,3031.71
1862,1740,5,11007,649,6455,832,405,1864.7,1914.2
1863,1016,7,11675,63,4040,715,187,656.49,6318.03
1864,1290,3,11552,110,4803,1045,375,1970.91,2659.38
1865,1354,2,10095,365,6208,2014,162,488.09,3312.36
1866,1534,5,10143,249,404,1844,234,587.21,3557.04
1867,1105,1,11139,522,6960,2820,99,1213.9,9139.82
1868,1417,4,11672,291,6415,774,433,3115.96,6520.22
1869,1132,8,10526,410,6197,412,171,2245.19,7268.47
1870,1004,7,10485,99,1203,103,446,282.76,4660.0
1871,1278,4,11085,385,3063,1818,3,861.62,5747.61
1872,1402,1,11804,279,8054,220,306,531.19,6209.59
1873,1825,2,10078,260,8146,619,114,1681.66,6960.76
1874,1275,1,10001,626,5682,161,279,2464.03,1551.09
1875,1548,2,10679,446,8505,1878,296,2297.26,2111.63
1876,1751,7,10155,45,1955,1912,14,2114.49,6831.39
1877,1014,7,11727,136,3217,1591,393,2266.47,5698.79
1878,1821,2,10306,462,3855,4664,138,4575.17,3945.26
1879,1462,6,11709,721,3318,2981,203,4098.11,5793.93
1880,1959,1,10438,432,2237,2114,273,759.0,2318.38
1881,1886,6,11847,663,180,237,464,4980.83,7708.62
1882,1890,8,11183,348,3640,887,431,2645.13,8400.16
1883,1505,3,11114,318,2178,4427,261,3291.3,6042.2
1884,1874,6,10804,292,7570,3981,4,1965.97,3335.2
1885,1540,2,11660,382,3840,1594,190,2014.73,1210.99
1886,1611,1,10153,483,7116,3829,347,973.73,7775.7
1887,1765,1,11656,148,7214,1989,33,4214.71,4277.62
1888,1724,3,10812,94,4736,2429,63,1329.0,294.97
1889,1715,3,10626,677,8868,3707,172,1960.29,6164.03
1890,1317,8,10806,138,6023,2916,411,2855.89,8800.69
1891,1152,6,11139,343,2968,4461,446,2322.2,1243.1
1892,1502,7,11306,731,3686,1953,494,4654.34,4143.25
1893,1307,1,10424,561,4053,806,269,1038.8,1460.1
1894,1768,1,11179,299,5055,407,316,1395.83,1848.37
1895,1963,7,11412,60,7560,3688,437,1818.19,8220.99
1896,1871,6,10235,486,5632,4082,416,2251.71,4832.76
1897,1918,1,10423,127,3546,3397,457,293.58,7531.52
1898,1942,2,10104,261,2173,179,350,2895.59,7375.29
1899,1656,4,11639,440,1271,3805,332,4099.6,749.28
1900,1058,2,10795,124,8006,848,200,1106.45,7143.58
1901,1425,6,10687,16,2927,1636,379,3936.3,1229.16
1902,1058,2,10694,331,4608,3196,212,2747.44,4583.54
1903,1988,4,10894,46,585,1799,199,4202.09,2137.94
1904,1203,2,11027,500,9745,1177,200,4936.7,9726.82
1905,1950,7,10483,204,1543,4272,322,965.61,6139.58
1906,1164,4,10007,308,9621,2956,379,3251.51,3254.59
1907,1223,1,11435,552,7811,1674,295,3255.59,2143.72
1908,1803,6,10712,252,699,414,65,3130.96,349.03
1909,1424,1,10086,451,4583,948,136,4871.51,4602.37
1910,1182,4,10897,563,2134,2567,30,514.94,4532.46
1911,1752,7,10278,569,8480,2613,232,757.83,4543.15
1912,1716,8,11392,370,4277,1323,486,883.67,5834.73
1913,1059,8,10557,588,6608,2579,451,4991.86,6044.26
1914,1254,8,10174,307,5360,2881,154,3697.82,5159.27
1915,1979,3,11974,634,8214,2125,497,4476.66,9930.6
1916,1457,7,10236,476,9417,2305,50,3869.3,2974.76
1917,1497,2,11217,234,9687,792,144,3520.28,3510.95
1918,1982,2,10139,199,8304,2136,161,4960.17,5674.89
1919,1406,1,11029,663,7201,3350,280,367.06,2640.32
1920,1609,5,11532,413,9354,4157,482,863.75,8814.07
1921,1893,6,10330,143,3563,1052,25,614.76,1110.76
1922,1167,2,11875,490,3243,21,400,2672.79,1394.65
1923,1228,7,10449,667,5605,2397,384,150.62,4839.09
1924,1326,4,10712,625,9260,1317,272,148.22,9201.13
1925,1236,3,11918,728,247,2991,31,610.77,1969.1
1926,1305,7,11814,612,2366,4673,252,826.27,9504.07
1927,1413,6,11090,583,3022,3513,1,1396.4,133.44
1928,1551,3,11641,171,9939,4780,390,3251.01,4370.63
1929,1882,1,10557,597,3268,4408,89,2485.91,9481.19
1930,1553,5,10762,207,6195,3236,423,2298.66,9024.92
1931,1925,7,10814,448,3230,4208,266,1411.19,5760.66
1932,1577,4,11759,679,8371,1066,25,2600.52,3614.26
1933,1777,1,10457,42,3265,1983,90,1012.93,9920.42
1934,1555,3,10780,43,983,4202,20,2694.68,256.8
1935,1333,6,11807,709,214,3336,152,1656.71,7753.3
1936,1729,4,11007,510,866,1691,199,354.45,8222.05
1937,1951,6,11133,83,9909,680,483,3708.36,6301.81
1938,1493,4,10469,698,2921,2565,129,4578.53,5879.37
1939,1700,6,10591,713,2999,2255,435,4136.1,6175.36
1940,1812,3,11782,144,2985,3723,149,1478.19,4204.4
1941,1949,8,10799,195,2957,2957,441,2653.12,6374.86
1942,1262,6,10338,9,546,2421,267,162.1,5167.07
1943,1543,6,10051,31,6976,178,258,4545.19,5147.0
1944,1865,5,11308,309,5496,1473,214,1113.68,1278.71
1945,1539,2,11018,360,7765,2705,8,3781.65,5982.45
1946,1577,1,11680,147,7689,3927,391,3872.98,7120.53
1947,1825,4,10761,721,7050,257,59,911.09,8956.28
1948,1584,7,11694,147,3387,692,41,1653.21,9226.07
1949,1871,4,11432,465,4273,725,442,2142.78,9466.09
1950,1573,8,11714,115,5704,488,173,1114.48,6620.81
1951,1848,2,10837,445,6995,3402,484,2424.15,5954.44
1952,1555,8,10492,270,6926,1310,383,948.58,7359.77
1953,1316,1,11793,712,5570,2743,425,4237.88,8845.63
1954,1475,2,11293,386,7494,2363,367,2046.29,8646.75
1955,1347,3,11385,105,2436,4535,39,1879.14,9137.49
1956,1019,3,10729,475,6199,2610,338,416.88,9089.02
1957,1270,5,10412,646,3397,4837,324,4615.17,553.34
1958,1835,2,11372,670,7611,284,491,1093.2,2515.19
1959,1216,4,10230,648,8303,3162,480,731.6,1236.61
1960,1138,7,11967,251,6306,1022,359,4582.57,9223.83
1961,1352,5,11845,164,146,3003,95,2057.0,1477.78
1962,1816,8,11592,126,2303,2156,379,3556.09,5520.62
1963,1984,5,11647,96,8693,3223,317,2530.91,391.33
1964,1915,6,10340,727,5826,263,324,1956.36,9307.53
1965,1792,7,11593,16,6849,4334,243,2117.17,2156.26
1966,1381,8,10616,582,6092,969,458,1760.83,1372.68
1967,1748,8,10313,285,4583,511,225,227.54,8102.28
1968,1841,3,11832,624,2510,4565,20,1632.49,2902.95
1969,1396,2,10149,137,2694,597,326,131.95,5906.63
1970,1254,4,10465,26,5167,131,201,3100.75,6203.49
1971,1706,7,10188,315,567,2118,141,3279.75,9791.52
1972,1843,6,11314,118,4398,474,436,1384.45,9841.3
1973,1041,6,11842,661,768,2275,304,2733.46,5419.31
1974,1237,8,10292,151,1626,960,391,1823.39,8706.24
1975,1382,3,10027,125,522,4291,41,1545.66,8107.88
1976,1645,3,10794,172,3532,1933,3,4566.66,9050.38
1977,1072,6,10803,620,8609,3090,188,2153.31,3596.75
1978,1037,1,10979,139,9069,611,165,597.99,4217.11
1979,1206,3,10487,604,725,1814,18,3921.92,4951.5
1980,1989,5,10151,546,9313,2689,277,2494.49,8035.2
1981,1258,4,11957,282,7982,1391,268,3621.24,4313.17
1982,1735,7,11247,655,8777,2539,189,2407.53,8040.58
1983,1109,7,10955,272,7217,2093,365,3730.44,8079.29
1984,1912,7,11910,174,6747,2902,460,2837.63,7086.21
1985,1742,3,10428,380,3389,4825,81,114.13,3120.1
1986,1793,1,10685,645,2971,3647,377,2249.14,2412.55
1987,1969,3,11581,164,7930,2666,194,4529.06,4752.4
1988,1271,6,10854,285,2775,3474,302,886.71,1642.22
1989,1066,4,11087,230,8866,4675,400,4461.96,2945.99
1990,1920,6,11623,430,5566,3910,452,2665.54,7668.85
1991,1598,1,11107,379,9059,1476,144,3688.18,6706.2
1992,1080,7,10470,423,965,804,4,3838.54,7916.59
1993,1854,1,11852,121,8895,3901,131,1281.55,246.68
1994,1533,3,11430,589,5509,2577,121,3536.1,6183.63
1995,1955,6,11131,714,2068,594,322,639.81,8968.89
1996,1795,5,10639,427,1294,2308,318,3706.25,3555.89
1997,1331,6,10932,362,6138,3690,147,2478.26,5470.13
1998,1889,8,11289,441,3119,971,12,282.45,9348.76
1999,1031,5,10248,50,9610,1436,211,113.9,5734.19
2000,1209,2,10271,614,9490,4195,295,1579.6,5977.43
2001,1476,3,10258,495,1060,434,390,4607.13,1688.11
2002,1406,6,11233,623,9528,3316,329,1786.68,6770.57
2003,1778,7,10736,725,9802,3425,346,3063.57,413.45
2004,1416,6,10878,438,3359,1671,58,1764.56,266.37
2005,1455,7,10516,632,2979,1642,144,1304.4,8055.88
2006,1972,5,11894,270,2961,2550,24,2019.64,4154.33
2007,1066,2,11493,293,8469,3063,403,2594.26,870.35
2008,1274,1,11024,436,7033,814,262,1531.66,2551.45
2009,1608,2,11343,554,6633,1683,467,3842.05,5501.41
2010,1593,7,10623,569,7565,452,352,3239.52,2178.76
2011,1551,3,11270,492,2246,2577,265,1917.62,6843.37
2012,1668,2,11824,726,5366,1030,98,567.83,6003.31
2013,1734,7,11441,288,6785,3861,424,4197.22,7998.89
2014,1756,8,11039,198,753,4523,406,362.02,6260.72
2015,1828,4,11147,160,5504,1552,324,1368.48,303.54
2016,1025,2,10824,540,5741,4984,101,359.95,2863.07
2017,1112,1,10491,481,285,807,113,1901.07,2991.22
2018,1008,6,11619,246,7695,3916,74,2087.55,5677.34
2019,1988,7,10359,323,6428,4712,220,2863.49,3839.05
2020,1321,1,11609,204,4991,2984,23,3172.17,7845.88
2021,1050,3,10175,656,2502,3094,350,2164.34,7384.85
2022,1082,4,11811,148,1744,3143,249,2777.54,9305.55
2023,1608,3,11515,56,4120,1309,332,51.51,9679.94
2024,1921,1,11417,482,6380,1369,307,2153.39,3663.7
2025,1589,8,10339,540,4314,3089,335,1974.6,4100.59
2026,1883,5,10691,147,2178,2557,401,2131.72,8416.88
2027,1690,3,10779,271,5596,2328,319,254.65,2145.69
2028,1575,2,10353,438,1632,3094,256,4298.15,1316.73
2029,1526,2,11359,328,1162,483,53,1593.63,3132.87
2030,1544,7,11649,509,643,2745,341,4665.26,1739.41
2031,1648,2,11243,710,5021,4869,487,2907.64,5985.99
2032,1500,3,10349,730,176,224,191,186.37,3032.83
2033,1550,1,10551,540,8343,920,177,297.47,5263.9
2034,1964,4,11507,503,1989,1508,146,1720.64,6217.69
2035,1266,7,11108,264,4054,1875,56,3548.33,5406.01
2036,1897,6,11629,374,7771,1334,342,4836.39,3212.25
2037,1565,4,11971,493,1851,660,183,2456.79,3962.45
2038,1893,8,11268,547,4114,39,106,1336.0,4923.54
2039,1334,3,10653,290,914,2157,296,4238.96,1322.21
2040,1952,1,10207,27,2238,3711,271,3885.9,5962.44
2041,1745,7,11988,5,9502,2567,156,3067.56,3670.95
2042,1754,7,10442,234,4786,4446,328,4503.32,3470.78
2043,1578,1,10100,259,8486,896,158,4689.22,1873.02
2044,1287,7,10287,181,3015,4994,463,3065.77,3984.86
2045,1588,1,10949,254,6548,1893,254,3004.08,5755.23
2046,1904,1,10462,112,6589,4555,225,2222.57,9990.72
2047,1348,7,10078,397,9673,2684,353,3193.58,8492.49
2048,1531,4,11644,549,1858,4694,486,2195.0,1247.23
2049,1180,2,11521,660,2234,2089,287,540.24,2742.05
2050,1498,5,10044,232,972,28,143,4580.16,1209.26
2051,1118,7,11233,698,9542,3600,412,3660.22,1530.92
2052,1639,7,10754,708,7211,4573,331,3140.87,8354.78
2053,1045,6,11363,544,4897,222,82,1391.63,4357.19
2054,1280,2,10784,248,9045,127,149,519.97,6033.54
2055,1933,1,10213,718,1155,4166,267,4257.51,9700.62
2056,1094,7,10506,348,2611,2782,122,327.1,6223.89
2057,1995,7,10067,111,4654,2972,59,1999.68,7104.69
2058,1293,5,11803,310,4602,1411,318,693.28,4630.8
2059,1846,8,11874,333,4473,3340,67,2485.5,5052.63
2060,1258,7,10611,99,8037,4017,340,327.54,1287.77
2061,1587,1,11919,52,4663,2836,396,4223.56,8480.08
2062,1971,5,10126,136,1960,3564,152,4048.56,6670.33
2063,1298,8,10258,654,140,206,244,2177.19,2264.13
2064,1309,2,11381,145,6319,1673,9,1698.18,3353.05
2065,1340,3,11347,131,7948,2257,66,3718.15,7132.16
2066,1016,6,10266,605,486,1095,168,2823.9,5489.94
2067,1645,7,11460,683,3314,1481,333,849.57,6957.27
2068,1130,8,11471,260,4271,2706,225,2534.95,4471.41
2069,1548,1,10383,559,6674,1335,405,2405.61,5855.75
2070,1086,8,10782,416,2285,1358,92,3514.22,294.13
2071,1049,8,11545,462,615,3876,64,3339.5,9125.02
2072,1065,7,10646,505,8460,2768,470,3446.97,9731.56
2073,1630,8,11276,438,105,1767,309,3078.3,6052.51
2074,1527,8,10791,488,7770,426,428,3666.8,974.04
2075,1747,6,10789,243,4921,4559,139,608.73,1883.28
2076,1087,6,11491,381,2713,1443,52,868.29,9090.17
2077,1578,7,10418,63,7865,689,1,792.44,3547.36
2078,1778,6,11036,590,4530,4564,411,1614.15,4703.8
2079,1656,4,10384,43,7007,168,220,3448.89,8170.49
2080,1209,5,11720,63,7854,3585,421,610.72,5103.84
2081,1522,8,11627,316,3398,111,387,808.24,4328.91
2082,1461,5,10557,355,5302,4255,375,2560.62,6123.04
2083,1100,1,11525,60,6790,4295,299,1257.68,4543.58
2084,1878,4,10650,622,9459,4548,117,3684.14,2915.31
2085,1307,7,10080,190,3105,2169,458,4206.66,7613.02
2086,1654,6,10873,689,4162,2417,36,1245.21,2927.61
2087,1344,2,11411,132,7784,4368,44,4626.35,3509.52
2088,1603,4,11935,353,8084,3410,261,2515.92,4104.71
2089,1736,3,10808,504,4115,1843,464,1713.85,6066.19
2090,1321,5,11916,538,2287,959,488,1827.86,8410.65
2091,1362,4,11559,659,7761,3974,279,3184.97,2870.65
2092,1023,2,11875,23,2605,3362,349,2955.85,9333.65
2093,1665,8,11647,400,8560,1055,387,4979.1,2174.91
2094,1628,2,10293,467,2869,3109,279,3796.58,5316.04
2095,1007,8,10227,33,7185,1533,348,4456.04,9103.71
2096,1431,6,10121,76,1898,3505,102,4928.86,7521.5
2097,1600,2,11358,149,8432,1196,472,3259.9,9235.83
2098,1510,6,10415,445,7448,1838,477,4163.97,8907.45
2099,1904,3,10309,541,4282,2765,331,2910.27,4284.62
2100,1969,5,10159,400,7405,3138,154,3195.96,3375.06
2101,1573,7,10886,540,2900,2486,255,1934.11,8123.86
2102,1580,3,11672,464,9736,613,261,2219.57,4190.91
2103,1074,4,11065,2,8441,969,199,4258.57,5240.0
2104,1412,6,11119,426,5778,4562,249,2028.28,733.38
2105,1888,8,10107,492,5981,2116,117,4951.81,2901.38
2106,1180,7,11387,563,1483,4037,264,2544.63,5992.39
2107,1477,6,11375,213,7151,2846,159,2993.95,6108.3
2108,1787,4,10961,718,913,2766,425,2185.55,6615.69
2109,1075,8,11423,428,814,4172,206,1375.52,2811.23
2110,1418,3,11131,329,3638,3127,143,300.77,7392.59
2111,1677,3,11084,151,6849,2677,251,1689.14,2707.13
2112,1733,5,11458,272,4988,1978,437,1080.66,2708.2
2113,1482,1,11539,443,3691,617,194,3696.64,8429.8
2114,1150,2,10780,116,5986,2615,132,292.7,3644.35
2115,1550,3,11571,253,8811,3295,379,4725.65,3864.06
2116,1876,4,10786,134,6877,2449,237,4945.38,2877.58
2117,1123,4,11548,617,8589,3507,323,3445.16,4094.67
2118,1537,8,11858,107,8657,3916,367,1352.86,5435.68
2119,1139,8,11688,373,6431,3770,132,639.52,6055.4
2120,1249,2,11886,688,270,3615,432,400.81,2595.41
2121,1135,1,10267,382,5725,4217,385,2631.25,9456.64
2122,1041,8,10205,109,4528,3225,172,920.12,5123.24
2123,1547,6,11568,378,1159,2515,333,2952.61,6865.14
2124,1615,7,11173,314,4388,4651,202,3956.96,442.38
2125,1232,8,10767,40,5878,2084,170,279.14,7600.24
2126,1096,4,10176,31,1777,312,193,254.84,7964.35
2127,1353,2,11927,191,467,1333,298,2348.27,4160.67
2128,1391,7,11681,421,4408,4870,448,1167.69,4267.68
2129,1761,2,11751,191,4438,2011,386,1649.85,586.54
2130,1341,5,11105,263,3168,510,271,3291.84,3448.24
2131,1517,4,10533,481,5338,1662,56,1066.57,9468.68
2132,1834,8,10977,81,1004,2060,329,1149.67,1348.05
2133,1856,2,11639,291,1657,2717,220,1949.65,641.91
2134,1251,5,10261,112,9907,2836,312,3716.04,3053.21
2135,1162,8,11779,576,8784,1975,280,3636.18,1922.81
2136,1380,4,11406,360,5499,4474,16,3315.22,6283.73
2137,1187,8,10406,38,5319,189,332,4678.65,7739.36
2138,1417,4,11229,253,6172,1243,431,3884.43,884.89
2139,1558,5,11247,543,5212,3671,256,882.47,8532.67
2140,1437,2,10394,71,9372,3784,381,1993.12,2403.89
2141,1140,4,11933,669,4967,4024,282,1164.93,5963.81
2142,1119,4,11256,71,1572,4868,74,2392.81,7336.92
2143,1680,3,11044,27,3632,1345,385,590.13,8988.53
2144,1020,1,11905,49,7748,3973,455,4573.37,3154.14
2145,1719,4,10493,487,3546,317,128,2480.57,1721.5
2146,1255,4,11415,404,7424,1387,315,1935.92,617.42
2147,1740,1,10871,229,2999,756,402,4375.43,1798.44
2148,1834,6,10542,201,2909,3179,248,4868.77,8541.3
2149,1180,7,11085,711,5071,2665,243,2737.6,4873.05
2150,1307,2,11390,86,8002,4971,418,1173.59,4274.81
2151,1046,7,10655,394,4938,2145,417,1977.07,5974.57
2152,1420,8,11350,28,2584,1793,192,2354.47,1872.43
2153,1965,7,11356,129,2949,3038,103,4791.28,2503.94
2154,1899,8,11457,28,7264,3826,169,324.55,6912.46
2155,1073,7,10638,229,7562,4286,124,2524.25,5864.04
2156,1599,1,10525,512,4103,3347,280,2962.04,3383.06
2157,1197,8,11797,116,1491,2758,385,334.93,5019.23
2158,1955,8,10191,662,1027,4802,67,4185.31,4538.57
2159,1026,7,10710,174,5559,3479,245,2392.85,5814.59
2160,1808,6,10185,568,3684,2481,51,4314.1,9595.14
2161,1991,8,10739,707,8548,2460,251,1079.05,7111.77
2162,1273,2,11594,625,4865,4540,474,680.41,4425.05
2163,1739,4,11644,338,9238,4520,251,684.18,2004.21
2164,1545,8,11233,221,4494,3120,57,2800.88,1124.38
2165,1513,3,11927,64,5526,1513,196,62.65,2640.92
2166,1665,2,11614,22,8815,1231,315,1840.83,2921.55
2167,1952,1,11242,4,1356,2613,17,383.21,6096.02
2168,1409,6,11027,657,303,1382,237,4633.59,8825.81
2169,1722,3,10774,354,5549,3429,155,4650.26,8377.26
2170,1591,1,10254,699,6291,2485,23,1826.3,3779.73
2171,1309,6,10897,348,9453,1443,154,216.58,770.52
2172,1322,7,10845,610,1301,4896,412,4699.92,1152.49
2173,1143,4,10816,408,5948,4206,330,1548.99,9952.26
2174,1059,4,10465,706,3028,804,159,4753.57,6945.17
2175,1360,8,11892,136,3209,4933,315,3155.62,5053.41
2176,1994,2,10411,157,1962,2502,168,3233.0,6293.8
2177,1266,6,10359,485,1953,423,180,2383.68,6705.01
2178,1892,1,11930,465,1350,998,76,3639.12,2937.45
2179,1841,8,10924,460,9674,4522,10,1692.86,6444.37
2180,1665,5,11649,349,7040,464,391,2525.86,248.95
2181,1601,4,10476,407,990,2607,419,4079.44,2025.49
2182,1214,7,11354,517,4679,2903,191,4726.08,7143.86
2183,1920,8,11721,155,4481,173,227,63.49,3434.0
2184,1978,7,10684,79,8329,3946,197,1548.39,5555.68
2185,1203,6,10633,540,1966,4371,471,2443.91,4310.73
2186,1474,8,10739,43,9258,3184,31,716.56,9046.93
2187,1518,3,11955,458,8073,2914,70,1000.19,8284.67
2188,1612,6,10216,205,4444,3753,451,4275.67,4601.96
2189,1377,5,11232,244,4689,1405,450,1754.93,2613.3
2190,1859,6,10444,396,4695,2044,210,4471.76,9511.8
2191,1611,2,10983,711,313,3710,141,2802.2,824.53
2192,1158,3,11810,626,9471,3631,138,2125.07,4808.68
2193,1365,4,10789,535,5623,2910,487,3201.99,2008.67
2194,1163,2,10876,167,6954,4295,307,4760.33,1516.49
2195,1279,1,11368,321,9292,2650,448,421.85,6682.63
2196,1696,5,10583,601,380,4038,55,2613.58,4310.93
2197,1942,8,11086,36,1515,2159,225,4711.79,6921.13
2198,1974,8,10739,206,792,540,471,2236.2,1396.06
2199,1442,2,11202,589,764,3254,152,3961.4,9368.24
2200,1297,1,11673,197,7969,2342,59,4721.66,5463.25
2201,1162,5,10699,382,9301,1199,11,3818.51,5729.4
2202,1624,4,11429,579,5311,2157,46,852.93,8096.6
2203,1739,6,11053,219,7597,777,4,115.19,8847.85
2204,1777,7,11411,6,712,2952,138,3984.3,2983.8
2205,1803,5,11554,303,4319,3811,287,355.8,5134.02
2206,1434,6,10165,676,6452,4294,406,2823.89,7719.45
2207,1836,1,11532,592,6062,4400,228,1330.89,5134.55
2208,1144,1,10119,391,5554,4282,172,4435.25,8898.99
2209,1452,6,10646,4,2577,2485,172,2628.42,4749.35
2210,1227,1,11537,196,7173,4495,419,790.94,2890.46
2211,1023,4,10620,573,4820,188,292,2055.66,4131.83
2212,1586,3,11748,363,3776,663,380,3047.46,4411.79
2213,1148,8,11654,677,2458,930,422,4963.29,1963.25
2214,1595,3,11039,44,3224,3781,274,4125.2,3005.13
2215,1371,1,10804,550,5084,2750,84,2226.25,6060.48
2216,1819,4,11022,179,2226,314,163,4959.82,7790.48
2217,1749,3,11718,704,4849,615,276,1401.26,8824.1
2218,1377,6,10149,457,6758,3160,415,1675.38,6630.72
2219,1023,4,10232,696,7811,4116,156,824.29,2271.51
2220,1336,1,11621,344,7526,197,410,520.72,7039.14
2221,1165,6,10699,45,645,1367,131,550.4,6408.62
2222,1754,6,10502,369,3354,4058,425,4813.75,8269.77
2223,1657,3,11643,69,1424,2629,467,2933.31,581.16
2224,1757,3,11717,277,4906,1163,386,3979.84,3270.44
2225,1582,3,10999,365,8852,2804,479,1836.25,3566.19
2226,1568,1,11620,722,3410,1290,373,3751.38,7651.86
2227,1510,5,11106,150,9194,2918,68,2070.91,3893.9
2228,1943,7,10941,158,5402,4525,460,3068.75,4290.44
2229,1652,5,10758,490,9262,3034,327,1082.29,1843.53
2230,1182,7,11430,329,8287,1427,470,2707.48,7595.36
2231,1863,2,11540,727,6399,1739,243,1490.34,5728.46
2232,1525,1,11276,102,594,2697,231,3572.11,9495.65
2233,1676,1,10436,615,887,4371,437,2089.78,2990.65
2234,1802,5,11038,215,3158,4088,124,1227.21,2808.91
2235,1968,8,11227,624,106,2453,472,4982.31,7451.95
2236,1138,2,11399,636,2966,52,197,580.88,816.15
2237,1757,3,11387,253,554,4295,77,3800.33,5435.07
2238,1824,2,10512,347,3802,4128,184,3649.83,5969.78
2239,1045,8,10666,509,2771,2435,36,1208.29,1089.23
2240,1542,4,11553,247,4118,2671,258,4322.5,4598.84
2241,1442,1,11025,154,3298,2425,466,110.55,1636.04
2242,1974,6,11577,705,3439,4239,28,1600.53,8282.96
2243,1279,7,11389,538,6868,673,275,4350.2,1011.85
2244,1792,3,11527,470,1772,4978,379,1601.55,1950.76
2245,1064,7,10553,586,3516,1199,104,1335.93,3913.75
2246,1510,5,11246,165,1632,4003,471,1313.66,3846.27
2247,1004,8,10313,615,1629,3539,254,1889.08,4642.36
2248,1590,5,10815,373,7307,920,296,602.18,4733.98
2249,1197,7,11606,521,9366,1602,430,2591.13,1977.78
2250,1481,7,10393,585,6234,2073,485,847.56,386.57
2251,1185,1,10494,512,9508,1084,270,2512.65,9947.54
2252,1311,7,10285,673,1576,4329,1,2196.28,3467.35
2253,1833,5,10104,33,5005,342,399,1722.75,5384.13
2254,1559,5,11476,198,3863,3479,223,4172.61,8381.53
2255,1556,2,11604,435,6550,1695,154,313.97,4371.85
2256,1321,6,11827,374,4213,1934,159,72.64,2300.58
2257,1888,3,11901,259,4742,2562,14,3580.78,6013.42
2258,1778,2,10136,363,6694,679,85,1709.81,8599.47
2259,1181,7,11722,488,4854,2801,256,3051.25,8242.56
2260,1511,5,11976,314,5327,1253,479,52.65,7943.16
2261,1256,7,10892,39,6143,4229,403,1973.09,8702.56
2262,1523,1,11891,404,5322,2217,44,2730.16,6226.92
2263,1019,3,11182,476,8981,4916,430,2227.37,306.37
2264,1082,1,11416,664,7764,3236,481,2000.36,1804.87
2265,1709,5,11375,378,3076,3259,258,2513.93,3561.73
2266,1603,1,11001,37,9719,4842,333,4464.57,7813.18
2267,1613,1,11714,36,4495,3948,435,491.82,2016.44
2268,1500,1,11304,14,653,1287,169,3509.29,3351.81
2269,1640,3,10259,102,9361,4900,335,1812.31,5439.97
2270,1557,3,10422,669,8250,2049,491,725.28,4275.98
2271,1772,4,10901,562,4479,1771,286,2117.65,8925.47
2272,1955,8,10367,94,3291,2411,176,362.39,1039.09
2273,1832,1,10938,520,7308,4564,385,2954.41,2237.47
2274,1940,8,11867,503,419,3049,474,4330.84,4886.92
2275,1279,1,10669,688,9247,2432,333,4943.05,9036.83
2276,1425,6,11665,329,3801,2721,169,1000.58,6547.43
2277,1269,6,10036,376,7230,4524,198,2690.61,8284.84
2278,1786,1,11932,391,5601,3940,202,533.21,1152.28
2279,1097,6,11370,140,4013,3406,54,269.8,4516.39
2280,1096,8,10743,717,3471,2163,425,1882.14,9057.74
2281,1955,7,11477,356,4776,2543,100,1890.08,8192.38
2282,1802,1,11873,371,7211,729,433,1274.58,6020.75
2283,1531,6,11881,115,7157,1676,364,3849.37,4752.78
2284,1509,7,11269,266,1580,1711,104,3361.83,4738.03
2285,1151,8,10434,260,7033,3750,280,1872.78,9861.05
2286,1089,8,11923,200,9426,1908,339,4988.1,5754.45
2287,1625,4,11684,92,7012,371,418,2946.76,9194.59
2288,1470,2,11289,342,6385,4112,135,1062.48,8012.43
2289,1692,5,10908,212,8347,4997,493,4444.81,4126.76
2290,1707,5,10250,419,4210,2231,304,2558.27,6154.83
2291,1283,1,10089,634,2456,3747,304,515.3,473.52
2292,1630,2,11724,384,2549,4902,243,3548.68,1729.94
2293,1300,5,11926,335,6602,618,281,1625.76,8418.36
2294,1665,4,10431,36,6996,4635,34,205.1,2320.35
2295,1169,7,10854,579,9383,1729,330,2435.3,9848.6
2296,1242,5,11174,217,3545,370,51,4376.26,2734.63
2297,1949,6,11010,641,7679,1476,181,2060.63,8274.68
2298,1462,5,10897,702,5611,1409,355,1224.29,1768.39
2299,1800,8,11565,530,7517,813,484,3303.32,2553.99
2300,1247,3,11917,175,4099,1369,335,895.19,4358.76
2301,1551,6,10747,307,3205,2145,409,4472.37,4355.54
2302,1416,2,10770,369,7405,4614,470,2669.31,1632.91
2303,1313,5,10107,588,1062,2515,294,3929.42,3708.78
2304,1393,4,11192,316,7579,4919,192,4517.45,6807.56
2305,1851,4,10757,328,1337,4027,287,1364.41,4727.67
2306,1694,7,11053,251,3838,4707,282,2474.66,9478.43
2307,1282,6,11517,549,8821,1204,41,2692.42,5411.74
2308,1924,7,11641,441,8627,1771,413,4268.46,7575.77
2309,1714,4,11889,556,2529,519,31,4590.31,9445.74
2310,1880,3,11374,613,6771,3069,467,4799.56,1265.45
2311,1144,4,11266,664,4604,2891,41,3197.73,1758.38
2312,1788,3,10832,202,7529,4230,302,3072.74,7607.24
2313,1135,2,11535,28,7524,947,153,2983.53,8871.35
2314,1791,6,10739,233,8595,1800,16,158.25,513.68
2315,1644,7,11961,57,818,1229,432,339.29,211.91
2316,1707,7,11011,599,679,2343,219,1048.05,7406.54
2317,1447,6,10412,347,9797,2657,338,910.46,9199.37
2318,1477,2,11845,238,6256,1445,52,3620.69,2513.15
2319,1041,8,11858,160,679,138,137,3074.06,9822.89
2320,1637,5,11035,372,2095,2498,320,3722.89,6717.31
2321,1973,2,10405,658,6301,2394,482,2123.42,5594.54
2322,1911,3,11848,193,2013,442,10,3685.38,8498.34
2323,1728,5,10536,534,393,922,394,840.26,4287.82
2324,1568,8,10362,244,5727,58,15,1669.45,3898.62
2325,1448,4,11054,516,2088,3377,380,3179.79,2781.18
2326,1766,7,11060,183,3340,3350,469,795.71,4627.54
2327,1910,8,11006,27,5905,1622,152,1610.48,1892.47
2328,1515,4,10355,406,4842,3655,95,2701.73,690.37
2329,1316,3,11815,446,5339,3747,287,281.85,9184.5
2330,1255,3,11752,5,1464,2614,219,827.75,1856.34
2331,1210,7,10047,430,2719,518,279,3573.13,7472.93
2332,1780,1,11649,206,2500,3368,404,4940.23,5827.79
2333,1125,5,10015,247,2374,3524,37,395.4,2632.8
2334,1862,8,10563,243,6732,551,310,3912.23,1276.44
2335,1667,2,10905,256,4114,2189,47,4450.95,8542.57
2336,1379,8,11591,268,3742,1411,421,4090.88,7125.76
2337,1139,7,10707,421,4657,384,282,830.3,9752.79
2338,1496,6,10158,218,6930,3792,309,1808.58,7998.18
2339,1509,6,11473,27,4061,1590,449,1450.3,1129.37
2340,1286,8,11486,624,3804,3178,208,278.13,7208.2
2341,1456,4,10665,392,1435,1948,449,591.6,7646.92
2342,1106,7,10810,559,485,3327,310,1875.77,3115.45
2343,1127,6,11294,364,2047,1794,56,4352.42,5101.24
2344,1338,6,11427,47,2058,1447,176,2396.18,693.52
2345,1471,8,11661,635,5066,4146,108,1086.62,2281.65
2346,1889,1,11370,694,5952,1027,132,394.39,7003.66
2347,1072,7,10612,163,6370,3635,365,2286.03,970.38
2348,1576,4,10214,632,9615,4630,451,1868.6,154.22
2349,1094,7,10362,599,3632,1840,381,4109.49,7859.53
2350,1725,6,11877,90,510,2056,182,1461.66,341.54
2351,1224,2,10174,660,197,2708,431,2621.54,1833.16
2352,1593,2,11156,589,6803,3736,474,2358.3,836.3
2353,1602,7,10038,636,3596,3802,116,1489.99,431.6
2354,1071,4,11056,357,2976,4144,259,2081.86,8651.64
2355,1862,1,11744,538,3249,1306,67,1047.75,7885.33
2356,1335,2,10247,157,9339,1393,408,1399.6,5269.88
2357,1088,3,11889,176,4964,799,445,3766.81,8620.93
2358,1853,5,11127,645,2966,4682,446,498.67,5075.46
2359,1708,1,10284,500,8723,2466,57,3852.75,4964.01
2360,1347,3,11261,371,164,923,67,1347.37,9863.02
2361,1972,1,11168,140,1119,4395,81,1533.08,5450.37
2362,1128,5,10047,649,3410,3444,5,3103.92,8647.89
2363,1822,2,10335,678,370,3791,64,2181.99,3139.75
2364,1329,4,10639,513,6390,3152,187,350.21,2927.09
2365,1695,8,11389,488,926,3377,75,676.95,7555.74
2366,1393,7,11735,519,2049,2711,149,3762.61,9129.13
2367,1318,4,10019,464,4839,1842,391,2293.14,7877.42
2368,1339,2,10900,300,5974,27,269,1007.38,5663.2
2369,1340,7,10337,634,3967,2523,278,186.78,2632.08
2370,1186,1,11387,427,2384,588,90,678.35,2762.09
2371,1517,2,11761,626,932,4615,458,3536.83,8294.09
2372,1175,7,11677,371,2348,1087,435,2235.61,9480.44
2373,1724,6,10590,126,8071,657,97,4233.62,1191.86
2374,1941,4,11822,123,953,1776,465,2282.11,1806.48
2375,1927,7,11609,32,3383,4382,287,1270.32,5824.07
2376,1239,6,10146,325,470,823,196,2812.95,455.19
2377,1233,7,10159,9,8744,1242,348,2893.51,4174.29
2378,1328,1,10237,337,4657,626,117,2041.81,8616.59
2379,1747,2,10683,255,1011,3909,247,2074.5,1060.47
2380,1626,3,11693,652,9069,2822,62,2457.67,1703.07
2381,1760,5,11878,536,2527,2055,244,3097.74,3200.59
2382,1883,3,11433,318,7920,1949,281,4508.06,525.86
2383,1188,7,10542,406,2621,255,249,3497.3,7711.41
2384,1143,6,11208,667,5671,4289,119,1890.18,6290.63
2385,1724,5,10664,175,6837,4950,281,4905.96,9430.17
2386,1470,8,10820,538,6305,2563,430,778.19,5242.52
2387,1974,3,11165,123,6391,3907,417,279.2,4763.24
2388,1766,4,11221,16,2060,1425,213,1315.71,2775.96
2389,1612,7,11225,674,4049,4411,420,3113.19,4294.4
2390,1849,3,11484,164,4016,1206,384,516.81,6623.75
2391,1113,6,10924,134,4744,4484,46,2793.23,1537.93
2392,1148,3,10521,719,4445,1166,192,373.66,2384.53
2393,1601,1,10938,404,7335,3176,282,4196.07,895.52
2394,1938,2,10475,446,7037,2574,185,309.73,6459.52
2395,1361,7,10463,426,9495,2420,291,3942.73,3768.68
2396,1232,2,11434,672,2099,10,333,3920.24,8789.76
2397,1043,7,10741,440,336,3224,9,3566.59,2315.84
2398,1469,1,10242,510,7244,4685,34,733.22,1788.6
2399,1949,5,10004,461,9239,3707,414,2434.9,4202.85
2400,1196,4,11397,242,1411,101,47,3626.8,7346.75
2401,1080,6,11057,101,3063,4386,341,4565.1,7689.87
2402,1084,5,10719,550,234,2654,380,3997.0,987.74
2403,1628,1,10979,610,1070,2520,109,141.64,1062.31
2404,1983,8,11354,170,5609,4641,295,262.48,5550.17
2405,1198,1,10226,156,1222,3070,252,2098.79,3172.28
2406,1118,8,10466,353,6023,2245,16,1906.95,7089.23
2407,1972,5,10338,678,2636,3187,468,3658.17,1270.57
2408,1907,2,10111,245,7476,4695,331,1405.56,7375.69
2409,1379,2,10370,554,8111,488,9,2352.47,8260.32
2410,1270,4,11961,439,1770,4187,228,1214.53,5357.31
2411,1110,1,11154,673,5432,2472,35,4886.13,9460.94
2412,1029,8,11698,75,9483,406,356,691.94,7837.42
2413,1295,2,10036,481,1012,4488,279,710.71,794.82
2414,1579,7,10621,86,5103,2546,185,4773.14,353.45
2415,1879,6,10635,428,2106,4152,481,2458.91,5625.16
2416,1990,8,11874,697,7571,512,439,2109.01,1764.16
2417,1739,7,10399,575,7794,3502,120,597.66,8255.44
2418,1928,4,11349,258,453,169,341,2944.28,3528.28
2419,1407,7,11458,650,2405,4702,276,1227.13,7054.74
2420,1506,5,10103,648,194,733,289,4660.75,1375.15
2421,1376,2,11799,683,514,2931,95,3096.59,4260.68
2422,1893,2,11232,591,3333,115,47,325.9,2752.57
2423,1828,5,11915,161,1864,285,196,2095.52,2844.91
2424,1546,7,10632,198,2377,3221,51,1322.94,3860.84
2425,1475,1,10665,432,7197,3121,164,564.46,8073.47
2426,1564,8,10043,480,4237,2526,430,2502.18,845.01
2427,1623,8,10936,352,8315,2340,216,644.39,457.53
2428,1003,6,11763,341,1925,3443,10,2801.18,2448.67
2429,1291,3,10675,6,2635,1469,194,3440.76,3258.91
2430,1483,2,11367,140,7353,3312,169,4254.16,6640.21
2431,1299,6,11586,91,4366,3944,420,3369.91,8390.77
2432,1438,7,10315,620,4243,1126,248,2485.04,382.95
2433,1554,2,11560,33,3731,3362,246,3448.0,6085.77
2434,1505,1,10014,704,1523,2039,275,2521.66,2530.14
2435,1517,8,10537,540,5646,525,222,4898.62,4220.84
2436,1270,6,10353,162,2758,4986,199,3070.56,6428.15
2437,1400,7,10173,37,6192,4306,121,180.82,726.85
2438,1628,6,10195,688,8166,4401,377,1917.63,8379.64
2439,1345,3,11138,179,9287,2903,141,2125.64,4315.13
2440,1491,3,10525,405,1579,3354,128,4314.01,4834.99
2441,1976,1,10117,415,5469,2854,172,1716.1,9526.29
2442,1523,1,11084,97,7345,3956,11,567.95,6404.21
2443,1743,3,10108,370,6452,1045,195,2709.57,9696.71
2444,1714,4,10789,431,7711,1396,426,1632.96,1192.85
2445,1297,8,10851,192,4382,3557,206,2998.39,9823.7
2446,1935,3,10743,8,5874,4792,115,1399.92,4302.58
2447,1238,6,10221,640,9492,249,190,2002.18,3215.03
2448,1763,1,10571,41,3530,2415,58,4484.08,8714.32
2449,1011,5,11095,303,6759,2401,246,4344.78,4529.05
2450,1144,2,11623,636,2961,1636,192,3933.51,6278.72
2451,1537,2,10633,311,8966,1865,86,3501.05,2525.27
2452,1793,6,11898,140,1927,1825,176,1452.63,2079.59
2453,1169,2,10051,495,2165,3193,206,2185.35,8087.44
2454,1079,7,11156,683,9348,3598,472,850.08,4809.26
2455,1291,6,10930,692,9517,408,32,679.18,3813.58
2456,1762,7,11774,434,7915,3864,122,2735.51,1791.58
2457,1500,3,10093,330,9671,1388,164,2248.02,4179.82
2458,1696,8,10760,4,6972,1266,116,1259.97,1454.46
2459,1838,5,10553,216,3700,692,389,1357.57,3384.46
2460,1344,4,10127,267,3220,54,308,3683.62,7164.67
2461,1550,5,11108,382,338,2753,50,3947.4,2381.53
2462,1316,5,10585,316,5681,139,24,2970.95,4171.6
2463,1958,1,11743,88,247,3817,295,281.61,3555.67
2464,1855,4,10620,181,8835,4252,402,2869.26,3372.58
2465,1875,5,10837,551,1237,4351,295,552.69,7685.43
2466,1399,5,10958,727,3395,1083,233,702.84,2408.07
2467,1274,6,10468,449,7647,3344,2,4189.35,2508.21
2468,1130,6,10893,246,3897,3262,351,4970.79,146.76
2469,1752,7,11623,384,3829,2159,399,827.06,6806.43
2470,1575,6,11381,53,7640,3597,128,3037.93,6592.57
2471,1310,5,10273,462,9423,1029,461,2984.69,879.86
2472,1472,2,10302,548,7750,3246,28,3761.46,7320.63
2473,1912,8,10733,241,7687,3670,269,550.56,7250.29
2474,1736,1,10526,612,9292,3417,229,2937.06,6565.64
2475,1986,7,11426,441,5916,3491,211,3526.49,4313.99
2476,1784,8,10684,380,6725,2045,448,4903.05,3264.38
2477,1093,2,11927,181,322,611,404,4518.43,1665.83
2478,1011,6,11511,216,7308,1623,215,4860.32,4616.44
2479,1925,8,10366,662,8025,1458,29,4240.69,8549.73
2480,1844,4,10835,141,3529,1125,180,3665.36,4604.35
2481,1800,3,11112,160,1416,76,396,843.22,3307.62
2482,1452,7,11521,355,1816,3173,0,3006.83,2912.79
2483,1735,6,10296,61,5215,2321,428,3467.65,6093.43
2484,1474,7,11355,574,4781,2718,403,800.47,5481.56
2485,1863,5,11243,354,137,1652,233,2258.88,3550.76
2486,1632,6,10742,440,9418,1927,249,3308.09,5529.69
2487,1297,1,10932,540,9424,2716,441,3519.68,2434.75
2488,1507,8,10172,40,5315,2422,352,2477.47,4874.66
2489,1411,7,11992,715,9940,806,331,1399.14,6300.83
2490,1859,7,10139,253,7628,942,36,1010.58,6821.71
2491,1606,1,11704,486,1853,383,447,4650.71,3537.27
2492,1860,7,10198,548,4822,2201,91,142.16,2307.18
2493,1553,7,11088,542,9806,927,142,4327.96,989.54
2494,1974,3,11115,318,349,3528,107,4351.19,6281.61
2495,1442,1,11587,342,1679,3374,150,4497.86,1323.91
2496,1167,3,10546,55,5297,3967,366,3169.22,2354.23
2497,1480,6,10764,109,5631,4113,275,2501.16,799.42
2498,1619,3,10628,332,7253,2354,94,2715.55,5320.87
2499,1717,5,11845,352,5473,3028,29,3478.57,3818.89
2500,1161,3,11248,428,5447,4673,356,195.7,2770.28
2501,1478,2,10487,99,9715,2807,443,3346.46,3792.95
2502,1411,7,11952,141,3141,4501,8,3042.59,2894.05
2503,1223,8,11544,697,2458,544,210,345.43,2263.17
2504,1698,8,10074,642,2734,843,243,2151.56,3247.65
2505,1941,8,10915,27,6216,4645,476,3579.65,2964.84
2506,1102,1,10337,598,424,4498,145,4102.38,2681.27
2507,1846,8,10448,674,6634,2637,44,3746.82,8802.46
2508,1170,2,11852,584,7899,2266,439,4391.23,2817.67
2509,1416,7,11868,372,8939,84,93,487.35,994.76
2510,1848,5,10322,384,8137,4964,155,95.43,1077.61
2511,1446,2,11359,94,9082,2159,331,1548.87,9523.48
2512,1099,8,11882,123,5966,4056,375,4127.97,1213.18
2513,1241,5,11629,76,6319,509,195,3978.49,1143.25
2514,1552,7,10405,269,9720,4959,394,1949.41,2597.01
2515,1250,8,10138,96,5476,4048,88,4758.75,1968.73
2516,1788,6,10513,84,3541,992,260,886.72,5463.95
2517,1245,7,10217,707,8960,3141,128,4329.11,4354.15
2518,1121,8,11490,363,8644,3800,269,424.84,6586.8
2519,1860,2,11350,565,9530,2487,258,1937.79,4303.99
2520,1154,6,10207,517,1302,2592,120,194.83,1333.31
2521,1734,7,10752,116,3854,1084,345,3953.44,1853.63
2522,1401,1,11891,419,147,679,27,1884.49,4314.23
2523,1509,2,11609,197,7563,3072,183,935.75,4278.78
2524,1851,8,11370,721,9470,3174,371,4009.89,1071.51
2525,1341,6,10631,505,4926,1750,70,1619.17,6390.57
2526,1508,1,11247,710,7703,4264,415,1378.51,6401.17
2527,1650,8,11266,444,186,3276,311,1241.73,8792.68
2528,1353,3,11923,65,1784,3802,62,468.57,6973.89
2529,1054,5,10055,189,117,4791,108,1369.93,1806.17
2530,1426,6,10192,636,9163,4304,212,2487.64,2632.82
2531,1945,2,10660,165,7650,439,350,59.91,4231.84
2532,1080,4,11581,608,9377,4283,175,1428.13,2504.36
2533,1229,4,11845,202,9893,3860,428,762.07,9097.13
2534,1929,4,10537,719,3075,1296,39,999.98,4101.06
2535,1295,8,11301,573,7704,2990,450,550.25,7844.98
2536,1801,5,11323,311,6838,2213,149,2985.23,1785.99
2537,1455,6,10438,341,2505,1654,75,270.62,1021.78
2538,1516,4,10886,149,9041,3256,440,2265.33,8933.0
2539,1747,6,11922,536,5089,2224,297,4232.93,3852.81
2540,1247,2,10311,304,5890,1322,429,2410.57,6561.86
2541,1998,5,11131,12,5868,2371,408,1329.65,3070.49
2542,1428,8,11111,47,3749,4223,199,4190.97,827.34
2543,1823,3,10755,580,5218,981,250,4312.8,6247.03
2544,1116,3,11417,686,3737,2899,322,1174.77,8786.09
2545,1035,4,10587,434,5429,4752,4,375.2,7228.35
2546,1110,1,10178,216,4743,816,274,3523.18,6750.39
2547,1260,1,11748,226,5388,287,365,250.19,4282.5
2548,1266,2,10060,590,5839,3909,473,1256.07,8482.95
2549,1307,8,10962,354,7822,774,495,840.26,7447.24
2550,1902,7,11123,657,4246,4588,239,3708.17,8506.81
2551,1357,1,11735,43,1510,2890,223,513.09,6932.14
2552,1787,7,10199,242,8166,2107,120,2766.46,9406.3
2553,1455,4,11358,138,6893,3492,236,1898.6,5987.38
2554,1331,8,10940,627,5222,4055,448,1771.82,8366.64
2555,1490,5,10800,582,950,959,211,1839.51,4444.22
2556,1587,4,11830,512,4494,537,462,2311.3,1357.61
2557,1334,4,11759,416,9126,314,366,2057.3,5710.32
2558,1866,4,11371,714,9366,3232,102,4791.32,3898.41
2559,1422,7,11340,656,8795,984,190,492.14,1879.69
2560,1671,8,10903,174,1128,2621,289,1300.79,8391.64
2561,1701,1,10553,247,5096,1227,227,4351.99,9603.31
2562,1101,8,11846,297,6302,4549,104,615.95,8159.37
2563,1944,2,11732,190,4953,3935,27,3827.45,8458.23
2564,1966,2,11960,489,4593,4968,290,1396.36,2017.18
2565,1147,3,11130,508,4691,3398,20,192.91,2212.96
2566,1662,6,10100,428,6339,4293,336,1645.7,4859.23
2567,1121,8,11592,435,4488,2210,155,1806.62,5843.03
2568,1055,2,10933,114,3252,4915,175,4455.82,6043.68
2569,1627,1,10295,509,6622,2599,448,864.87,5778.66
2570,1818,5,11074,610,8465,3682,115,878.68,4015.64
2571,1750,8,11124,360,8444,3178,415,3967.48,474.04
2572,1242,4,11909,129,9268,1134,94,278.96,4134.41
2573,1940,1,10384,203,6022,1302,420,4806.12,5112.74
2574,1237,4,11721,195,6365,1338,134,2635.67,6093.82
2575,1729,5,11232,503,6137,291,221,2184.15,794.0
2576,1039,8,10809,301,9506,4643,78,244.06,6327.16
2577,1075,2,11901,522,4925,2705,205,3502.33,6556.57
2578,1003,4,11556,91,2985,3104,250,2669.03,5773.37
2579,1358,7,10226,71,4277,571,385,2099.13,8033.56
2580,1760,2,10998,487,4341,3325,346,4506.61,2060.1
2581,1603,6,11680,311,4913,3286,178,2275.22,3071.24
2582,1522,6,10597,309,4567,1825,229,1609.46,8996.51
2583,1917,7,11568,428,7332,360,29,3920.15,9199.47
2584,1985,7,10344,631,894,422,337,3998.75,6236.35
2585,1517,1,11170,558,5262,1596,262,713.22,8194.45
2586,1984,1,10582,45,7941,1463,315,4006.44,762.24
2587,1797,5,10128,448,3394,825,72,1953.23,638.39
2588,1550,7,10845,287,2398,75,257,182.71,6845.63
2589,1761,5,11656,252,8311,4195,78,3742.26,5820.44
2590,1796,2,11233,649,317,246,497,1498.45,9417.13
2591,1379,8,10416,265,9085,2321,258,1438.79,269.35
2592,1273,1,11630,586,8494,4916,345,1645.6,2154.74
2593,1553,6,11920,495,1622,1126,112,2561.68,8127.84
2594,1996,8,10450,155,2477,4862,393,263.39,2972.89
2595,1119,7,10404,318,8300,432,281,457.02,1908.73
2596,1920,6,10184,527,7738,933,95,3895.04,5999.62
2597,1174,2,11862,509,3255,4700,303,4326.72,7001.84
2598,1760,6,10295,216,2909,3233,173,2526.29,1089.41
2599,1451,4,11873,41,9541,3185,429,1647.45,5732.83
2600,1590,2,10420,430,6200,2253,275,4464.76,9951.31
2601,1248,5,11907,109,5613,1715,263,2628.29,1655.56
2602,1828,8,10482,415,3329,3845,406,1883.47,5443.27
2603,1236,3,10773,543,331,2997,146,960.63,3732.3
2604,1145,1,10393,713,123,1985,466,2654.88,4581.01
2605,1626,5,11543,383,9990,4728,314,2457.65,4108.61
2606,1549,4,11861,662,2931,1846,375,3887.03,2549.73
2607,1933,2,10278,264,5157,4472,33,2318.75,4023.73
2608,1099,5,10287,731,3798,903,179,946.67,1316.85
2609,1778,5,10652,548,3394,1330,250,2271.1,7485.57
2610,1522,5,10643,636,3181,2752,129,964.31,6438.84
2611,1922,4,10373,598,7120,754,57,3787.66,1474.63
2612,1030,7,11810,595,5175,697,464,4118.26,5057.05
2613,1077,8,11492,400,3749,2901,384,3742.44,9490.27
2614,1407,1,10161,29,9656,2351,371,4215.75,9175.58
2615,1504,6,11181,83,1961,3155,156,4852.92,5760.25
2616,1261,3,11836,526,9790,384,137,3874.85,4849.39
2617,1946,3,11711,503,1738,4986,387,1703.85,4070.78
2618,1990,6,11019,137,6051,1187,183,3587.13,5266.92
2619,1783,1,10844,566,2970,601,144,2429.62,3388.64
2620,1527,1,11295,200,3290,3437,364,2273.01,5376.12
2621,1338,4,10482,707,2192,1447,217,1264.3,1463.98
2622,1750,3,10301,549,2490,1267,466,4013.48,4163.25
2623,1496,2,10215,85,6416,2581,335,4882.72,2192.33
2624,1543,7,11532,692,4697,3990,475,473.21,5613.46
2625,1891,4,11275,307,6539,947,408,4662.44,4548.93
2626,1433,1,10375,9,1189,2567,185,105.72,2649.85
2627,1936,7,10306,663,2160,3531,265,4760.93,2623.25
2628,1613,4,11443,415,9486,4798,433,3822.18,1629.29
2629,1344,6,10397,183,4264,2161,192,2118.31,3681.05
2630,1424,6,11121,439,8410,536,206,4409.7,7180.25
2631,1437,3,10851,538,6530,184,46,1586.5,3248.71
2632,1881,7,11094,221,6824,4883,4,1201.99,2379.63
2633,1321,8,10739,483,9808,2173,265,248.55,6185.14
2634,1879,2,10961,672,2593,1967,26,4997.73,7949.92
2635,1273,8,11703,186,8343,420,136,747.49,9060.53
2636,1915,2,11134,648,3407,1452,393,3464.21,9473.7
2637,1091,5,10732,433,618,1358,41,1635.71,8422.9
2638,1258,6,10082,585,3405,4056,189,707.47,5321.92
2639,1212,4,11583,643,9401,948,116,423.68,8802.84
2640,1193,2,11751,132,4482,3142,488,2929.71,6416.31
2641,1902,5,11062,210,8818,1223,118,1968.89,5263.38
2642,1163,7,10321,639,417,1012,61,3423.37,6597.53
2643,1365,6,10624,160,3624,1550,14,433.91,8195.8
2644,1452,1,11460,198,2725,798,239,2695.25,1156.03
2645,1357,2,10111,508,5490,1100,15,2912.57,9601.06
2646,1399,1,11956,198,5785,3871,398,250.87,4125.29
2647,1566,1,11751,167,6762,4057,435,4453.04,3624.58
2648,1124,5,11844,658,5922,3213,498,2970.47,9349.06
2649,1737,5,11786,531,7152,4109,382,1259.88,6792.1
2650,1721,1,11916,499,4331,77,118,1347.69,7295.43
2651,1125,2,10558,572,6391,4503,54,2725.78,9730.68
2652,1975,3,11665,325,256,1153,93,166.07,8579.19
2653,1123,6,11570,524,4918,113,424,4392.95,2391.37
2654,1233,2,11846,479,4196,4907,275,3653.68,4796.22
2655,1272,3,11592,53,3539,418,181,4426.69,2130.77
2656,1167,5,11649,339,7072,2462,288,3929.26,9704.23
2657,1966,8,10613,158,5711,2015,246,3220.23,4777.85
2658,1352,5,10121,364,1939,405,194,3580.87,1420.76
2659,1873,8,10872,630,1086,569,199,939.25,7678.88
2660,1331,8,11770,477,3707,3078,120,4168.26,8486.04
2661,1136,7,10255,648,1454,1300,99,4770.44,378.97
2662,1458,8,11640,57,7115,1024,417,534.11,1102.09
2663,1790,1,11737,149,8686,3695,186,2486.22,2574.5
2664,1216,7,10695,591,3712,3379,460,1658.43,2163.7
2665,1043,4,10988,478,9145,4689,49,4325.38,5953.04
2666,1230,1,10249,420,1737,3409,358,1442.45,2037.61
2667,1399,8,10220,505,9163,3871,135,4747.67,6879.07
2668,1783,8,10202,155,5357,4685,93,1323.82,4290.2
2669,1558,3,10321,342,2948,1159,413,3292.34,3956.44
2670,1250,1,10978,544,5766,609,317,2907.29,8110.82
2671,1798,5,11823,710,6151,3593,245,2235.4,7836.12
2672,1689,6,11888,439,4297,219,238,2244.72,4045.69
2673,1242,7,10347,663,860,280,487,1906.58,8494.18
2674,1198,8,11049,608,7097,4046,132,3784.37,4019.44
2675,1822,4,11327,346,4093,700,339,2350.03,119.12
2676,1580,3,10780,414,3425,51,348,98.41,9928.0
2677,1572,1,11549,481,5672,4297,307,3880.97,8101.39
2678,1765,4,10166,19,4743,274,57,1628.21,6144.77
2679,1987,7,10668,624,2442,4523,255,1493.0,6981.26
2680,1850,6,10225,181,7958,2894,170,2488.67,6287.09
2681,1350,2,10222,663,843,1771,479,705.93,4420.05
2682,1674,3,10434,129,829,2603,348,4422.2,5412.0
2683,1749,2,11020,163,6010,2553,372,765.27,8645.72
2684,1068,1,11485,348,5640,3417,489,1450.99,5044.92
2685,1601,7,11664,508,327,1346,492,1920.89,7295.09
2686,1632,3,11496,370,352,2682,115,2173.73,2071.0
2687,1840,4,10080,89,4097,2156,187,1642.61,7109.44
2688,1518,2,10726,451,1469,3265,380,494.54,794.66
2689,1402,4,10792,116,2386,2541,299,1503.51,4541.78
2690,1663,8,10085,277,5588,2175,158,4409.36,8204.33
2691,1491,8,11795,670,6167,580,13,315.2,7295.65
2692,1304,2,10471,577,9968,1828,308,1461.84,2054.29
2693,1866,7,10770,623,9260,1481,285,4621.35,6324.08
2694,1285,6,10297,230,8558,1735,233,2303.36,6515.14
2695,1219,2,11339,474,7589,2846,265,2608.52,2850.9
2696,1971,1,10372,705,5146,624,167,3593.71,9368.9
2697,1269,3,10380,469,6392,2650,392,3253.18,694.39
2698,1382,8,11531,179,2124,1660,424,2509.76,2795.5
2699,1882,5,11218,529,5620,3693,375,712.23,1174.15
2700,1763,8,11798,470,5867,4319,121,3470.89,4949.62
2701,1935,3,10283,159,2885,1283,244,3958.05,7301.99
2702,1926,2,10881,620,7547,1393,388,4599.04,9341.64
2703,1476,5,10224,60,3268,2347,348,470.7,6939.69
2704,1892,6,11068,411,4834,4955,201,973.16,2627.36
2705,1291,3,11594,191,6915,4235,142,2482.09,3699.6
2706,1555,5,11545,288,7089,228,473,3561.66,9741.2
2707,1026,5,11099,443,5486,2314,221,4642.74,5967.43
2708,1885,4,11504,657,893,3350,383,838.9,1602.46
2709,1156,1,10662,363,5197,2731,394,456.68,7489.05
2710,1281,2,11266,666,1492,1203,241,4962.28,2433.37
2711,1582,7,10877,97,3355,3325,496,1951.53,8598.04
2712,1207,1,10609,94,3020,2353,224,2961.72,4250.39
2713,1885,3,11696,528,2523,2180,172,1684.91,4483.13
2714,1854,5,11155,687,5984,4259,446,349.44,6599.54
2715,1042,8,10166,285,5673,713,77,2081.17,4052.11
2716,1816,1,11405,137,6969,70,434,2431.31,7686.83
2717,1524,4,10835,285,2589,4788,371,3801.59,3363.1
2718,1505,2,10252,603,6255,588,313,3622.25,1598.68
2719,1411,6,11658,424,2353,1998,375,1052.89,2398.13
2720,1367,8,11799,630,1027,4237,342,1359.41,2410.84
2721,1317,4,11737,57,3209,4351,247,4831.03,1913.85
2722,1498,4,11233,343,7656,2778,35,2329.38,8966.65
2723,1975,8,11878,589,3192,1903,325,2131.02,4166.19
2724,1730,8,11893,539,9561,3130,23,3816.68,346.24
2725,1256,4,11976,492,1773,1071,80,707.15,1389.34
2726,1416,6,11858,350,5852,1422,334,4199.06,8873.84
2727,1336,1,11013,63,1697,2783,422,4748.47,3870.93
2728,1757,4,10931,204,5753,540,237,1939.25,9590.64
2729,1604,5,11942,409,7503,609,89,54.47,1534.12
2730,1238,8,10334,639,1440,1554,412,1748.53,4682.91
2731,1116,3,10955,258,2810,1832,439,2427.63,3002.3
2732,1200,5,10562,154,8908,397,332,2453.87,2395.46
2733,1310,1,11574,653,2435,4089,143,1668.66,6569.75
2734,1682,4,10305,649,9879,3739,60,2928.97,8169.71
2735,1933,3,11261,185,6196,675,217,3604.78,9718.6
2736,1911,4,11689,51,5660,4070,40,3959.74,2813.35
2737,1340,6,10779,533,7110,516,329,1133.11,7054.14
2738,1330,2,10557,226,3238,3260,257,4346.37,8920.11
2739,1769,6,10360,127,1327,4797,211,4350.79,7592.26
2740,1213,5,10219,211,9982,1654,243,4524.98,7162.35
2741,1344,8,10160,415,3748,4458,230,1009.13,7385.5
2742,1734,5,10219,6,8842,3587,420,643.42,578.6
2743,1696,6,11852,573,7747,1756,385,1113.32,9091.08
2744,1721,7,11905,201,8571,775,115,3429.13,3771.44
2745,1241,3,10695,519,9265,3085,356,263.41,771.45
2746,1125,8,10297,479,6203,1738,172,527.67,4427.5
2747,1497,7,11105,677,8998,301,460,3361.59,3483.49
2748,1489,3,10757,10,2331,426,374,4613.47,1146.66
2749,1440,8,10630,651,3125,3529,302,2329.63,9703.61
2750,1415,1,11581,414,4229,3794,69,2231.28,1809.5
2751,1402,8,11584,254,7331,1236,260,3046.91,6954.33
2752,1936,6,11044,432,2808,3655,24,4354.38,1930.8
2753,1307,8,11861,707,3267,3666,175,156.95,4969.71
2754,1739,5,10351,180,7826,3415,198,3703.39,2144.7
2755,1617,2,11937,311,8710,1885,448,1125.28,1233.57
2756,1169,1,10353,612,6799,1731,432,368.56,6500.93
2757,1598,6,10702,54,9385,3148,392,3892.46,6086.47
2758,1419,3,11072,406,6967,1502,32,3361.43,4756.24
2759,1321,7,11983,38,7758,256,473,677.75,4228.46
2760,1914,4,10426,454,2520,478,24,1221.28,974.09
2761,1709,6,10051,109,7160,1614,352,2359.01,3780.26
2762,1949,1,10964,385,9433,2411,241,2114.85,3907.4
2763,1144,1,10935,11,6984,1323,224,1186.73,9841.17
2764,1127,7,11331,686,6600,1453,436,2274.19,8029.55
2765,1572,7,11702,562,5230,3247,85,581.57,4949.34
2766,1916,5,11620,289,7655,1264,375,410.47,3855.64
2767,1707,3,10691,193,4989,1783,295,4497.01,7649.78
2768,1493,4,10307,257,5066,4221,34,361.28,3442.81
2769,1682,2,10114,27,1010,4477,313,438.35,1679.97
2770,1615,8,10389,498,8062,2825,256,568.51,921.21
2771,1137,7,10533,238,1963,939,346,2285.77,6878.53
2772,1629,2,11692,508,7250,1880,389,1311.13,2786.25
2773,1544,7,11242,313,7180,3960,358,2098.72,1534.87
2774,1126,8,10008,697,5333,4984,474,3758.55,9637.32
2775,1528,4,11242,566,970,699,371,3664.19,4108.82
2776,1235,2,11350,700,643,1544,491,1685.32,5764.14
2777,1724,5,11197,250,1450,270,165,2042.68,577.1
2778,1075,6,10806,99,2559,2454,307,3630.84,6380.09
2779,1292,7,10608,687,3916,2457,148,1089.79,8737.36
2780,1773,6,11804,575,7699,4997,398,2795.59,3795.03
2781,1157,5,11259,108,3029,3657,484,462.76,4435.0
2782,1426,8,11795,644,7521,349,446,279.18,2895.28
2783,1425,2,11148,410,6546,2099,354,4922.88,8896.59
2784,1840,2,10962,236,9905,21,460,2225.24,8395.56
2785,1708,1,10618,283,2973,2838,484,4929.1,6745.51
2786,1623,6,10824,540,188,1806,208,1175.13,5688.48
2787,1042,2,11319,668,855,4561,46,4797.28,975.01
2788,1955,2,10472,191,4224,726,307,1284.59,339.9
2789,1121,1,11521,709,9824,2100,140,798.47,4447.43
2790,1892,2,10798,436,8996,4826,479,2353.27,1822.7
2791,1169,7,10098,691,9891,2588,369,1400.62,3866.32
2792,1147,3,10248,162,7327,3588,287,1375.81,2207.68
2793,1426,3,11522,453,4726,4025,483,3421.35,1484.62
2794,1291,4,10064,624,6394,1305,349,2154.31,6331.12
2795,1232,3,11983,476,7497,2601,4,4471.4,9454.05
2796,1270,7,10776,139,8780,3127,414,815.4,7300.97
2797,1977,2,11922,273,8299,3098,26,872.49,4048.21
2798,1997,8,10458,579,4443,2922,461,4160.9,5884.43
2799,1493,8,11997,395,1471,1837,229,2144.03,8052.68
2800,1893,2,11010,431,6732,1060,494,1297.9,6432.77
2801,1459,6,10370,77,7634,4014,491,4092.25,2623.75
2802,1524,5,11263,635,9708,1063,19,4563.82,4055.24
2803,1246,8,10791,266,8986,4065,110,800.97,149.72
2804,1435,4,11966,398,7799,4411,346,2962.5,5091.07
2805,1079,4,11230,80,4433,2145,3,929.72,423.85
2806,1075,4,10495,670,8712,3738,150,4307.6,6718.75
2807,1755,2,11898,113,7331,4776,500,3964.02,2784.97
2808,1294,6,11883,393,5054,1694,429,1988.66,614.13
2809,1903,6,10736,559,132,1598,263,2712.27,2762.66
2810,1882,8,10721,689,7602,220,150,4849.29,6671.33
2811,1779,1,11414,398,9402,2848,454,4219.66,221.35
2812,1054,8,11539,520,7549,2034,42,4399.37,5421.3
2813,1553,2,11958,169,5759,3433,231,1483.98,5075.89
2814,1284,6,11260,579,2445,116,260,4691.59,1769.92
2815,1240,4,11628,517,5823,4379,338,422.7,626.53
2816,1727,5,11903,673,3074,829,218,4830.68,3952.31
2817,1623,5,10170,218,5898,2379,491,2849.49,3360.74
2818,1237,1,10086,316,8247,3506,16,1204.08,6081.81
2819,1188,1,11511,452,2132,2427,326,3094.34,4404.07
2820,1388,2,10756,108,6395,1881,233,3601.81,7497.22
2821,1036,1,11462,504,1026,2969,55,2974.98,3178.12
2822,1981,2,10790,381,1665,4178,461,4398.37,1406.03
2823,1477,8,11413,557,3226,4046,270,1123.83,3547.05
2824,1628,3,10781,326,8185,238,12,4857.58,8753.22
2825,1975,1,11064,41,6715,2472,8,3212.61,8401.46
2826,1909,5,11676,29,7196,1233,431,1101.19,7952.58
2827,1555,5,10975,382,8642,4964,203,2064.08,1901.35
2828,1998,5,10458,193,2353,885,307,3150.94,5425.08
2829,1525,6,10900,677,7667,16,119,847.43,6210.85
2830,1438,1,11690,392,8105,1284,72,2193.8,2114.1
2831,1179,4,10310,545,2868,468,138,1616.54,3368.81
2832,1472,3,10228,426,6426,696,74,4920.33,9780.05
2833,1445,6,10765,64,2329,1691,25,2764.18,7594.77
2834,1177,5,10306,372,2311,1003,348,1389.69,1420.57
2835,1792,7,10338,90,5940,2072,154,2824.55,1477.28
2836,1858,1,11101,122,1514,2196,194,4166.57,6790.64
2837,1544,2,10683,23,7201,2348,73,4777.46,2770.69
2838,1793,7,11373,255,1779,2316,158,915.6,3773.49
2839,1628,8,11753,664,6762,746,325,446.12,6118.16
2840,1920,1,10874,670,983,3045,490,537.52,5298.91
2841,1600,7,10934,493,6698,3893,431,3758.39,7867.4
2842,1936,7,10730,301,4254,416,70,729.56,2564.07
2843,1568,1,10940,581,8054,761,209,1591.91,781.13
2844,1978,1,11477,627,6728,3169,116,3319.77,8815.57
2845,1096,6,11129,384,1879,4208,393,3549.67,7487.79
2846,1732,4,11324,649,2290,4895,98,2351.08,7583.47
2847,1372,2,10453,90,7948,3054,351,3412.16,550.43
2848,1800,8,11366,60,8272,4114,25,3137.03,5288.04
2849,1011,1,10162,382,4891,483,17,4412.22,5824.25
2850,1824,4,11383,615,1305,589,91,4293.82,172.69
2851,1310,6,10094,184,9309,801,312,101.17,2259.65
2852,1484,8,11264,277,9847,4350,161,4666.11,6494.28
2853,1964,6,11588,290,7800,4351,61,4035.12,1363.87
2854,1401,4,10877,541,7390,4579,151,1465.25,1212.9
2855,1795,6,10960,120,9055,2682,245,191.21,2603.67
2856,1522,3,10513,203,601,321,101,1629.83,303.69
2857,1734,2,11597,163,9192,4322,38,1701.74,7761.04
2858,1611,1,11891,24,2912,2412,406,4837.12,6710.23
2859,1317,6,11081,236,3096,3786,204,100.86,4257.16
2860,1813,1,10586,49,8531,2673,275,4964.51,1910.94
2861,1441,4,10053,406,7100,1597,36,3971.68,1274.57
2862,1700,6,11374,12,2666,2772,60,1782.19,3621.46
2863,1837,6,11423,451,1614,900,131,4112.36,6164.07
2864,1640,4,10897,322,9524,2253,5,1221.36,5737.47
2865,1244,2,11346,585,1496,3672,390,1312.52,8237.81
2866,1678,5,11602,522,8910,73,108,404.59,4547.57
2867,1902,7,10083,603,4607,14,132,4826.32,7182.37
2868,1275,3,10742,679,5997,1506,357,3970.79,9797.29
2869,1685,3,11460,677,5533,4517,309,4902.94,9327.5
2870,1283,6,10936,705,7116,4180,239,2656.9,5381.34
2871,1216,5,11520,559,7204,1455,38,589.68,1282.09
2872,1350,3,10999,659,231,3299,133,4452.5,565.02
2873,1884,6,11470,263,3425,747,164,1344.16,8728.62
2874,1453,6,11259,306,9184,2554,121,3257.42,1406.59
2875,1767,1,11323,174,2141,2188,360,2309.64,5574.24
2876,1153,2,10214,686,8771,3438,304,4406.35,9481.77
2877,1230,5,11268,310,6007,1016,85,2589.61,8324.67
2878,1695,4,10277,410,5066,281,270,4532.8,8684.52
2879,1405,3,11218,268,9003,3673,113,1893.45,2923.0
2880,1687,4,10480,589,3059,3541,88,3987.26,1173.26
2881,1515,4,11284,621,7531,401,6,4742.11,9133.78
2882,1287,2,10394,295,3905,570,357,3326.0,1357.3
2883,1159,2,11360,703,9413,81,25,3718.81,421.82
2884,1320,1,10328,481,2042,2712,439,1883.48,626.1
2885,1871,8,11540,269,140,2188,298,333.5,2693.4
2886,1345,8,10081,318,2374,3947,128,1108.01,5012.24
2887,1449,8,11071,71,5519,82,366,4396.19,992.42
2888,1548,3,10919,80,8842,4634,485,3955.97,6930.04
2889,1353,5,11362,338,2849,1109,114,3097.47,7255.52
2890,1515,3,11184,647,2810,59,43,1944.93,5826.81
2891,1991,8,10176,55,2253,4189,88,913.25,2460.99
2892,1366,5,11301,474,7069,3735,65,3415.85,6724.04
2893,1469,1,10014,355,2026,2328,17,2967.43,6663.29
2894,1918,8,11875,3,3590,4316,347,3606.28,8265.87
2895,1341,5,10671,12,4543,4045,199,1832.79,1712.77
2896,1517,1,10400,503,3839,4685,488,2079.28,3929.03
2897,1403,3,11255,310,8576,2248,283,1036.55,9604.33
2898,1679,7,10404,2,9991,303,136,2808.1,4189.1
2899,1363,3,10654,338,1565,1273,232,2562.62,6967.26
2900,1494,7,10915,119,941,3845,481,4442.47,6862.74
2901,1747,6,10854,497,1738,2988,149,1581.39,3414.73
2902,1015,5,10148,416,7655,2778,355,4602.24,5731.67
2903,1120,7,11729,476,5638,3587,273,996.11,7934.06
2904,1849,6,11492,388,4435,4237,331,1957.75,7552.98
2905,1577,8,10146,163,4132,4982,337,4478.12,4214.04
2906,1371,1,10180,387,9183,871,105,1880.07,524.67
2907,1025,5,10334,403,7010,1776,148,2584.25,1073.98
2908,1650,2,11130,487,6176,3291,353,4210.61,4877.08
2909,1689,6,10161,270,8918,3874,127,795.5,7565.94
2910,1260,1,10867,725,6828,4883,405,2004.63,5251.43
2911,1630,3,10101,108,7361,545,269,534.16,1795.44
2912,1547,8,11159,41,8375,748,418,1340.39,7851.68
2913,1139,7,11921,292,943,2706,96,4137.48,4527.0
2914,1077,1,11250,543,5004,466,76,4482.46,1637.94
2915,1962,5,10214,217,7330,310,291,510.22,8289.65
2916,1314,8,10506,293,5051,4488,234,153.67,7114.03
2917,1345,8,11443,96,2507,2718,162,407.3,2304.25
2918,1192,7,10810,191,3349,3188,331,2529.27,2086.48
2919,1227,7,10551,273,7950,4470,207,4604.7,1990.57
2920,1607,1,10268,464,8245,1547,415,1126.44,1228.63
2921,1571,7,10703,491,1575,3692,151,905.85,2796.61
2922,1719,3,10078,423,5493,2709,244,3440.36,3202.72
2923,1213,6,11365,159,3514,2393,324,4664.37,9417.47
2924,1432,3,11834,548,8315,3642,384,1045.75,5857.27
2925,1532,5,10925,86,6392,1600,125,3564.77,7331.56
2926,1148,5,10271,93,7975,3826,493,4121.44,9232.31
2927,1208,7,10637,287,3457,4297,47,4764.38,416.82
2928,1419,3,10274,23,3105,369,368,3749.47,9046.9
2929,1433,3,11776,51,9186,668,460,137.49,8329.9
2930,1089,4,10491,323,2352,3902,22,2741.33,1476.31
2931,1768,8,10361,99,6258,677,353,454.43,7356.97
2932,1094,4,10719,604,4463,3589,212,1094.37,2919.55
2933,1601,7,10608,472,7263,4041,218,3579.12,7664.94
2934,1080,3,10193,31,606,4172,151,1861.69,1604.18
2935,1280,5,10407,400,5165,83,350,3805.31,714.02
2936,1012,2,11072,603,555,2508,248,3779.56,6928.78
2937,1771,7,10658,203,9484,2983,373,4837.66,4744.51
2938,1142,3,11920,560,9210,4517,329,1558.66,9770.9
2939,1257,5,10514,549,2642,4656,425,4247.49,330.03
2940,1740,3,10022,228,824,2178,194,2633.35,111.64
2941,1595,4,10383,532,3312,1802,428,3542.22,5636.5
2942,1178,8,11536,556,4232,116,101,4508.71,2231.8
2943,1343,6,11110,283,3220,351,166,4219.77,1870.02
2944,1290,5,10536,383,7690,1189,71,258.38,7933.98
2945,1658,3,10732,360,1925,3678,53,3500.31,6711.81
2946,1346,7,10548,179,6491,3250,465,554.48,3909.68
2947,1095,7,11639,13,2334,3111,344,1856.18,7787.39
2948,1278,6,10915,279,8841,3418,72,1402.93,6796.01
2949,1004,8,11491,93,5683,445,423,1488.12,4527.27
2950,1428,2,11824,80,5280,3493,133,2960.52,9552.2
2951,1146,2,10498,677,8390,3299,141,2691.26,9026.61
2952,1275,4,11013,575,5874,2538,383,1697.94,1037.38
2953,1592,5,11186,389,1782,3246,291,2062.24,1043.93
2954,1756,4,11028,161,6762,4528,471,3238.76,5923.13
2955,1867,3,10681,497,6595,2950,408,1898.84,2043.43
2956,1259,6,10034,30,8634,1678,72,3517.89,1808.0
2957,1490,7,11112,105,5947,538,88,930.3,1991.8
2958,1071,7,11028,207,1700,696,403,4700.01,9501.62
2959,1416,5,11570,548,3456,2474,426,3129.14,2895.38
2960,1198,1,10361,182,9703,3638,382,4156.71,409.77
2961,1010,6,10495,535,1853,1889,467,849.84,2403.88
2962,1861,7,10412,495,5623,4270,124,2992.04,8020.78
2963,1321,7,11526,24,1319,525,162,1000.47,119.24
2964,1490,6,11476,666,4946,1061,433,304.54,9499.89
2965,1858,5,11827,20,5915,2212,63,4944.2,5859.77
2966,1907,2,10971,300,1605,3759,342,4122.6,4921.02
2967,1684,5,11293,510,4001,3628,218,1975.87,498.41
2968,1939,5,11517,675,7424,861,288,2355.98,2580.1
2969,1727,2,10962,110,7902,1814,94,1554.73,6574.97
2970,1927,5,11397,643,2105,4714,290,4121.31,1585.52
2971,1732,3,11764,360,7699,4450,193,706.47,9732.16
2972,1878,2,11003,515,1971,1538,234,2852.75,7099.35
2973,1923,5,10387,6,2328,1378,59,2475.75,2571.46
2974,1887,5,10439,641,4946,2587,432,3527.04,9220.9
2975,1369,3,11494,316,9896,2494,500,2826.09,3271.88
2976,1548,3,11387,524,1790,2555,115,4200.61,7559.39
2977,1160,4,10384,58,1350,1147,40,1427.04,3387.94
2978,1982,5,10317,102,5847,2165,90,4874.77,7050.53
2979,1304,7,11422,180,8032,4925,427,2586.3,9944.79
2980,1819,1,10292,610,1552,1236,410,1777.64,4734.06
2981,1827,1,10040,191,2488,4719,163,1053.49,2968.31
2982,1586,6,11371,635,3393,3218,7,745.56,9357.96
2983,1017,5,11140,327,9633,2027,454,2799.15,9083.1
2984,1444,7,10726,197,2068,491,381,2304.76,8125.76
2985,1320,8,11412,240,2732,1529,1,3182.26,9007.96
2986,1456,6,10287,341,6297,602,228,1377.92,8800.91
2987,1083,8,11441,531,6470,502,222,1501.63,2537.34
2988,1027,2,11223,363,7160,1898,268,385.36,9004.15
2989,1205,7,10939,284,6671,2720,217,3981.14,6905.43
2990,1682,3,11183,501,9380,1520,492,1238.18,8479.48
2991,1965,6,11347,77,3541,1129,88,3398.32,7884.07
2992,1833,6,10993,427,8425,1532,180,3706.37,3715.87
2993,1399,4,11504,695,4932,595,132,2007.04,7372.14
2994,1218,4,10981,3,3794,2046,420,3265.1,1904.28
2995,1785,1,11050,472,7412,435,128,904.77,1244.35
2996,1769,4,10746,481,8298,4595,220,2375.4,4655.63
2997,1848,8,11418,543,5851,4340,221,2920.42,8971.78
2998,1008,1,10928,91,7517,4982,162,4122.33,4623.77
2999,1983,1,10360,708,5128,3529,408,165.46,5524.03
3000,1544,1,10733,432,1533,2477,100,845.12,4640.26
3001,1420,2,11660,645,6619,1136,155,3411.93,3717.73
3002,1558,5,11935,190,5255,1622,241,3171.07,3886.31
3003,1382,3,11610,429,5367,1786,164,3077.7,9236.18
3004,1819,2,11736,2,6294,115,155,667.71,2284.37
3005,1025,4,11722,331,9833,2170,90,2486.89,1287.99
3006,1280,7,11859,359,5494,2621,197,2592.6,8008.39
3007,1745,5,11289,379,4831,822,137,3687.2,1260.13
3008,1751,2,10535,669,3570,1308,468,1247.91,1439.76
3009,1789,6,10901,728,8728,1460,326,3868.64,2036.3
3010,1104,3,10927,98,8420,4960,48,666.44,758.88
3011,1894,3,10401,477,6591,1331,322,4599.43,7177.69
3012,1642,2,11538,370,7723,764,175,2069.6,1467.51
3013,1501,3,10778,643,8025,928,69,391.64,1649.27
3014,1723,7,10486,439,6911,4541,1,1921.01,6618.53
3015,1620,8,11734,451,8263,4214,402,3722.99,9964.15
3016,1799,3,11666,382,4492,1877,89,1774.45,4773.22
3017,1361,7,11471,107,8792,2571,7,1549.41,362.55
3018,1785,7,11336,241,2993,327,278,4645.58,3373.93
3019,1420,6,10282,327,2205,2125,31,4024.12,9630.25
3020,1117,6,11462,143,6468,3582,432,3575.96,2996.15
3021,1704,6,10734,289,5881,2257,172,4160.84,2935.0
3022,1885,2,10131,724,4870,1613,250,3273.63,2933.71
3023,1241,3,10632,371,4881,380,240,3508.8,8205.41
3024,1009,4,11815,642,3661,4158,291,4356.27,4938.93
3025,1068,7,11698,219,3285,4792,450,1162.2,8057.49
3026,1569,8,11996,513,7349,2637,434,4788.61,117.57
3027,1115,3,11316,204,9385,2163,5,3837.7,5141.9
3028,1987,8,10717,410,2781,467,243,3444.59,4588.32
3029,1806,5,11640,257,8750,551,199,647.42,7859.47
3030,1122,6,11579,58,7675,312,77,2829.34,3417.4
3031,1405,6,10540,174,4763,1190,304,3448.27,5528.96
3032,1420,7,11031,117,4233,3204,14,2460.57,7806.55
3033,1755,6,10133,542,1378,1072,35,4194.73,6552.03
3034,1592,5,11009,483,6452,3906,246,2456.54,215.88
3035,1533,5,10608,214,2908,1829,479,1164.88,1710.13
3036,1380,5,10886,224,9216,2458,275,4415.54,9755.05
3037,1200,7,10854,348,5361,4115,2,1868.67,2622.3
3038,1334,5,11637,236,4099,4594,159,4817.56,6696.64
3039,1693,2,11758,232,9195,3182,294,1129.52,6284.29
3040,1999,6,11032,7,1980,3148,325,3376.75,4976.1
3041,1795,4,11393,328,5088,4121,272,2013.31,8843.36
3042,1406,3,10445,49,1309,2592,149,2662.35,4120.16
3043,1208,2,10793,71,3586,1683,106,3258.5,7791.88
3044,1459,3,11193,59,8824,1877,89,2905.18,7680.16
3045,1053,4,10069,181,7224,2942,91,236.94,3788.4
3046,1011,2,11269,666,7270,320,292,1653.91,6947.43
3047,1533,2,11458,524,455,3830,482,2830.52,1975.6
3048,1060,3,10486,546,8752,4622,373,471.56,3256.73
3049,1487,6,10993,723,3532,1564,416,742.72,4884.01
3050,1796,4,11707,125,6318,3433,396,878.93,7563.61
3051,1816,8,10366,234,4608,2610,220,3152.83,7013.31
3052,1689,6,10369,266,5348,3801,241,3741.77,883.3
3053,1876,4,10081,515,4670,1720,58,1182.33,1338.43
3054,1877,3,11955,349,5939,487,23,2624.36,4504.94
3055,1764,5,10203,714,734,1019,473,1806.4,4457.02
3056,1715,4,10927,606,8516,706,435,2889.69,1558.28
3057,1808,7,11272,71,646,4745,361,3904.18,7389.51
3058,1166,4,10920,400,2215,3425,252,4224.06,3419.68
3059,1782,1,10622,593,6203,1536,64,156.11,6592.27
3060,1105,1,10905,610,7925,380,184,4442.02,6039.87
3061,1189,4,10361,649,7557,4214,475,4817.94,9186.78
3062,1486,8,10035,83,2305,3354,372,3283.54,3145.0
3063,1011,6,11868,312,8818,4953,394,1852.07,7525.39
3064,1687,5,10011,191,6942,3119,436,2553.53,8009.54
3065,1517,7,11437,13,8490,4395,5,1476.24,151.35
3066,1881,1,10319,576,9476,1797,238,1920.48,3140.77
3067,1930,3,11763,269,5495,160,41,2736.77,6405.75
3068,1014,1,11183,579,3113,1335,304,4689.15,2646.94
3069,1511,8,11358,630,4078,1099,151,1437.49,3591.31
3070,1284,6,10006,267,2238,1875,301,1488.34,7176.61
3071,1390,4,11754,573,8263,3185,66,2983.47,7381.42
3072,1075,8,10522,583,5849,2035,264,747.5,5780.57
3073,1158,1,11205,530,1296,1377,181,851.99,3672.29
3074,1154,6,10855,14,826,938,50,1379.97,2149.63
3075,1181,1,10767,527,9294,3888,228,1575.77,2440.27
3076,1420,8,11853,132,8092,3420,379,2665.23,6731.91
3077,1271,1,10459,672,1622,3538,433,316.39,9301.35
3078,1312,3,10168,397,8840,1830,471,1249.09,1664.69
3079,1329,8,11413,611,3238,1120,311,242.52,1254.17
3080,1097,4,11382,459,8061,3134,420,4104.53,9789.39
3081,1658,4,10983,312,2466,3186,361,2201.52,7498.73
3082,1364,3,10043,449,501,4475,56,3182.89,770.43
3083,1068,6,10279,679,2148,2077,17,3396.41,6547.5
3084,1161,6,10242,343,2421,1375,300,2686.75,2798.41
3085,1913,2,10628,617,1731,4700,297,4479.92,5830.16
3086,1897,6,10840,109,4292,2554,466,576.19,9272.8
3087,1703,3,11420,93,5418,2152,302,3569.05,6558.51
3088,1935,7,10450,47,4659,4003,454,178.48,6304.09
3089,1155,1,11587,62,9926,3226,81,2042.9,2568.34
3090,1269,4,11558,148,6214,2420,165,650.09,4140.07
3091,1763,6,11688,491,7582,2375,164,568.09,9058.07
3092,1508,1,11514,721,7174,3923,174,3174.24,3497.05
3093,1729,8,11746,480,1242,1330,465,1117.69,3160.86
3094,1637,2,10713,10,209,4767,262,1113.66,5873.1
3095,1297,3,10880,731,7829,2566,382,1202.2,4485.47
3096,1451,2,10673,38,4355,56,177,3467.82,1942.48
3097,1994,7,10992,711,5809,3053,251,1721.7,4020.29
3098,1556,7,11311,656,1808,566,137,3926.21,3136.7
3099,1874,3,11512,441,4727,1449,239,2838.14,2718.01
3100,1092,7,10801,431,4211,2026,479,3531.71,3912.74
3101,1133,2,10694,34,4623,373,325,1620.5,5637.03
3102,1271,1,11435,574,7425,4850,126,579.57,1606.59
3103,1520,8,10734,648,8557,1485,481,3744.11,6851.65
3104,1837,2,10105,533,7282,3949,173,2391.65,1684.92
3105,1089,7,10389,307,3023,3150,168,1120.56,5297.0
3106,1563,8,11600,579,8995,2761,367,3932.84,7484.67
3107,1841,7,11151,580,1925,4080,224,4972.04,2968.4
3108,1810,8,11093,366,402,3720,193,4567.86,3512.71
3109,1064,5,11726,713,5005,2411,138,3125.74,7111.31
3110,1916,7,10804,338,7006,3687,152,158.08,8325.32
3111,1290,4,11257,543,4000,238,236,401.91,7972.12
3112,1204,5,11484,721,5839,881,486,3781.83,4666.05
3113,1699,1,11170,706,324,3178,252,1530.68,7232.84
3114,1143,5,11175,577,8070,4683,288,3585.91,2790.86
3115,1577,5,11619,252,6732,470,365,3922.43,2584.83
3116,1062,5,10920,712,3938,3485,214,2571.8,2792.34
3117,1031,2,10556,427,4109,1250,145,3667.5,7521.79
3118,1961,4,11245,384,1828,2867,448,3959.68,2425.35
3119,1080,4,11396,640,6088,236,432,3283.0,495.41
3120,1193,1,11320,456,8575,3393,475,4711.5,8409.68
3121,1659,8,11501,512,6940,379,261,4315.86,4612.28
3122,1581,4,11357,378,4083,925,217,2575.07,9802.27
3123,1596,1,11777,278,2844,1648,243,2771.51,5868.83
3124,1623,2,10771,360,6884,864,323,1261.72,8226.42
3125,1363,4,11736,160,3018,3747,287,2877.43,8046.39
3126,1343,1,10541,11,475,2991,37,4156.19,4791.97
3127,1194,8,11298,24,5632,865,490,3480.95,784.28
3128,1513,3,10281,137,2150,3101,153,4496.3,940.31
3129,1509,8,11744,121,7120,3141,491,959.78,380.54
3130,1316,5,11134,621,7847,1058,442,4343.1,5032.98
3131,1244,4,10058,715,9303,2469,82,1155.25,8794.66
3132,1952,1,11163,196,5952,1270,154,4732.03,2484.78
3133,1958,3,11526,459,1333,3455,284,4122.55,5430.32
3134,1675,8,11526,514,8345,320,415,2682.76,9731.72
3135,1374,1,11050,128,3809,1696,407,394.32,5885.68
3136,1876,1,10243,681,2687,3916,317,905.29,8318.39
3137,1319,1,11505,473,2315,4243,188,4240.26,1342.33
3138,1035,8,11541,462,2882,2050,379,2675.28,742.6
3139,1456,1,11630,360,2227,2731,51,4902.16,748.76
3140,1515,7,11744,726,270,4289,329,3302.79,6978.85
3141,1363,2,10072,668,2834,1494,466,4618.61,837.19
3142,1390,8,10342,651,4404,3950,150,3813.03,843.53
3143,1710,3,10386,693,4974,4229,90,4187.78,346.36
3144,1395,7,11517,87,4241,3351,354,1054.37,9050.52
3145,1505,1,10506,308,8011,3653,247,3276.15,892.97
3146,1890,6,11062,415,6671,3122,15,3687.01,8441.89
3147,1563,4,11206,458,3718,4039,486,2695.86,6144.32
3148,1510,5,10521,686,3196,1621,185,4577.71,8242.84
3149,1472,3,11845,465,7667,3308,151,4341.89,8143.14
3150,1124,6,11908,178,4265,1772,459,1950.25,8974.06
3151,1144,1,10134,525,2800,2066,199,1803.0,8716.75
3152,1915,5,11518,294,5522,947,463,2324.51,2670.03
3153,1888,7,11969,107,1570,795,141,4902.98,5223.23
3154,1958,1,10265,523,7781,2742,478,3985.52,8350.08
3155,1558,2,11059,440,3488,4503,385,4191.31,1503.46
3156,1048,7,10721,404,3152,368,219,3766.26,8279.33
3157,1259,2,10862,21,539,3715,489,874.69,6385.51
3158,1704,5,10007,327,8834,2333,229,1315.09,8667.73
3159,1209,1,10313,265,5378,3749,66,497.8,716.74
3160,1884,8,10339,273,282,904,444,2339.54,896.85
3161,1802,7,11321,481,105,3076,301,1992.51,7439.02
3162,1793,2,10357,725,1996,1827,329,2255.7,5599.71
3163,1135,3,10521,24,7905,3873,272,2689.37,7545.57
3164,1951,1,10356,545,8116,3705,174,4508.27,6813.17
3165,1374,2,10018,250,641,355,102,708.64,6097.97
3166,1912,3,11528,12,2884,4262,160,2588.18,5549.7
3167,1627,2,10540,526,3773,1120,318,868.97,4288.17
3168,1738,7,10539,80,3846,989,282,2409.51,9415.51
3169,1825,1,10266,639,889,2805,348,3640.84,2041.12
3170,1438,4,10470,98,7321,1630,6,817.03,8467.42
3171,1591,5,10462,130,9492,2821,306,3428.74,7046.68
3172,1786,7,11142,169,3894,297,59,4264.36,4560.17
3173,1580,1,10219,218,8355,3639,325,208.12,8149.59
3174,1659,5,11080,442,134,2437,130,353.13,5967.01
3175,1786,3,10294,45,2619,4012,52,2488.86,9816.29
3176,1196,2,11007,420,2467,3605,294,3304.35,1088.37
3177,1746,4,10980,527,2112,2399,192,4687.12,8045.31
3178,1419,8,11592,71,4762,879,300,775.54,3819.75
3179,1612,8,11741,13,4930,4594,49,4343.94,8537.07
3180,1808,1,10849,586,2491,159,496,845.46,5395.58
3181,1460,1,10499,596,2350,4777,179,1525.41,1312.23
3182,1795,2,10336,663,5969,1814,374,356.02,2528.59
3183,1458,1,11301,494,995,4408,93,265.77,8521.88
3184,1337,5,11008,281,5795,3238,488,4954.44,4426.97
3185,1488,3,10863,406,8953,1206,70,2777.16,1146.05
3186,1593,7,10557,43,1608,3431,91,4086.45,1092.72
3187,1455,2,10910,466,6170,1194,21,3465.22,2870.84
3188,1192,3,11642,317,5860,1168,190,1082.73,2013.83
3189,1559,2,10690,348,6858,2348,434,1624.87,6406.6
3190,1756,7,10384,295,1767,1304,198,1842.86,9866.91
3191,1802,2,11279,479,4780,2032,201,2799.76,2316.06
3192,1323,6,11460,493,9992,1440,211,3266.32,5110.59
3193,1090,4,10337,54,8341,1861,177,1406.67,9398.05
3194,1953,2,10816,549,3599,3390,470,823.31,5294.64
3195,1939,6,10370,670,2924,4908,240,3202.76,4751.51
3196,1014,6,11438,640,8684,803,286,3181.46,1420.18
3197,1412,1,10059,680,7267,1114,270,1049.27,7904.67
3198,1815,8,10906,490,3476,4535,359,4715.86,9925.3
3199,1713,6,10029,8,4381,2335,186,723.62,2274.29
3200,1105,4,11420,583,7203,4479,274,4626.2,3320.24
3201,1356,2,11500,615,3112,4454,427,1951.0,2981.05
3202,1449,5,10728,585,672,1211,186,2268.69,7829.99
3203,1560,8,10062,33,5925,625,276,3322.88,7653.77
3204,1591,7,10879,282,5841,2549,135,4634.46,1244.55
3205,1350,1,10627,304,2077,1657,440,4139.46,825.69
3206,1172,4,11577,257,4041,2394,384,2216.68,881.63
3207,1034,2,11159,458,9278,2814,452,4337.34,142.62
3208,1293,1,10047,301,2987,4413,76,1135.74,383.33
3209,1156,8,11151,174,5914,84,407,4122.5,8595.5
3210,1257,8,11931,507,7556,4528,299,2636.69,5889.24
3211,1628,5,10321,373,1886,1992,78,3551.69,3013.68
3212,1695,8,10327,582,4635,2501,146,1116.49,8805.62
3213,1880,1,11893,79,335,948,387,4571.37,8884.27
3214,1707,8,11576,101,563,3373,109,2159.82,2766.05
3215,1108,1,10803,211,5708,271,8,2450.39,2356.55
3216,1308,3,10674,387,3759,4285,104,2719.17,274.18
3217,1530,4,11914,458,7952,2345,209,1643.09,9453.2
3218,1809,2,11779,420,9831,1963,197,4782.24,6876.26
3219,1353,7,10075,131,113,4850,118,960.98,4048.06
3220,1608,8,10806,209,7032,3454,144,2246.76,9321.42
3221,1022,1,10599,293,9710,4011,97,3903.25,6680.48
3222,1629,7,11945,95,2508,4849,431,1099.97,5819.6
3223,1894,7,11308,452,8745,1003,456,3014.56,844.03
3224,1585,1,11106,106,871,1038,83,4419.57,496.79
3225,1643,4,10236,410,2353,1222,440,2002.87,5054.69
3226,1826,8,11032,596,5897,259,7,420.26,7050.11
3227,1128,8,11491,4,748,1837,83,2859.08,2899.43
3228,1396,5,10208,280,4189,4426,428,3208.7,1094.48
3229,1006,7,10619,470,9742,4920,24,2629.84,4238.27
3230,1480,6,11761,201,8133,2167,235,2143.52,8459.12
3231,1871,7,11659,455,2098,1616,267,3091.32,2744.88
3232,1709,1,10166,637,7110,338,368,2305.37,1567.6
3233,1756,2,11408,724,5493,1812,245,4521.96,9664.27
3234,1009,6,11849,194,5332,4815,403,2946.56,5180.3
3235,1957,4,10631,494,6324,4450,271,2067.18,4899.4
3236,1950,3,10706,410,4043,4125,393,4462.11,1940.54
3237,1103,2,10580,406,6433,2524,324,2048.11,1111.47
3238,1334,4,11531,354,5443,1255,297,890.45,7700.96
3239,1737,1,11193,668,3346,2400,381,784.95,717.82
3240,1037,2,11961,569,8696,4625,119,79.6,698.04
3241,1619,3,11636,159,6941,1759,410,4796.4,8804.27
3242,1833,8,11191,544,6119,2648,478,2112.09,5177.93
3243,1506,2,10186,247,3115,45,390,4671.05,8591.5
3244,1158,8,11381,380,990,375,475,775.72,4743.01
3245,1345,7,11944,225,8458,4327,108,2596.62,7850.18
3246,1570,1,10210,394,2758,1697,307,4754.28,1892.03
3247,1968,7,10196,542,4907,2432,1,1105.18,4795.93
3248,1274,7,10674,429,3311,3018,468,4824.01,889.71
3249,1825,2,10903,513,7607,4559,274,4774.44,5645.32
3250,1030,1,10802,674,947,4708,62,3215.98,7304.78
3251,1010,6,10258,484,9520,2571,174,230.91,708.43
3252,1617,5,11353,455,9195,29,225,2252.63,7741.53
3253,1365,3,11566,365,5201,3573,24,4391.71,4835.64
3254,1632,6,10193,178,9310,4527,422,3088.11,6896.01
3255,1888,7,10009,194,9869,3860,101,4089.72,8072.61
3256,1411,5,10214,540,2394,3809,119,2550.67,1267.02
3257,1372,6,10574,267,5848,2167,82,2472.68,9262.91
3258,1137,3,10230,177,3817,1410,285,836.39,1922.35
3259,1095,6,11939,691,9134,286,355,1144.38,5808.82
3260,1048,4,10652,78,6955,4661,481,1722.23,7804.27
3261,1720,5,11080,706,5545,302,307,138.54,9972.75
3262,1025,4,10669,691,4925,1319,64,167.76,9020.18
3263,1674,6,10121,627,5647,3922,82,3066.19,8856.56
3264,1561,8,11022,190,5925,1156,241,902.29,1370.04
3265,1528,1,10601,478,670,1950,117,1114.0,4642.26
3266,1928,3,11727,197,6584,2491,312,4736.41,7873.28
3267,1351,4,11076,387,9346,1681,223,4201.24,3551.08
3268,1512,4,11312,40,8182,487,73,2193.66,7720.21
3269,1105,6,11228,177,1273,2612,89,1076.27,4149.04
3270,1375,8,10127,635,4189,4793,154,3013.38,8036.47
3271,1153,1,10588,691,2127,2769,415,1993.59,3726.34
3272,1434,3,10936,721,6971,551,247,242.16,6381.2
3273,1753,7,10958,299,2888,3823,328,2325.68,6492.05
3274,1633,3,10790,504,9482,3770,256,1547.29,3663.9
3275,1535,4,11270,347,609,4660,150,3399.24,3684.82
3276,1723,2,11225,40,7381,349,401,1935.46,1652.75
3277,1146,3,11052,652,8598,305,30,100.02,7047.38
3278,1341,5,11057,125,7529,2383,263,1094.27,5569.57
3279,1341,5,11239,325,8938,3411,289,158.29,9986.93
3280,1168,8,10321,586,6296,2590,472,2966.03,3097.1
3281,1014,4,10977,22,9001,4642,407,4067.56,8758.8
3282,1975,5,11109,561,8711,2418,269,4534.98,7816.9
3283,1758,4,11761,161,8667,1378,62,1700.61,5841.92
3284,1131,5,11608,154,6453,2348,250,3264.72,1051.37
3285,1290,5,10259,170,5897,3799,189,3998.15,2392.73
3286,1556,5,11554,206,3656,1260,372,2315.93,320.84
3287,1681,6,10266,473,267,3574,121,4972.24,3519.75
3288,1398,2,10477,703,8876,3572,63,899.47,8726.87
3289,1379,8,11815,113,4025,2131,177,3374.55,9448.18
3290,1123,3,11578,239,1856,4193,279,645.6,2498.33
3291,1092,3,10544,576,428,2022,353,2468.18,8401.21
3292,1577,8,11751,342,6750,3757,248,305.44,9618.22
3293,1795,7,11385,183,2306,4653,343,572.25,750.85
3294,1829,8,11066,590,775,2980,486,2219.4,1045.97
3295,1769,3,11682,111,8589,4418,186,1881.62,7584.16
3296,1399,2,10604,686,8298,197,373,4431.59,7897.82
3297,1546,5,10936,94,1534,1767,371,3620.84,1025.66
3298,1723,4,11121,275,4905,3274,241,364.24,2704.86
3299,1470,6,11242,683,4717,1141,315,4830.06,4249.92
3300,1932,8,10120,532,2519,252,120,2207.88,9181.02
3301,1156,5,11892,578,2476,3216,22,4545.1,2390.01
3302,1428,4,10275,540,4747,3528,140,4609.37,1089.93
3303,1912,6,11347,343,4532,2174,99,1709.74,1313.07
3304,1524,6,11260,636,6728,393,288,2569.23,7556.11
3305,1807,7,10325,202,9053,4953,46,2422.56,5761.17
3306,1451,5,11979,706,2744,2195,327,371.14,4515.72
3307,1238,8,10942,688,4549,1821,205,4243.83,7811.5
3308,1124,4,11025,462,5711,4492,250,3084.65,9680.1
3309,1388,1,11767,65,5312,2312,495,51.55,2925.65
3310,1113,3,10153,364,2250,180,351,3669.55,5166.87
3311,1298,6,10749,288,2613,1121,376,225.52,8443.94
3312,1045,7,11290,204,1133,1068,481,3160.06,6666.52
3313,1801,1,11207,159,675,518,484,4314.34,990.31
3314,1021,6,10562,367,4974,4540,97,4923.33,4715.19
3315,1111,5,11258,435,5659,1866,167,4195.51,9165.59
3316,1370,6,11928,456,245,2011,235,2266.67,9212.6
3317,1940,3,10103,550,6717,2869,45,1238.77,7510.78
3318,1813,1,11571,171,9351,3327,365,3712.73,2166.14
3319,1213,8,10741,650,8385,3456,210,2780.68,9944.6
3320,1487,7,11235,383,1972,435,101,1873.69,5792.91
3321,1561,3,11297,563,9583,3468,15,1994.58,6677.67
3322,1504,1,10876,514,8358,562,118,704.34,971.74
3323,1977,4,11430,89,1158,3176,111,4572.31,3208.67
3324,1326,8,11490,655,8176,1377,283,508.41,3325.99
3325,1258,4,10182,586,8389,4061,153,3220.02,9211.47
3326,1917,2,10816,169,9250,2506,361,3023.27,5439.32
3327,1868,3,11046,306,7069,1358,327,4821.8,6768.41
3328,1919,4,10570,443,6462,4405,108,1760.48,7419.21
3329,1709,3,10480,257,4505,4203,97,4435.04,7914.27
3330,1502,6,10245,473,711,633,82,2349.35,358.16
3331,1160,3,10477,377,386,3499,193,536.69,5097.81
3332,1679,1,11625,680,3213,2544,146,1924.95,9237.94
3333,1604,4,11717,189,7391,3489,296,2852.24,7902.62
3334,1654,5,11877,452,5191,461,244,4695.94,9083.44
3335,1495,8,10665,268,8417,1296,259,182.28,5851.53
3336,1433,4,10472,674,9765,4432,309,3869.11,8550.17
3337,1197,7,10291,729,6031,4917,144,2155.55,5146.99
3338,1027,6,11944,417,6108,378,464,4542.92,5609.92
3339,1530,6,11185,694,158,159,149,4800.56,6918.51
3340,1472,7,11123,271,633,2997,362,1382.61,4957.45
3341,1828,8,11631,493,9637,4957,27,3039.56,3257.58
3342,1171,6,10385,383,4575,4559,469,186.05,2536.8
3343,1174,7,11243,489,2821,623,157,3374.72,178.57
3344,1962,3,10059,481,1530,3382,272,4801.62,5770.84
3345,1929,2,10288,520,9748,4730,324,1912.85,5056.3
3346,1075,2,11183,131,6123,3434,470,240.64,2928.04
3347,1643,3,11259,60,3485,4077,422,2793.56,6936.49
3348,1788,3,11384,54,9408,2486,232,2618.27,4867.68
3349,1525,5,10534,18,1807,4213,286,4518.27,7490.65
3350,1018,7,11058,185,1308,615,445,971.48,7221.03
3351,1060,6,11493,642,7407,2944,393,4480.84,7079.75
3352,1233,6,11167,393,4422,4327,48,4976.58,3573.15
3353,1464,8,10428,132,4996,4400,184,4938.17,5276.88
3354,1835,5,11243,274,1088,3055,9,2512.67,5750.19
3355,1543,6,11768,399,6151,4729,456,2886.2,3853.45
3356,1404,7,10684,377,8677,3499,252,1018.11,5432.22
3357,1136,5,10017,398,7715,4458,383,4131.99,5379.4
3358,1039,6,11560,80,8277,3147,65,756.53,167.92
3359,1318,8,11114,579,3593,24,344,4739.96,3279.44
3360,1575,3,11443,104,9089,3408,170,4069.13,9476.48
3361,1189,7,10950,478,7824,1392,158,4618.6,6168.81
3362,1065,1,10421,672,9121,4884,94,3598.83,1120.0
3363,1187,2,11954,563,3636,2168,305,1707.08,2566.07
3364,1841,5,10475,5,9749,2464,360,2989.02,1051.1
3365,1036,6,10914,326,473,3084,59,181.41,9827.28
3366,1710,1,10123,243,6433,456,461,1724.82,3016.48
3367,1990,1,10240,260,6570,3695,481,4237.09,8457.81
3368,1779,1,11738,450,9973,634,148,138.76,2572.43
3369,1437,3,10755,151,5010,4735,180,1084.35,7684.96
3370,1345,6,11353,542,2958,133,484,1465.54,4029.97
3371,1912,4,10961,460,8295,2397,486,2660.52,8813.63
3372,1570,1,11979,726,9332,986,115,4157.37,4463.23
3373,1273,7,10819,71,654,4348,249,1750.86,3703.8
3374,1194,4,10939,356,167,2621,326,1607.29,9859.23
3375,1376,4,10996,657,6401,1094,291,2287.72,2705.2
3376,1945,5,11714,618,5971,4847,170,2396.84,162.06
3377,1784,7,11278,136,3536,4933,382,2697.55,385.94
3378,1601,7,10014,35,4213,4769,423,4776.14,8742.07
3379,1372,8,11786,199,2518,102,392,3143.68,4343.89
3380,1963,3,10678,677,1075,3783,188,3089.38,6139.56
3381,1889,7,11872,579,4095,1435,27,3869.09,139.07
3382,1600,4,11175,678,9120,1906,237,4628.81,6935.18
3383,1989,7,11832,389,4894,942,201,3302.81,4274.56
3384,1001,8,10948,136,1852,35,5,981.21,8179.8
3385,1756,4,10311,189,905,1598,175,3472.45,6233.52
3386,1234,4,11592,164,5497,3785,195,2116.58,2497.81
3387,1622,4,11811,574,5207,260,98,1074.02,4320.76
3388,1365,4,10549,664,3551,2579,456,1625.1,9030.1
3389,1634,1,11512,308,2202,4392,346,1598.47,7098.18
3390,1547,4,11498,542,2634,73,475,2174.29,9998.37
3391,1622,7,10008,650,2150,3413,444,4993.46,3607.75
3392,1728,2,11445,310,5574,4832,138,4477.0,779.73
3393,1071,3,10810,99,263,245,266,164.25,6319.33
3394,1861,5,11177,15,5213,791,317,4144.07,8141.5
3395,1915,2,10962,431,1258,3199,411,625.45,197.73
3396,1557,5,11240,185,5765,1486,300,644.94,6074.36
3397,1270,8,11009,538,5338,2923,378,1790.48,3809.76
3398,1268,4,10119,175,8473,1449,500,4021.7,1179.31
3399,1453,2,11255,197,9164,1998,199,1781.88,9696.19
3400,1632,2,11245,322,6303,152,413,2220.77,6794.45
3401,1689,4,11290,673,3609,3822,111,3643.58,2838.3
3402,1803,1,10587,620,2079,2731,315,1106.58,1839.1
3403,1793,8,10698,335,6335,63,151,1422.7,5870.85
3404,1133,2,10615,545,5428,4441,336,1468.55,4320.83
3405,1992,6,11953,349,9159,2501,162,330.15,2262.51
3406,1366,7,11430,238,6173,651,142,1719.41,4626.9
3407,1439,7,10408,591,9364,2499,399,4540.71,8604.83
3408,1892,7,10229,325,4814,180,360,3774.75,1102.54
3409,1764,5,11298,722,8896,4054,134,4299.66,3453.8
3410,1846,3,10051,508,8272,1627,62,637.1,6943.64
3411,1797,7,10209,424,5864,2499,220,3172.94,6178.03
3412,1919,1,10798,396,1675,3057,93,1691.94,115.24
3413,1333,3,10510,174,7403,4801,248,2380.91,3195.73
3414,1149,1,10599,305,867,791,30,895.41,1246.12
3415,1760,5,10554,33,4980,3677,60,83.95,2422.98
3416,1477,3,11402,494,5086,4451,414,4792.64,309.32
3417,1936,1,11680,335,2112,2150,374,577.35,7167.44
3418,1154,1,11477,506,2166,892,241,4436.69,5321.95
3419,1295,1,11472,636,9054,3990,308,995.88,6217.86
3420,1776,2,10953,636,4930,2146,1,757.04,2753.14
3421,1989,4,11496,274,4063,1556,428,582.44,6152.8
3422,1976,6,10273,511,3576,2320,220,212.22,8536.13
3423,1667,2,10663,631,7133,1179,259,315.98,9428.85
3424,1660,1,11877,404,6545,3008,253,3473.42,6970.48
3425,1126,4,11493,297,8691,3505,314,548.4,8809.87
3426,1478,6,10412,381,1717,2697,191,3477.61,3657.64
3427,1596,7,12000,342,9496,3018,464,2626.29,9210.72
3428,1564,5,10042,188,2121,4197,278,86.62,7173.01
3429,1688,1,10344,714,3002,706,154,3038.43,2747.28
3430,1103,2,12000,477,3664,840,360,3297.88,3553.64
3431,1909,5,10052,199,8072,1848,118,1395.97,4328.7
3432,1284,8,11468,111,1584,1282,488,4652.86,4222.47
3433,1164,1,11600,576,3745,1690,348,2767.6,1569.82
3434,1135,1,10287,724,3662,1027,6,4509.85,9262.13
3435,1445,2,10911,545,9109,2285,291,4300.43,2700.02
3436,1430,5,11727,27,6667,759,291,1242.2,4370.45
3437,1319,4,11653,167,3867,1058,439,1797.49,145.41
3438,1446,7,10269,582,2610,1675,41,214.61,3773.27
3439,1273,2,10686,189,5334,1808,482,1829.52,2702.83
3440,1940,1,11528,185,501,3115,393,361.99,8933.77
3441,1871,6,11337,349,7088,581,472,1246.85,589.44
3442,1111,5,10221,600,1664,632,466,847.78,2060.4
3443,1578,1,11595,543,9872,128,334,931.85,2305.11
3444,1891,4,10943,366,731,1725,487,1929.17,6874.64
3445,1805,3,10246,634,1076,4090,373,3425.49,3039.73
3446,1048,1,11720,257,610,1191,492,2730.85,6296.8
3447,1840,1,11277,279,9812,221,342,4863.89,4466.97
3448,1753,3,11408,335,3808,3225,273,220.26,6611.39
3449,1134,7,10364,555,2749,356,133,541.42,6702.35
3450,1695,7,11438,548,9292,2623,491,258.68,5134.04
3451,1919,8,10930,563,9895,3594,419,557.16,1313.52
3452,1076,5,11589,342,9915,2336,69,1682.35,1933.11
3453,1058,3,11524,399,6635,3547,407,2335.95,5987.7
3454,1216,1,10213,506,5498,4685,377,1954.64,4459.99
3455,1296,4,11515,450,1187,626,440,1794.04,9573.57
3456,1656,8,11232,668,3112,3459,439,2993.12,1553.86
3457,1228,6,10523,701,201,3148,451,2957.44,1441.0
3458,1260,6,10493,52,7417,3887,234,1356.93,4359.01
3459,1791,6,10935,643,3565,4035,265,1345.65,9830.24
3460,1115,6,11006,218,5326,2945,325,2990.15,3879.61
3461,1933,7,10471,385,8876,2130,145,3510.61,5438.74
3462,1208,7,10630,678,3693,4028,300,3822.95,5912.05
3463,1220,7,10992,220,3220,609,50,483.05,2016.51
3464,1309,6,11152,3,7465,4075,114,2500.74,5543.21
3465,1552,8,10141,372,968,581,47,3295.33,9651.82
3466,1313,3,10386,646,9414,4494,88,1694.09,7474.29
3467,1482,4,10323,610,3220,4965,274,4392.3,7273.72
3468,1558,4,10020,610,7548,2300,162,2243.09,7974.19
3469,1243,8,11329,373,8136,1890,231,2157.06,811.7
3470,1809,2,10398,121,726,1261,394,3732.13,3886.53
3471,1617,6,10347,307,3032,2862,84,137.1,798.53
3472,1489,4,11533,495,2396,2047,125,4921.95,7918.65
3473,1840,8,11723,30,5453,1605,290,3143.02,411.99
3474,1567,6,11459,383,4953,2252,194,2762.5,5684.38
3475,1591,8,11515,113,8239,2968,84,4798.86,9323.84
3476,1978,2,11857,390,1158,319,267,1743.37,8606.13
3477,1409,8,11086,229,4195,2951,465,3179.97,939.73
3478,1155,3,11652,439,786,1142,83,1552.49,4169.4
3479,1080,4,11981,135,7840,1469,204,2186.5,578.59
3480,1898,4,11242,142,9602,1430,35,2675.3,8990.59
3481,1558,6,10683,164,8613,2061,40,3383.47,3600.38
3482,1086,6,10090,311,1241,4801,397,1274.43,6256.52
3483,1617,2,11298,150,2392,2396,82,609.62,6233.77
3484,1561,7,11806,524,4890,3028,363,798.21,2342.02
3485,1476,8,10466,374,4076,1511,0,3232.23,5755.98
3486,1632,7,10588,364,6820,3323,418,3945.47,7448.2
3487,1154,1,11735,342,8250,4375,270,1604.62,4156.8
3488,1341,6,11190,674,470,285,234,934.85,9821.58
3489,1998,2,10819,97,9177,4080,165,3810.71,4349.07
3490,1293,2,11590,150,8375,1694,249,1827.68,939.33
3491,1154,6,11635,371,4139,1382,403,2790.51,2304.3
3492,1225,4,11023,175,7284,2802,20,688.06,5824.25
3493,1618,8,10344,58,7997,1192,168,694.21,6997.61
3494,1429,8,10044,204,7290,1744,470,2433.64,1718.88
3495,1646,4,10980,583,4864,3210,176,4177.04,9149.11
3496,1255,7,11125,38,1849,160,85,1431.63,5756.56
3497,1179,8,11537,493,7002,634,249,2965.83,5432.31
3498,1264,8,11104,35,3953,2109,362,4304.87,6475.52
3499,1060,2,10321,315,5634,3091,490,213.14,3794.09
3500,1703,6,11048,678,2536,3416,225,3481.11,946.15
3501,1024,3,11508,276,6558,2227,32,144.29,9405.04
3502,1231,1,10551,700,8750,3355,223,1034.51,9516.94
3503,1633,8,10936,598,2567,2497,64,1049.19,820.15
3504,1073,4,10247,193,3370,1556,432,3674.49,1033.87
3505,1449,5,10445,713,708,3861,210,1861.16,5752.62
3506,1901,3,11795,698,553,2441,438,4666.19,5040.92
3507,1381,5,11175,105,9233,486,250,3784.79,4373.25
3508,1872,3,10009,123,1313,400,421,1244.2,8605.18
3509,1410,5,10104,247,7400,4805,500,1012.29,672.22
3510,1658,7,11312,423,9022,4308,310,1455.75,8147.97
3511,1057,1,10003,284,4368,3022,169,3799.58,7366.56
3512,1487,4,11425,720,3726,3976,299,3664.24,7759.41
3513,1140,2,10948,481,4440,1021,148,4498.63,4331.99
3514,1146,2,10023,474,4475,989,7,1424.25,3099.91
3515,1778,6,11667,351,8685,1976,208,2805.05,6278.85
3516,1027,7,10508,395,5832,728,132,194.26,8870.79
3517,1920,4,11902,702,6414,1878,317,4125.1,4146.98
3518,1981,1,10930,281,9282,1706,248,1616.07,5334.3
3519,1222,3,10611,92,8962,2142,175,4331.28,3721.23
3520,1131,1,11807,520,9508,3105,368,2178.28,5468.47
3521,1657,6,10070,381,8368,3580,480,2460.33,6254.8
3522,1738,7,11636,26,3549,3324,111,4965.47,1735.35
3523,1626,3,10402,137,902,323,253,232.61,6802.43
3524,1617,4,10712,325,6699,1143,447,2204.1,8192.12
3525,1414,6,10002,509,5426,1109,219,2143.3,2484.14
3526,1643,3,10907,56,5345,2384,479,4719.77,3717.28
3527,1638,1,11646,55,8452,2720,467,3731.52,121.22
3528,1681,5,11970,176,2777,716,131,3632.87,6910.03
3529,1161,4,10667,503,3994,4725,419,3196.42,260.5
3530,1656,6,10096,63,8685,4166,129,3771.34,6592.99
3531,1448,4,11686,716,9988,3719,184,356.83,365.73
3532,1757,8,11657,242,1271,3469,137,695.18,631.36
3533,1619,3,11157,79,1011,2292,148,787.65,6351.52
3534,1135,5,11963,375,602,1410,280,4572.57,6050.72
3535,1329,6,11571,566,6464,233,68,2941.37,919.59
3536,1100,8,10141,476,8015,4440,99,250.88,6845.78
3537,1458,8,10641,129,6455,3659,396,759.88,2886.75
3538,1451,5,11065,397,8575,894,10,3869.03,4816.64
3539,1425,1,10341,333,9250,2524,303,2044.02,6668.83
3540,1586,7,10834,410,3663,727,89,1745.84,1267.04
3541,1795,2,10223,726,8506,4645,69,3472.3,8098.98
3542,1129,7,11917,165,6471,4952,397,2730.78,2662.5
3543,1429,8,10620,479,8800,1794,294,1566.36,751.02
3544,1112,7,11936,497,2204,4490,101,2066.91,8921.45
3545,1603,8,10320,7,1838,4954,229,651.04,4864.04
3546,1357,1,11862,476,5678,4545,384,1729.12,6729.78
3547,1815,4,11355,169,6580,2139,481,820.32,3279.01
3548,1236,7,11980,690,5126,3694,128,1460.58,1485.76
3549,1712,8,10318,545,4013,3850,247,1373.58,1569.25
3550,1184,3,11690,271,7890,1899,377,3749.53,3205.66
3551,1248,7,10607,132,5064,2245,465,4929.2,608.33
3552,1931,5,10009,542,6514,1531,334,222.59,7397.36
3553,1082,4,10149,487,2414,1249,91,1135.96,5437.2
3554,1587,2,10772,64,5310,3195,163,4077.7,2077.53
3555,1256,7,10441,383,6298,43,338,368.52,4627.61
3556,1135,4,11076,19,4385,3127,54,2177.03,4825.52
3557,1865,4,11845,700,6378,2559,477,1355.62,9045.74
3558,1506,3,10611,504,640,4444,107,615.93,3492.15
3559,1874,3,10497,297,637,3443,284,4394.65,3243.1
3560,1142,7,11422,68,869,4910,205,1576.11,4251.24
3561,1278,5,11801,339,1827,3648,118,3842.58,9499.05
3562,1256,2,10638,473,5631,2036,498,3405.67,127.45
3563,1146,6,10176,705,9134,124,272,3928.53,5558.01
3564,1380,3,11443,154,7053,1816,39,3487.45,4338.88
3565,1762,4,11346,256,5549,4255,215,743.01,5354.14
3566,1622,1,10778,372,7913,875,42,1233.71,9359.79
3567,1870,1,11533,31,6391,2310,364,2811.73,5411.44
3568,1419,5,10195,79,541,2791,197,1106.15,1126.8
3569,1613,2,11235,453,8532,2310,78,1451.04,1347.34
3570,1309,8,10108,73,4989,822,71,3541.26,9542.41
3571,1059,5,10593,379,2304,3317,414,899.43,8873.57
3572,1603,2,10524,623,1655,4512,280,1489.05,699.71
3573,1435,6,11381,420,6435,4401,50,3416.67,3075.47
3574,1873,5,11006,590,3242,353,140,3037.61,6173.05
3575,1942,6,10978,376,8558,3964,335,4923.49,9281.39
3576,1921,2,10328,614,9169,284,397,3978.99,738.5
3577,1306,3,10957,445,9284,3410,385,3969.66,5006.69
3578,1237,5,11106,310,7961,3203,234,1679.22,8040.09
3579,1460,8,11755,88,4337,3878,21,4723.1,5450.85
3580,1686,6,10617,341,4539,4146,499,3619.43,4697.47
3581,1938,7,10433,526,5263,1740,358,3466.8,1550.89
3582,1131,4,10273,35,6714,2793,282,1679.48,1119.51
3583,1252,5,11188,118,943,4513,133,652.97,8696.99
3584,1494,8,10184,564,2880,1831,347,3445.53,2064.75
3585,1523,5,11104,494,1313,3451,457,3794.43,9518.66
3586,1877,5,10212,118,8976,648,92,3388.8,7799.15
3587,1870,1,10617,180,2610,2701,399,3211.76,8879.99
3588,1900,1,10907,207,8093,4675,344,3656.11,795.17
3589,1896,7,11553,61,1624,632,44,924.73,9955.71
3590,1887,2,10045,100,2557,112,47,1768.25,8730.29
3591,1802,3,10051,440,8006,1024,151,2432.27,6298.46
3592,1185,5,10610,658,8497,1402,276,176.58,2630.46
3593,1635,7,11801,612,5035,1437,17,1256.86,7992.01
3594,1776,3,11218,450,2734,759,79,1674.22,419.06
3595,1473,1,10429,447,5557,1104,425,3600.41,3125.42
3596,1078,6,10379,414,8761,3129,343,4701.22,8521.76
3597,1176,4,10623,388,3460,2668,261,3249.4,7766.92
3598,1380,4,11477,401,7485,3038,20,3027.5,3041.2
3599,1821,2,10352,290,5251,2298,61,3095.4,5855.72
3600,1572,4,10077,507,4439,3186,89,2151.33,1460.32
3601,1913,8,11867,121,5950,2437,496,1441.95,4690.93
3602,1554,1,10640,286,1601,4092,412,3117.19,6906.5
3603,1706,6,11555,551,9224,2149,412,1255.35,4323.54
3604,1918,1,11482,321,2682,2806,468,1708.43,734.75
3605,1930,1,10488,641,3400,1888,45,922.68,6527.56
3606,1420,2,10366,383,7972,2941,464,3501.71,9301.13
3607,1153,7,11262,150,6094,4304,76,3342.98,5495.03
3608,1374,7,10573,297,6339,3767,452,4097.3,5641.89
3609,1283,3,10666,507,8214,269,14,4742.63,9484.21
3610,1397,7,10242,653,5584,645,245,4325.15,9077.41
3611,1278,7,11679,592,7107,3415,102,4878.23,9159.77
3612,1091,6,11227,504,7221,4794,361,1968.25,1452.15
3613,1796,7,11017,87,8630,4052,285,3943.22,8340.01
3614,1726,5,11440,291,3955,4640,246,1881.31,2333.93
3615,1602,7,11854,722,9293,1629,237,2221.62,3833.65
3616,1414,6,11691,594,2027,2323,208,4132.9,884.68
3617,1281,7,10369,21,2752,1537,160,1249.4,5366.1
3618,1834,1,11476,76,5955,3817,431,2691.14,8861.22
3619,1023,4,10982,336,1866,857,99,3840.42,8002.75
3620,1892,5,10160,590,4806,152,284,4693.71,5421.26
3621,1966,6,10297,717,6535,318,51,3491.37,7878.31
3622,1072,1,11261,231,2291,842,263,4393.13,9005.67
3623,1611,2,11995,478,1468,2505,264,2790.34,3414.72
3624,1337,2,11551,173,704,2654,159,1446.38,257.49
3625,1381,3,11813,726,5928,97,348,2646.34,5171.13
3626,1665,2,10539,551,3246,4594,444,2598.58,5030.18
3627,1988,4,11609,432,1259,3464,458,2398.25,3576.45
3628,1388,1,11126,660,1172,1329,499,3707.57,4500.32
3629,1007,1,10978,378,4187,387,89,2142.69,2389.54
3630,1250,6,10704,725,7550,523,187,374.54,2616.15
3631,1578,4,11240,676,4661,4644,212,2930.12,3397.67
3632,1722,8,11273,38,6213,1452,498,2783.54,7405.43
3633,1419,5,10374,142,8550,3783,171,4686.49,1924.84
3634,1171,5,11772,590,976,595,206,689.78,7867.06
3635,1547,1,11132,212,2963,3069,305,822.64,7276.67
3636,1303,3,10733,388,270,4601,402,1419.46,4504.45
3637,1765,3,10917,432,9041,2105,294,2177.89,6861.16
3638,1772,5,11712,332,8337,4511,116,1345.5,9138.79
3639,1735,5,10592,446,9163,4334,419,103.48,617.92
3640,1674,8,10587,592,9714,643,44,2508.44,338.91
3641,1973,5,10401,702,4874,4916,353,1839.03,3146.34
3642,1247,1,11753,420,8833,4590,119,2195.12,2172.17
3643,1101,4,10446,529,5557,4672,171,3988.44,7378.28
3644,1073,4,10028,302,2998,2166,46,287.08,8376.33
3645,1485,5,10341,238,2382,2303,473,1171.34,4465.11
3646,1925,7,10187,653,3406,1200,183,4664.96,1537.22
3647,1456,8,11305,376,931,1252,157,1393.33,9507.13
3648,1522,3,10414,674,414,185,396,492.53,5243.01
3649,1203,4,11425,612,407,3620,203,2824.56,3809.78
3650,1924,7,11843,258,8327,1667,183,4100.86,5366.33
3651,1153,8,10778,657,3530,2900,195,2652.27,2254.13
3652,1551,5,10190,83,3825,3520,220,4788.86,7386.57
3653,1345,5,10674,537,6035,4476,151,168.72,8114.71
3654,1303,5,11588,529,1002,3902,296,3147.37,1396.16
3655,1315,2,11365,275,6902,2338,171,4930.51,5482.73
3656,1507,7,11086,397,9019,4722,343,3597.92,5916.84
3657,1988,3,11834,255,9247,1743,292,2830.96,7582.19
3658,1184,6,11016,180,1242,4226,26,656.53,8861.97
3659,1501,5,11974,263,4521,3529,166,1214.32,2309.93
3660,1810,5,11901,397,5752,2281,482,57.09,7281.8
3661,1100,6,10611,342,6561,2431,37,92.48,3455.77
3662,1956,6,11370,471,4423,1428,438,726.43,6964.25
3663,1364,3,11383,697,8063,1346,242,2209.74,6721.54
3664,1665,6,10688,480,9395,1193,134,3631.37,3048.85
3665,1459,2,11912,607,4845,4002,106,4484.1,282.7
3666,1860,8,10261,620,4484,4506,82,544.48,7481.11
3667,1876,4,11061,363,2432,2277,4,2142.92,3076.63
3668,1082,8,11043,428,8405,891,203,1724.29,1711.19
3669,1047,8,10218,684,5551,1473,445,111.77,7876.05
3670,1793,3,10164,270,9478,1552,35,643.52,4639.39
3671,1750,5,10425,418,3323,4978,163,2117.96,9559.63
3672,1936,1,11337,531,9291,2077,37,1922.75,1551.54
3673,1755,8,10039,48,5752,4564,331,4961.11,8171.42
3674,1352,5,10335,369,2966,3034,484,61.34,4624.05
3675,1562,4,11582,402,2822,2917,176,2907.12,2751.7
3676,1867,5,11462,562,965,2321,126,936.12,4805.26
3677,1968,2,11363,526,5470,3510,109,4055.63,9705.42
3678,1346,6,11842,391,6492,3701,350,610.63,1863.22
3679,1041,5,10781,461,3091,139,90,3579.97,1065.17
3680,1376,4,10668,651,2794,145,280,1479.59,402.75
3681,1326,4,11607,182,9389,2165,177,473.87,8973.05
3682,1662,3,10898,612,1822,2637,170,4283.58,7154.49
3683,1002,8,10837,523,6119,1446,167,2729.05,6192.0
3684,1300,7,11957,456,7081,228,438,348.79,6222.23
3685,1823,8,10114,725,965,528,199,2549.5,7498.03
3686,1558,5,11756,120,101,3184,235,1674.87,7315.06
3687,1156,3,10322,164,5132,4791,296,3014.06,487.07
3688,1081,1,11265,72,6059,1052,363,3354.89,8542.49
3689,1696,6,11647,315,8655,2425,352,412.53,4280.1
3690,1684,2,10254,493,701,952,200,3588.77,4756.15
3691,1704,5,11821,144,8479,4204,86,1743.38,2593.85
3692,1943,5,11131,315,6091,2291,173,2604.39,5146.66
3693,1317,8,11484,80,7344,592,56,2987.59,3059.51
3694,1818,5,10108,178,8032,2326,396,4367.82,5406.57
3695,1975,6,11953,664,4137,649,322,402.69,7517.76
3696,1545,3,11288,482,1131,3578,137,3863.01,8256.75
3697,1185,7,10170,96,9651,765,459,2024.33,6791.36
3698,1839,8,11614,359,4386,1579,452,2147.28,5560.44
3699,1086,5,10326,113,8430,3474,473,509.7,2364.75
3700,1393,2,10708,629,2704,4529,406,1017.76,7760.95
3701,1189,7,11477,458,6700,2226,64,4047.45,7848.92
3702,1317,5,10989,113,1993,3893,318,325.82,5646.99
3703,1347,3,10435,550,6546,4551,471,4219.29,7708.41
3704,1496,3,11027,60,1217,4616,85,698.22,236.5
3705,1560,7,11264,187,8291,4242,301,3599.5,2394.41
3706,1649,3,10495,21,5851,3429,447,1688.09,9086.35
3707,1108,1,11349,395,8141,321,178,3728.29,8456.54
3708,1976,8,10508,554,9311,4896,220,235.53,6291.49
3709,1774,7,10191,519,696,1560,113,3012.21,1554.55
3710,1286,2,10338,166,9368,2110,47,950.25,9467.79
3711,1513,5,10598,349,2023,4361,42,2879.69,4588.85
3712,1121,1,11027,310,986,1573,37,354.3,3040.26
3713,1263,5,10422,12,8899,1978,389,1655.35,7796.55
3714,1676,2,11032,601,2163,4058,181,3937.97,5767.68
3715,1021,3,11294,474,1100,1276,130,4540.16,8706.48
3716,1038,8,11017,562,1596,4485,314,2003.18,1591.79
3717,1939,5,10234,287,1940,1631,139,4339.7,7244.85
3718,1233,6,11419,70,3009,3496,448,4628.18,9640.05
3719,1342,8,10052,227,1112,4081,468,634.83,7563.19
3720,1258,5,11773,226,6680,2355,252,836.69,4576.8
3721,1660,6,10597,55,7504,395,262,4807.97,3091.86
3722,1960,6,10204,496,8475,824,433,2971.97,5693.17
3723,1016,4,10199,608,7450,847,498,1996.71,940.29
3724,1193,6,10956,284,896,1067,241,4658.9,4474.37
3725,1160,3,11964,377,5935,4871,329,1894.68,1055.42
3726,1474,3,10290,697,1273,4477,117,4173.73,8879.6
3727,1044,2,11227,617,572,4396,35,2814.27,8833.09
3728,1355,4,11590,661,3229,509,348,1061.82,4316.13
3729,1004,7,10257,317,7778,598,112,4758.78,4734.27
3730,1758,6,10988,446,4349,4554,496,823.33,9340.03
3731,1777,1,11748,147,3973,2415,249,3733.67,4068.33
3732,1755,6,10875,342,3172,1533,143,4928.57,5380.6
3733,1707,2,10940,611,8550,1163,207,1489.62,5130.15
3734,1210,1,10504,663,991,2948,477,4566.52,3452.84
3735,1626,4,11492,71,1964,4594,105,3580.32,6799.05
3736,1143,5,11842,322,7813,4053,392,702.67,5907.9
3737,1466,2,10114,379,6752,3249,253,1393.08,7327.98
3738,1341,3,10349,220,347,4399,235,2720.58,9684.91
3739,1988,7,10081,619,1656,4427,293,4852.63,332.76
3740,1323,4,10948,200,4499,1816,379,3253.2,6907.23
3741,1746,6,11138,193,3635,3867,125,3013.65,5208.79
3742,1941,6,11426,215,931,2635,121,3139.43,6406.39
3743,1274,7,10537,286,4174,742,77,2053.92,5991.29
3744,1981,8,11994,345,1331,4598,388,537.82,6860.52
3745,1418,3,11511,581,7895,3318,221,2575.6,1957.6
3746,1641,7,11712,34,1292,4715,442,593.96,9438.76
3747,1836,2,10606,11,5313,3095,410,297.48,8449.25
3748,1967,5,10771,547,7144,1654,13,1373.98,5885.51
3749,1623,1,10645,40,6597,2290,352,909.73,5255.25
3750,1393,4,10707,549,2768,200,90,4207.17,4957.27
3751,1524,6,10590,718,817,699,361,1257.45,752.81
3752,1613,8,10034,97,8716,3850,382,291.12,1027.35
3753,1473,1,10207,61,7260,2179,405,2293.58,1858.39
3754,1716,4,11649,658,7798,3612,422,3003.18,1831.81
3755,1480,6,11494,475,6935,4997,107,4807.51,2222.32
3756,1599,1,10589,331,5975,4542,153,4472.22,5001.07
3757,1783,7,11825,706,5720,4334,457,3145.52,6210.48
3758,1292,5,11096,540,4385,1775,425,1173.33,6299.87
3759,1498,5,10865,656,1805,2669,270,4839.17,7087.38
3760,1155,3,11687,428,1813,3825,22,1694.21,1741.0
3761,1702,1,11879,118,4349,1436,170,524.46,8213.88
3762,1909,1,11987,366,9023,2472,12,2921.34,8433.11
3763,1668,6,10123,23,2444,3845,129,4030.71,2155.73
3764,1646,1,11366,42,6811,88,218,2089.64,3687.63
3765,1968,8,11902,181,3970,674,317,2420.34,3140.35
3766,1216,6,10781,546,2845,2572,0,1968.17,2247.48
3767,1995,6,11337,242,4699,1795,375,1937.96,3412.25
3768,1118,3,11638,450,9438,2990,455,3373.12,7359.01
3769,1820,6,11497,65,6451,2383,279,174.0,7192.28
3770,1716,8,10353,243,849,3660,394,4803.4,5659.52
3771,1191,5,11068,177,735,1755,75,1891.67,6255.6
3772,1455,5,11003,463,439,4507,285,2252.65,7028.52
3773,1510,5,11846,557,2546,4673,497,2235.09,3694.84
3774,1310,5,11531,352,8710,1242,152,650.16,5650.82
3775,1804,3,11388,550,410,2586,264,1193.88,3197.52
3776,1107,8,10574,550,5777,4862,376,2612.94,5749.8
3777,1177,8,11524,452,216,1553,134,1050.96,2208.66
3778,1348,4,10105,339,5448,3063,23,3363.55,7551.48
3779,1147,7,10435,482,6381,1609,218,1829.62,655.09
3780,1466,8,10030,623,6157,2609,100,288.37,7311.33
3781,1891,2,11621,84,9632,1966,333,3831.2,7996.37
3782,1949,5,10071,326,3878,1723,351,551.5,3492.37
3783,1692,2,11613,713,9508,4178,272,1548.14,1391.14
3784,1674,4,11989,194,6465,3013,110,806.47,3700.01
3785,1569,3,11328,426,737,1325,430,571.43,3251.64
3786,1455,7,10245,291,170,1449,53,1483.29,9255.15
3787,1335,3,10400,197,1288,1236,79,4142.59,2362.67
3788,1203,2,11484,680,3839,21,482,932.77,2826.73
3789,1631,4,10037,424,5267,1328,422,4779.79,6057.54
3790,1430,7,10175,255,4934,2232,35,1199.09,1391.52
3791,1736,3,10868,608,7412,2613,148,4740.22,7217.83
3792,1397,5,11939,248,7102,875,449,2527.46,3954.35
3793,1496,8,11166,676,9189,4297,143,88.26,8479.84
3794,1535,2,10798,438,4691,4285,483,3712.26,6551.67
3795,1520,5,11534,532,6063,1336,345,2468.06,5756.74
3796,1043,6,10111,77,5915,789,149,4928.89,9911.86
3797,1260,8,10582,257,1442,3010,138,2938.93,4396.72
3798,1695,7,11290,225,4049,2963,488,3675.16,7744.15
3799,1627,5,10297,84,6596,1050,355,435.06,7914.12
3800,1126,7,10421,186,5642,3452,230,4465.68,646.16
3801,1674,1,11887,723,6187,4698,301,4495.18,2161.08
3802,1274,1,10303,334,394,1263,463,1508.24,9457.59
3803,1505,3,11690,108,6772,2409,154,1479.58,3393.47
3804,1403,1,11790,643,5504,4027,9,2705.39,2017.69
3805,1010,2,11555,683,8806,4797,403,4327.2,909.86
3806,1962,2,10993,38,5347,2393,400,4786.04,786.45
3807,1126,2,11994,561,2290,2908,264,2591.67,4219.56
3808,1781,2,11051,701,2988,1634,127,3297.79,9677.08
3809,1294,5,10947,79,3786,3569,71,1715.57,6171.11
3810,1961,6,10277,723,7689,1139,470,1562.51,6258.77
3811,1735,7,10485,636,3428,3290,303,1093.82,8402.6
3812,1021,1,11095,646,5703,3522,0,3423.14,6642.55
3813,1779,6,11735,666,6481,3760,81,4223.63,479.48
3814,1974,8,10990,686,6903,4474,191,3841.04,8115.55
3815,1896,5,11639,434,4253,2108,106,4530.22,248.08
3816,1206,8,11721,433,5911,403,224,4274.7,7336.48
3817,1438,5,11613,206,159,3011,34,560.15,8110.38
3818,1863,7,10137,560,8560,4260,458,3006.34,8345.09
3819,1113,4,11313,360,1310,2610,248,165.25,5223.58
3820,1992,5,10097,292,3229,1101,33,2944.24,9470.19
3821,1791,7,10256,731,1995,3349,487,855.15,7224.33
3822,1902,1,11224,668,3730,3341,14,4271.36,9692.78
3823,1174,8,11794,333,5741,2250,430,1988.02,4545.03
3824,1632,6,10412,156,4798,1262,127,3465.78,1547.17
3825,1810,2,10018,603,2528,3099,268,1915.12,2962.23
3826,1550,2,11880,51,2722,4880,375,1354.91,4293.26
3827,1160,8,10333,439,404,1834,488,1906.71,9694.0
3828,1408,7,10080,696,2123,510,275,99.56,3492.13
3829,1824,1,11084,562,7235,727,26,1763.01,977.34
3830,1330,2,11607,296,9989,134,105,3240.86,3871.51
3831,1148,7,11138,252,2747,3409,359,1595.56,9331.51
3832,1096,6,10237,515,7133,989,119,421.37,4780.59
3833,1467,5,11798,225,9512,2471,35,4375.7,4541.88
3834,1019,5,10734,77,5697,2855,218,829.66,3244.73
3835,1328,5,11389,274,3485,4240,318,2634.35,6954.85
3836,1360,7,10842,292,8999,4916,19,3600.95,2011.91
3837,1838,7,11162,234,6752,710,475,3678.09,7672.49
3838,1429,5,10520,199,6465,4547,216,798.11,9819.59
3839,1657,3,10280,245,4997,1363,440,4523.16,7366.62
3840,1992,8,10946,120,842,1589,208,3128.71,2911.58
3841,1989,7,10558,480,9846,917,140,4856.01,9965.04
3842,1034,6,11855,532,2443,4814,130,2148.66,1676.34
3843,1505,3,10239,727,5843,1997,384,4671.81,7522.12
3844,1281,8,11696,397,9405,4845,144,852.86,3797.66
3845,1173,5,11908,558,3631,4760,274,654.47,7413.55
3846,1922,1,10715,701,10000,845,43,4448.97,3753.96
3847,1314,6,10129,165,7913,1893,218,3342.61,9699.73
3848,1921,5,10453,273,7555,4780,282,2525.48,8506.73
3849,1662,7,11600,142,6729,2900,166,1885.25,2260.18
3850,1905,1,11024,676,8688,46,297,471.27,4368.92
3851,1552,4,10683,291,5336,1771,145,1813.09,1720.68
3852,1619,7,10713,193,5725,3336,374,2407.93,6349.33
3853,1342,8,11542,426,8140,3637,201,422.09,6860.64
3854,1235,5,11831,208,4908,1521,275,2826.89,8998.63
3855,1736,2,10211,603,9241,3393,183,2931.55,7501.1
3856,1086,1,11441,274,9344,2789,142,1710.35,872.64
3857,1086,2,11914,189,7641,1726,216,1226.11,9769.46
3858,1442,4,10113,338,1511,2161,64,2077.31,6080.96
3859,1353,4,10189,587,5971,2704,76,3478.92,213.3
3860,1551,3,10480,250,208,313,259,4222.52,2396.02
3861,1399,3,10786,532,6451,1425,359,3691.96,933.7
3862,1882,8,10634,648,5471,3428,487,1947.54,2984.23
3863,1576,7,10721,495,7563,2771,495,1585.75,8909.56
3864,1187,2,11376,575,1741,2216,37,3786.67,3624.54
3865,1619,4,10735,299,7371,4110,420,955.48,8435.69
3866,1251,4,11373,481,2537,1899,138,2999.34,5163.75
3867,1411,6,10658,356,4550,3911,470,2854.43,2646.77
3868,1424,5,10125,713,1012,1481,286,1639.24,7361.99
3869,1103,3,10132,619,2956,1943,327,2985.61,6461.7
3870,1648,2,11485,223,9924,244,409,139.84,8556.52
3871,1355,6,10317,631,2637,1420,110,4344.08,1708.86
3872,1036,7,11834,23,6716,1058,352,1744.06,4490.15
3873,1145,6,10566,595,5749,3474,95,2527.7,3779.77
3874,1568,1,10391,592,547,2228,198,3885.64,5127.56
3875,1559,7,11710,214,3771,4459,206,4474.81,2650.35
3876,1803,7,10085,140,4229,2927,384,3177.14,733.39
3877,1663,4,10812,121,5523,1029,382,2168.24,1465.25
3878,1860,5,11562,659,2161,4493,357,1066.85,7152.46
3879,1928,6,11074,502,2032,231,391,1880.42,3230.22
3880,1588,1,11636,655,4573,2891,432,3352.23,6632.63
3881,1063,4,11036,351,5442,1736,312,4053.19,566.13
3882,1468,4,10057,445,2225,4538,280,3852.42,6384.72
3883,1216,5,10868,633,7227,3722,484,1120.69,1065.82
3884,1870,5,10159,261,1364,653,456,1624.41,7636.36
3885,1421,2,11796,154,2899,1019,434,4386.62,3522.23
3886,1892,5,11043,312,303,299,146,1087.16,4500.7
3887,1239,8,10274,440,7685,2920,120,910.27,5026.73
3888,1939,1,10022,84,920,4443,143,3533.44,133.42
3889,1166,8,10756,7,8684,171,112,1614.36,3366.22
3890,1082,6,10159,219,3260,1549,486,3694.44,9668.13
3891,1118,6,11245,453,3454,1634,414,85.9,6490.48
3892,1392,8,10640,124,3218,4173,186,4291.55,8596.33
3893,1501,6,10989,448,5815,871,374,2897.51,5190.65
3894,1445,7,11451,630,8441,4944,78,4287.41,2385.08
3895,1902,1,11854,665,9711,2893,62,4280.76,4146.03
3896,1925,6,10146,538,1417,3509,478,3803.79,6128.5
3897,1359,2,11604,454,9784,3040,238,3518.91,5386.71
3898,1787,7,10766,121,1251,1662,159,3939.35,5539.7
3899,1227,4,10192,34,4513,3292,284,1533.66,1329.39
3900,1201,6,11089,700,4656,855,328,4363.4,5368.12
3901,1559,8,11010,133,9638,1330,436,4445.11,5620.67
3902,1959,8,10875,550,824,3973,185,329.33,400.46
3903,1587,6,10955,392,9454,2636,129,2649.42,7186.39
3904,1918,6,11616,229,5111,33,151,4312.28,3122.84
3905,1634,5,11422,248,6282,1377,463,2637.99,9318.05
3906,1259,7,10767,261,6223,2557,31,3982.07,7057.32
3907,1572,4,11714,593,182,1010,290,637.31,1389.57
3908,1290,8,11984,481,3807,3419,353,3508.85,6885.0
3909,1749,3,10303,513,9007,4676,8,2201.68,3124.51
3910,1045,4,11001,12,5328,2333,463,3242.95,4590.34
3911,1038,5,11597,147,7731,3353,207,474.52,1040.03
3912,1390,4,11746,242,9572,3994,27,3817.84,917.4
3913,1085,4,11289,83,9981,1169,482,4871.58,8691.17
3914,1959,3,10399,608,6885,3832,388,4944.36,8566.23
3915,1115,7,10814,144,6037,972,391,3332.3,8755.55
3916,1290,7,11166,369,6178,810,176,3914.63,3725.33
3917,1604,3,11891,683,6655,2376,267,2460.11,2616.44
3918,1879,6,11297,338,6097,3906,141,4006.88,2598.66
3919,1593,3,11591,387,8551,3398,389,4339.19,3552.41
3920,1748,1,10083,279,1686,2150,211,3455.5,1012.3
3921,1208,5,10126,725,197,1534,450,2991.72,9299.04
3922,1580,1,10483,488,9797,3907,334,3591.05,4696.26
3923,1732,1,10660,438,5210,4641,350,4927.43,8656.29
3924,1224,8,11597,338,9960,4666,316,4091.87,7187.47
3925,1447,8,10156,127,8685,132,25,1762.13,5352.09
3926,1843,5,11115,60,9044,4074,498,1813.32,5767.67
3927,1540,8,10228,182,5025,101,368,261.57,766.66
3928,1113,1,10185,613,8722,2499,390,4614.45,7196.13
3929,1725,1,10405,268,3647,2746,112,3332.32,1728.75
3930,1960,1,11093,442,1799,2466,35,4688.73,8610.16
3931,1922,3,11490,628,4783,269,215,518.53,1734.8
3932,1589,4,11096,410,2315,455,366,1201.63,2193.51
3933,1676,5,11667,259,9752,1329,271,3874.4,5560.1
3934,1946,1,10283,575,5709,3456,370,3456.47,4807.57
3935,1367,5,10856,177,3608,3478,56,1963.77,2365.4
3936,1633,7,10701,189,6135,1186,1,3437.66,8916.64
3937,1920,5,11022,702,8151,3436,352,2104.06,7734.48
3938,1331,5,11769,17,560,187,0,4280.08,9815.63
3939,1483,2,10281,345,5114,2197,101,3037.97,6604.42
3940,1017,4,11447,518,1289,2568,290,3897.36,3351.36
3941,1021,5,11269,316,5090,2047,163,2170.55,8394.49
3942,1316,4,10850,485,9082,1900,238,3818.26,8309.82
3943,1812,7,11201,584,672,3281,28,639.46,9611.33
3944,1040,7,11168,213,9318,2255,322,1676.18,8616.06
3945,1303,6,10779,419,8467,138,460,3343.57,5446.66
3946,1567,6,11536,25,9981,3272,386,4650.5,7999.29
3947,1586,8,10378,36,8500,4645,50,2818.48,480.46
3948,1531,6,11586,548,8326,3367,128,3138.14,1207.62
3949,1323,1,11399,341,1802,4267,314,2521.1,5322.72
3950,1260,1,10221,534,602,3853,15,2726.04,240.29
3951,1793,2,11625,104,3290,4113,367,863.76,4844.68
3952,1636,5,11576,133,4208,207,185,4468.33,9258.65
3953,1323,4,11247,293,1488,1576,360,3862.97,4960.82
3954,1195,4,11019,41,5835,4573,104,3452.97,1831.48
3955,1144,4,10554,417,7887,2300,370,4933.54,9375.41
3956,1326,4,11151,336,2439,4433,200,1044.33,5649.49
3957,1568,1,10318,644,8512,4586,385,2320.25,4869.46
3958,1758,6,11043,506,540,1188,400,4845.24,8570.95
3959,1426,8,11874,79,5048,3769,127,1580.33,914.91
3960,1020,1,10323,208,2601,4021,439,2485.0,1884.14
3961,1638,6,10272,588,7126,2087,332,397.17,8165.75
3962,1034,2,11571,519,1493,2853,415,4824.12,3264.63
3963,1289,5,10118,47,6408,1929,66,827.44,1038.97
3964,1975,5,11675,180,3480,4418,85,613.17,2157.05
3965,1231,6,10530,640,8744,4671,453,4418.54,5724.14
3966,1944,3,10283,602,9647,1289,380,3854.35,7811.13
3967,1043,7,10207,610,9002,4476,381,3385.61,106.97
3968,1051,6,11240,545,3163,2913,479,3192.94,6646.54
3969,1710,3,11822,418,3724,273,247,3471.31,7629.08
3970,1694,2,11554,374,9882,3299,295,1482.76,1528.75
3971,1416,4,11211,394,4738,2463,474,677.21,3206.27
3972,1465,8,11969,602,5999,3092,464,2376.4,6033.37
3973,1193,2,11211,557,5311,330,389,3099.99,5351.34
3974,1734,3,10508,197,3053,4313,274,3518.86,1318.38
3975,1302,5,11891,452,8068,3162,153,4754.59,3254.28
3976,1296,3,11884,293,7527,2034,280,3930.43,8064.08
3977,1504,4,10332,681,1488,4815,35,2975.67,8996.8
3978,1454,2,11782,60,1183,4824,316,376.59,429.09
3979,1329,6,10864,310,5658,4595,121,1544.9,8550.56
3980,1346,6,11281,489,7874,4692,121,4271.98,3856.16
3981,1896,8,11256,608,8714,4655,437,1834.58,4258.73
3982,1018,8,11988,29,3574,3322,364,3919.63,9800.74
3983,1094,1,10671,511,4437,2836,387,2818.07,4819.45
3984,1594,2,10947,580,1484,2189,328,919.16,1696.08
3985,1501,4,10959,491,1977,2214,200,3501.18,5941.9
3986,1363,8,10802,400,9152,374,399,1703.93,9183.43
3987,1509,5,10859,599,9266,2990,438,1508.72,2790.12
3988,1925,8,10530,443,7353,1750,265,2830.59,5420.65
3989,1747,7,10225,702,1087,1303,5,2405.27,5388.43
3990,1846,8,10882,343,3691,347,130,190.74,6414.86
3991,1596,4,10701,83,9618,3877,154,1679.37,4159.65
3992,1476,7,10642,507,3370,4551,340,1227.4,4257.17
3993,1424,3,11624,71,7443,2991,431,2735.88,2834.97
3994,1434,4,10380,356,1266,635,173,4515.27,325.62
3995,1544,8,11729,474,9393,1416,87,190.32,3888.47
3996,1071,8,11044,474,6275,3903,47,4540.39,1775.55
3997,1711,3,10734,644,9891,289,322,959.87,6179.42
3998,1835,7,10979,720,3424,820,224,2619.26,9207.37
3999,1232,5,11997,131,9537,2498,244,1337.2,5119.95
4000,1227,5,11012,158,3582,1740,54,3046.79,798.2
4001,1350,4,11999,271,9309,1341,467,3984.04,9851.58
4002,1532,4,10299,608,6597,3077,378,4506.46,956.9
4003,1695,2,10404,523,2636,1931,38,4342.14,662.59
4004,1843,7,11146,224,7280,2012,252,1252.55,3728.85
4005,1245,1,10083,353,3948,912,274,755.26,7950.42
4006,1861,6,10618,474,7673,2026,243,522.96,4233.99
4007,1398,5,11739,281,3348,3659,102,685.2,4592.53
4008,1914,2,10412,198,4205,4378,94,3988.2,7086.53
4009,1619,8,10443,90,2425,3060,114,2343.88,9590.24
4010,1433,5,10618,202,4870,3390,208,3215.45,9962.24
4011,1722,2,10542,323,2464,957,87,3791.05,1998.15
4012,1089,8,10916,378,4009,361,442,2678.44,2121.48
4013,1247,8,11919,249,1271,3791,480,4888.26,408.12
4014,1164,1,11386,600,3477,1004,260,1958.23,3380.07
4015,1658,7,11023,729,8920,1288,445,198.64,1971.97
4016,1673,8,10896,141,1215,552,333,2659.36,1502.98
4017,1755,6,11282,5,4675,939,331,3798.07,4712.52
4018,1258,6,10368,619,6139,1998,108,3975.79,517.62
4019,1056,5,10664,161,3386,1228,276,4994.92,8265.68
4020,1264,2,11198,483,9079,309,227,3558.43,5667.38
4021,1302,6,11841,66,7965,425,295,1462.52,710.41
4022,1857,4,11914,502,5058,3029,277,4047.91,6445.42
4023,1685,4,10241,193,8957,2606,171,1592.66,3074.38
4024,1639,1,10897,340,9312,4679,406,1761.7,2302.49
4025,1984,1,10179,378,435,3358,500,4577.43,1284.52
4026,1510,1,10298,296,5927,3970,382,1240.99,8992.54
4027,1981,3,10052,497,6740,3436,90,999.27,4158.02
4028,1713,1,10124,703,2078,2039,426,3380.07,1612.35
4029,1273,8,10395,253,4150,3731,189,4525.33,6837.49
4030,1344,7,10945,337,1203,215,253,3236.29,9023.73
4031,1929,5,10368,23,9133,817,134,4113.29,8628.31
4032,1786,6,10146,395,8667,3795,113,3621.86,8239.1
4033,1345,1,10839,479,6951,2466,179,2698.37,1276.24
4034,1177,1,10551,704,6684,2250,354,4902.28,3102.58
4035,1824,4,11190,65,1781,4872,48,4950.41,9029.38
4036,1690,1,11056,300,5533,3302,428,285.19,2783.48
4037,1459,2,10721,669,6105,4893,422,2053.59,6094.65
4038,1887,8,11564,79,2828,2476,1,4435.75,6097.86
4039,1414,4,11033,637,7943,2171,59,899.14,6622.66
4040,1329,5,11104,4,2105,2675,296,3679.02,7141.79
4041,1102,7,11060,725,6915,1501,393,1565.49,6444.98
4042,1042,1,10272,166,7773,3999,74,2622.7,8895.92
4043,1135,5,10281,21,8820,689,378,2715.97,3155.78
4044,1701,4,11864,587,775,559,267,4933.02,5334.91
4045,1068,8,10393,519,4859,125,101,4136.37,6924.05
4046,1053,5,11818,69,9905,1566,429,1191.41,7767.43
4047,1665,1,10588,115,1579,2343,121,577.08,8235.02
4048,1062,1,11584,94,8988,623,363,1827.54,4335.92
4049,1537,1,10992,600,5121,1600,185,1922.07,920.36
4050,1863,4,10985,620,5031,4596,277,2903.82,5628.81
4051,1784,7,10390,382,1983,409,443,4741.59,8370.9
4052,1797,5,10705,316,6621,400,440,4388.26,5058.19
4053,1155,6,10938,241,7715,3296,199,3713.39,6571.67
4054,1893,5,11883,133,4794,1508,427,2929.24,1885.47
4055,1650,4,11334,27,2435,1514,9,2266.66,3754.12
4056,1666,4,10669,377,3578,4231,131,1916.63,4896.71
4057,1239,5,10921,576,8778,3869,488,807.76,1760.06
4058,1495,7,11334,555,4254,343,500,3488.59,1317.59
4059,1482,3,11806,484,749,615,240,967.74,4149.99
4060,1539,5,11163,408,6858,3233,123,3684.24,2712.99
4061,1557,4,10681,674,7329,810,460,211.76,131.54
4062,1944,2,11351,177,1189,1224,412,2046.68,8683.21
4063,1027,8,10566,375,333,4219,483,2320.09,7276.64
4064,1959,1,11360,61,2116,3036,477,1246.05,2158.61
4065,1834,2,11613,62,8175,3487,385,1986.19,350.2
4066,1090,4,11402,454,4540,3720,206,1547.93,4491.52
4067,1091,8,10716,437,947,685,182,210.51,9885.35
4068,1095,4,11831,147,355,718,62,2804.35,1497.57
4069,1135,5,10934,34,6967,4303,354,4695.35,4084.71
4070,1653,8,11002,551,5578,47,469,3454.07,6059.42
4071,1291,8,11858,150,7532,4591,303,378.09,5866.0
4072,1353,6,10129,237,2104,3758,401,1198.73,6416.56
4073,1015,1,10380,259,6880,2304,379,432.78,2730.65
4074,1524,6,11346,372,8660,540,431,3023.82,6851.39
4075,1251,2,10595,446,8619,1549,142,4167.17,588.12
4076,1043,6,11527,48,1596,4993,420,1633.49,6547.34
4077,1698,2,11156,595,4995,1994,88,2635.03,5969.76
4078,1131,4,10123,298,789,3048,452,340.68,9440.62
4079,1836,2,11766,84,641,3050,227,3470.32,1796.5
4080,1330,5,11158,218,3568,430,476,1122.85,9427.78
4081,1054,7,11038,168,3198,948,96,770.99,9990.18
4082,1359,4,10356,89,2575,3832,300,4753.63,1434.59
4083,1194,1,11553,121,7914,2489,393,4679.22,2576.32
4084,1564,8,10368,262,324,567,121,4944.82,1395.11
4085,1816,8,10134,252,2619,1412,292,2115.37,721.81
4086,1464,8,11666,673,6690,1877,276,3147.83,3041.01
4087,1190,2,11248,259,2193,520,91,4625.9,2819.09
4088,1818,7,11088,406,1407,2874,471,1203.59,8215.59
4089,1270,2,11114,206,6654,3931,258,3535.69,9793.38
4090,1582,2,10968,12,6426,755,63,3936.11,6889.21
4091,1422,1,11248,658,7900,2040,379,2417.4,623.72
4092,1299,2,11485,17,627,3433,124,1932.8,5229.05
4093,1734,8,11541,438,628,1965,394,222.84,5460.59
4094,1546,6,10750,95,3759,2036,467,4612.19,6843.87
4095,1168,7,11709,686,9098,4629,178,376.93,3074.83
4096,1448,7,11443,711,7242,3541,337,848.25,5829.4
4097,1763,1,10355,225,5997,1384,297,132.59,6245.19
4098,1919,3,11770,81,344,3813,134,2399.94,1047.75
4099,1997,2,10015,69,1001,3105,22,4779.01,3593.63
4100,1620,7,10101,84,886,473,126,3157.49,6280.23
4101,1960,8,10232,568,1333,518,268,2479.75,3894.06
4102,1926,6,11865,146,1693,2807,408,2919.03,8930.21
4103,1158,7,10841,202,7240,2538,414,733.24,6181.52
4104,1198,8,10283,107,5786,2756,279,4720.77,3413.29
4105,1973,2,10328,125,7396,2006,481,2722.57,3869.42
4106,1152,1,10915,310,2193,4486,356,2233.85,6290.6
4107,1437,8,11352,164,1931,2749,478,1190.73,2165.64
4108,1764,7,11684,150,7609,3076,167,310.98,1768.65
4109,1329,7,10122,696,8953,368,139,2744.81,7849.41
4110,1389,8,10544,230,7105,2658,302,1506.05,7150.81
4111,1700,3,11415,550,4515,1101,74,95.78,2962.61
4112,1220,8,11899,91,4502,3897,387,1857.15,2499.99
4113,1466,6,11955,59,5351,2634,434,500.22,2303.2
4114,1821,3,11181,470,6220,3371,181,2308.01,5123.89
4115,1839,2,10704,104,2368,1039,385,1570.3,6786.61
4116,1047,5,10900,159,7099,3158,217,1066.43,1268.02
4117,1036,2,10025,674,7632,3290,360,59.35,2072.09
4118,1356,6,10693,445,7317,395,328,1826.69,2614.63
4119,1377,1,10136,495,3715,4331,463,247.27,9463.87
4120,1533,2,10443,27,314,43,210,2785.81,3489.58
4121,1009,1,10279,524,8984,4647,383,606.29,5305.61
4122,1512,6,11745,83,1931,1270,425,2021.65,2386.35
4123,1469,6,11406,83,4069,1698,171,3817.34,1975.49
4124,1363,4,11420,252,6826,1511,417,1582.22,579.42
4125,1767,1,10147,608,4253,1647,442,1055.72,7739.09
4126,1899,7,10104,139,2952,1897,23,738.4,8805.4
4127,1495,1,10904,620,9852,1894,415,3237.66,7325.81
4128,1795,2,11422,348,5279,279,478,1131.23,7854.57
4129,1576,7,11061,482,1492,3260,452,3615.36,3309.73
4130,1609,4,11114,286,7685,4593,184,4951.39,2950.43
4131,1172,8,10485,134,8888,3175,318,686.04,1044.88
4132,1281,4,10728,146,7192,87,57,1923.57,2242.68
4133,1233,3,10268,475,4276,2013,287,585.61,2497.39
4134,1451,6,10605,79,6857,167,474,2442.82,193.53
4135,1234,7,10116,115,5721,2760,297,129.02,1926.92
4136,1719,3,10161,329,9584,1171,114,4008.92,1315.05
4137,1894,2,10387,572,5819,107,270,1422.99,5871.43
4138,1795,1,11645,192,1386,3712,179,191.89,1408.95
4139,1276,8,11137,133,2596,4143,149,4745.58,5687.27
4140,1410,3,10205,330,251,368,88,3024.62,6774.47
4141,1674,2,11693,68,8179,2163,268,1274.73,1072.5
4142,1869,3,11861,700,9898,97,239,1564.15,5436.27
4143,1357,6,11595,344,690,3286,431,2495.94,1259.61
4144,1988,7,10989,214,9063,1649,148,859.08,8195.09
4145,1077,2,10888,375,9976,2909,162,710.59,6606.0
4146,1042,6,11101,123,3957,807,205,1919.12,1825.05
4147,1429,8,11340,345,2191,2654,205,3453.16,8248.67
4148,1777,5,10399,505,2464,3769,249,1636.18,8873.43
4149,1051,1,10047,33,8829,1896,454,4645.49,493.77
4150,1987,1,11790,604,4975,3781,384,3553.95,5218.28
4151,1241,4,10582,355,5034,4317,67,1887.08,531.07
4152,1153,3,10461,209,4413,4021,345,4145.32,2169.19
4153,1369,7,11470,569,3040,1534,8,3523.91,4527.73
4154,1143,6,10050,371,7769,178,70,1842.8,4253.71
4155,1678,2,10978,482,4234,820,26,3173.31,1193.06
4156,1597,3,11711,475,5855,2343,88,3807.14,4090.9
4157,1557,4,11746,359,7428,165,0,1324.0,5304.61
4158,1047,7,11155,469,3540,2914,422,1336.33,1433.18
4159,1607,6,10241,442,7312,4612,84,2719.1,4536.86
4160,1614,1,11240,192,3390,1946,205,3939.45,7987.45
4161,1904,6,10760,564,500,1039,298,4082.43,2810.42
4162,1971,5,11494,131,699,1273,385,267.16,2588.04
4163,1973,6,10845,518,1929,3159,221,2337.44,2948.85
4164,1017,6,10050,100,4016,615,147,3184.04,9444.86
4165,1291,3,11551,723,7101,1607,22,4623.33,3042.62
4166,1777,1,11744,524,167,4831,53,2165.95,1051.27
4167,1503,5,10427,309,5367,1126,68,3672.61,4758.01
4168,1947,4,11798,97,4738,1662,181,1009.45,2307.2
4169,1956,1,10261,341,5557,3967,403,1230.76,3875.29
4170,1896,5,11275,228,4573,93,347,3637.68,9773.35
4171,1334,5,10348,716,9644,241,325,4548.09,5480.99
4172,1780,4,10950,537,8923,502,29,2051.31,9059.34
4173,1214,5,11409,114,6200,4388,329,3095.06,2873.16
4174,1491,6,10722,170,1227,175,353,1782.76,2198.12
4175,1887,3,11298,172,2971,3214,458,1392.49,7162.53
4176,1839,1,10823,237,4778,2085,446,3146.77,6048.96
4177,1706,4,11162,293,836,2424,360,4226.24,3961.09
4178,1548,7,11030,671,6239,252,79,3696.77,492.86
4179,1114,2,11552,476,5704,140,213,4060.94,2086.0
4180,1383,8,10830,436,7103,1668,2,2185.18,3539.29
4181,1776,5,11273,699,6318,2886,192,2861.04,5222.88
4182,1294,6,11298,686,7846,3221,92,961.77,2370.47
4183,1715,3,10640,465,3238,1140,389,4464.46,5810.74
4184,1479,5,10349,80,9987,906,6,1151.73,8452.4
4185,1747,3,11075,205,8209,3024,468,4200.48,3663.6
4186,1263,7,11321,490,9328,4287,234,918.45,5978.06
4187,1610,2,10595,119,5027,1934,78,4849.7,3266.72
4188,1961,6,10222,538,9325,2235,403,3324.3,9372.18
4189,1071,5,10376,247,6591,3605,347,2973.76,6154.93
4190,1152,2,11510,319,9565,4715,183,1979.59,9705.94
4191,1342,6,10933,63,6438,765,452,2892.92,9574.03
4192,1912,8,11831,657,9477,3532,225,2777.89,9078.58
4193,1332,7,11026,657,2124,3128,94,1766.16,5725.68
4194,1142,5,11856,672,1667,2134,65,2528.25,9860.93
4195,1889,3,11697,32,6751,4662,236,2219.14,1285.78
4196,1273,7,10344,28,9595,433,490,3177.87,3323.0
4197,1107,6,11402,350,4835,4377,92,4325.61,3907.03
4198,1463,8,10202,320,8039,225,346,4676.39,7861.64
4199,1059,5,10242,663,5116,3656,362,3691.91,4992.74
4200,1581,5,10543,101,3319,4271,66,4319.79,2782.51
4201,1245,7,11027,72,6091,4375,398,3273.03,1470.94
4202,1191,4,11029,550,5601,1576,263,2066.0,7478.88
4203,1802,7,10093,635,2116,3282,472,415.42,1583.16
4204,2000,2,11415,573,3926,3466,492,4343.61,2981.18
4205,1769,7,10603,480,6345,4884,259,3636.19,4354.9
4206,1419,1,11107,547,2828,325,112,1035.47,978.22
4207,1001,1,10842,50,629,1516,160,2817.54,9012.57
4208,1161,3,10501,677,4006,4104,454,3868.59,2391.03
4209,1558,7,11283,111,7214,3345,89,1135.22,3724.43
4210,1324,8,11114,466,2864,3798,158,2902.55,7866.59
4211,1228,2,11739,221,4752,3433,411,942.71,4705.05
4212,1201,5,11192,165,4015,4684,31,3869.29,9264.08
4213,1706,3,11899,397,234,2130,382,3557.87,8656.27
4214,1372,5,11142,294,302,4495,176,80.92,2989.81
4215,1129,7,10330,353,2172,3584,440,3512.44,821.62
4216,1391,2,10516,378,1185,2406,6,466.6,700.5
4217,1404,7,10755,134,5285,3924,50,4250.28,2486.74
4218,1013,4,11282,622,5572,4307,110,3539.63,2005.83
4219,1347,6,11531,461,2984,2891,48,313.27,8259.8
4220,1236,7,11345,522,1588,4006,174,3423.58,4191.36
4221,1462,6,11006,31,6542,4605,479,4625.05,1739.87
4222,1674,5,10355,637,2855,326,166,4066.33,9135.61
4223,1416,2,10575,371,2332,3766,166,3776.5,1745.9
4224,1617,3,11625,428,2527,3402,410,3383.26,1913.08
4225,1502,7,11649,354,738,624,379,4520.32,9912.7
4226,1296,6,10991,655,5771,3217,340,4368.81,3112.12
4227,1798,3,11862,83,9716,751,312,4262.1,640.01
4228,1442,6,10398,367,7187,414,76,4902.07,7925.26
4229,1250,4,10425,638,2088,4528,145,809.51,4803.79
4230,1183,3,11394,588,6620,454,375,4988.62,3586.22
4231,1120,8,11768,405,1881,2364,291,1928.22,7360.11
4232,1638,4,10746,321,1322,2418,40,277.12,3623.41
4233,1153,1,10393,454,4626,3108,166,2094.29,2238.82
4234,1353,4,10928,118,6217,477,425,3022.05,9875.64
4235,1746,6,10537,436,1177,3921,383,4756.93,6713.65
4236,1720,2,10757,412,1770,3978,57,2389.47,2842.77
4237,1470,2,10590,227,4356,4207,78,387.93,6233.59
4238,1631,3,11754,537,1358,3489,117,403.76,9653.12
4239,1057,1,10454,458,3975,3845,22,3971.69,5714.28
4240,1820,2,10851,97,1516,4140,376,4117.69,8886.33
4241,1263,7,11935,588,6649,1697,78,4446.05,7012.86
4242,1267,8,10562,109,5771,748,166,3428.42,509.71
4243,1381,6,11176,648,6467,32,235,4498.2,3833.05
4244,1722,6,11279,725,5418,3511,329,1727.94,1015.63
4245,1729,5,11090,471,5454,1353,20,958.53,1784.66
4246,1353,8,11198,706,4982,4569,343,2480.4,9736.63
4247,1460,5,11967,368,2851,2375,84,1179.25,1650.73
4248,1396,7,11914,582,5364,1830,60,1723.98,9617.04
4249,1646,1,11221,167,2933,2672,398,73.22,6779.17
4250,1921,7,11083,255,3328,2123,121,3442.6,603.39
4251,1839,2,10227,229,5861,3110,27,824.88,5300.04
4252,1379,1,11527,507,3014,4239,310,3635.99,4716.5
4253,1914,6,10596,280,1345,4761,7,2719.69,1241.2
4254,1796,3,10241,259,3061,1078,251,1896.7,6628.14
4255,1816,5,11608,381,728,3760,365,4025.59,1995.44
4256,1685,7,10454,131,6399,3271,310,626.54,7006.72
4257,1278,3,11820,192,4846,1473,119,825.9,9686.24
4258,1089,7,11460,566,4208,3998,409,270.77,7305.68
4259,1217,8,11202,47,538,1651,462,2527.48,1458.42
4260,1588,2,10436,191,2550,3391,292,1807.78,9673.38
4261,1599,1,11160,63,3622,1866,478,2910.4,8722.61
4262,1376,8,10138,116,4526,1569,333,706.81,3100.94
4263,1169,7,10767,533,6886,2736,472,308.33,568.71
4264,1096,7,10526,69,5571,2680,407,2843.67,994.27
4265,1495,8,11882,665,7607,2590,15,4125.93,6743.02
4266,1080,8,11941,347,3338,465,405,1712.28,5378.56
4267,1184,6,10319,418,4230,116,348,4036.24,1160.15
4268,1838,6,10969,697,4797,553,279,2164.8,2183.63
4269,1937,6,11672,320,5589,2067,11,3488.29,3023.81
4270,1334,3,10489,113,6562,4131,106,170.48,7227.76
4271,1452,6,11203,100,7454,2430,379,1123.07,7171.51
4272,1123,5,10458,430,1719,3193,114,4063.38,8758.89
4273,1882,4,11705,463,9457,1504,448,3237.93,1094.8
4274,1703,5,11713,326,3927,108,228,1257.2,1405.32
4275,1946,1,10398,314,3278,3669,445,4703.52,985.54
4276,1255,8,11214,104,3563,4305,452,1788.52,1538.59
4277,1272,8,10258,464,681,3425,397,2527.93,2877.75
4278,1031,2,10620,355,6289,1143,473,1410.22,5348.25
4279,1272,7,10577,601,444,430,384,1257.45,3658.17
4280,1795,3,10060,570,2967,2293,386,4658.89,7424.93
4281,1499,4,10600,489,5181,4111,382,3967.07,6180.14
4282,1951,8,10990,131,2478,3911,373,3212.75,5106.72
4283,1285,6,10750,123,9963,1657,80,4875.68,7329.46
4284,1512,4,10859,79,926,464,321,3439.38,4828.55
4285,1279,1,11180,536,656,4047,61,829.71,3869.24
4286,1185,4,11814,517,1810,376,426,3310.66,3766.37
4287,1645,7,10795,416,5841,4294,110,1812.13,1778.75
4288,1140,6,11107,250,3151,4333,29,1084.01,1125.43
4289,1703,4,10643,668,2980,1831,263,2856.63,410.11
4290,1662,4,11548,394,986,3516,120,598.89,4222.24
4291,1731,4,11277,251,1772,420,471,2646.57,9044.92
4292,1367,6,12000,562,5769,856,180,986.55,5390.7
4293,1529,3,10542,255,6853,1541,307,2842.06,588.38
4294,1519,4,10621,389,5829,1016,263,4520.02,659.91
4295,1814,1,11412,306,5253,1131,141,1693.53,2963.62
4296,1855,7,10382,460,1166,1588,432,87.36,6563.99
4297,1525,6,11494,264,4588,3862,16,3646.21,3459.48
4298,1036,4,10009,247,6084,4221,283,1729.78,2972.65
4299,1173,7,11989,71,9757,65,272,3798.96,9465.04
4300,1993,7,10923,86,2501,1395,206,3341.44,5720.29
4301,1792,5,10967,92,4119,2984,445,2556.03,9193.34
4302,1775,3,11672,20,4769,373,260,1944.74,8119.03
4303,1259,5,10754,443,5991,1251,310,3869.31,7927.51
4304,1871,1,11293,571,3764,1846,482,1611.18,8774.77
4305,1584,4,10706,141,4990,1587,493,1397.74,1179.73
4306,1982,3,11168,62,6367,1919,377,980.99,2997.97
4307,1722,2,11305,395,1084,3442,458,1627.69,7818.44
4308,1512,4,10746,322,798,2035,100,3622.16,7563.35
4309,1699,8,11546,167,6315,3807,38,132.23,1361.39
4310,1983,5,11033,420,5774,2365,261,433.25,9099.27
4311,1662,3,11850,706,6787,3435,365,4953.09,4950.7
4312,1707,5,11282,176,194,2972,431,583.1,2710.6
4313,1958,1,10398,593,718,4635,366,4958.71,2355.97
4314,1501,8,10057,468,224,3458,477,757.9,8208.9
4315,1171,6,10517,335,4593,411,392,2832.97,7832.4
4316,1367,8,11343,723,195,577,87,4502.26,2335.04
4317,1804,7,11783,211,1594,2297,443,668.63,7079.81
4318,1855,6,11383,410,4063,3386,95,3448.79,8523.6
4319,1695,1,10553,704,2158,3027,474,78.85,8801.83
4320,1133,5,11267,542,5911,583,348,716.28,8335.85
4321,1671,7,11447,252,3614,2140,409,1992.53,5300.13
4322,1235,8,11471,84,9093,79,118,3631.63,2321.62
4323,1781,3,10533,227,5989,2976,219,4261.63,6688.24
4324,1693,2,11834,24,9222,1973,320,2320.09,1390.15
4325,1694,1,10870,62,2860,3922,35,3551.96,2719.16
4326,1518,2,10171,573,5171,1993,60,215.21,4159.8
4327,1677,6,11429,128,3654,758,384,3750.12,9631.78
4328,1407,3,11842,225,4476,1279,55,4615.32,3890.3
4329,1809,1,10398,271,9334,1909,138,2947.97,966.14
4330,1531,2,11093,113,5948,3392,281,1032.42,530.41
4331,1702,3,11392,445,8608,1186,52,591.4,9655.6
4332,1601,8,10192,526,9364,2450,497,3248.22,3851.21
4333,1913,2,11139,337,7155,3405,268,4468.29,716.83
4334,1992,7,11547,446,9668,2305,454,1458.1,3601.42
4335,1236,2,10848,664,5437,3307,222,1514.06,4623.03
4336,1898,8,11008,522,1460,1135,421,3173.04,7989.38
4337,1014,8,11661,493,3577,4759,12,4935.18,536.22
4338,1600,6,11826,553,7178,4234,418,1384.87,7760.7
4339,1584,7,11086,325,8317,1975,256,1715.02,1268.42
4340,1040,8,11067,265,2383,163,2,1974.14,9656.08
4341,1894,1,11955,675,637,765,130,4681.98,5918.83
4342,1433,2,11611,136,7561,3593,113,2580.26,483.94
4343,1051,6,10994,117,2947,4419,225,1623.87,1139.49
4344,1360,4,10015,56,9493,1818,188,4370.51,814.11
4345,1200,2,11503,656,9978,1167,107,4390.64,3445.82
4346,1062,1,11768,452,2805,4992,148,3472.05,2112.16
4347,1891,4,10998,357,2315,876,13,2707.21,9136.34
4348,1944,5,11214,276,7369,3349,98,2820.16,5486.68
4349,1744,7,11471,559,859,2132,413,4469.51,9794.05
4350,1446,4,11717,213,5756,2323,317,2685.35,7305.16
4351,1027,5,10898,574,4151,2720,314,4443.42,8114.56
4352,1769,2,11341,621,9273,4217,330,1678.34,7039.64
4353,1747,4,11662,291,2710,4561,186,3185.01,3953.86
4354,1526,8,10352,471,987,4009,308,1341.23,2281.4
4355,1895,5,11266,25,2341,266,208,2352.51,6396.79
4356,1619,4,10919,630,2943,4704,16,1792.92,4346.04
4357,1212,1,11638,96,146,830,78,4706.85,6317.13
4358,1170,5,10139,700,5109,951,454,4093.07,8366.87
4359,1133,2,11670,699,1776,3771,369,1133.67,7876.74
4360,1104,7,10058,564,9749,3501,137,3109.42,9266.63
4361,1817,4,10750,553,518,4103,383,1231.78,8863.99
4362,1637,2,10821,20,4866,3427,406,2675.22,3071.08
4363,1952,1,10830,712,4535,2869,478,1062.39,6322.21
4364,1764,6,11986,729,5311,2398,232,4678.11,5721.28
4365,1914,1,11131,728,3094,238,410,4379.87,7288.11
4366,1067,7,10123,93,2997,2693,172,4656.39,3537.07
4367,1052,2,10027,20,3056,4034,463,1526.51,5031.8
4368,1533,7,11009,116,144,907,265,3924.13,8612.16
4369,1009,3,10207,297,1169,3801,269,1630.57,8004.96
4370,1899,5,11305,655,5688,461,141,4447.1,5254.46
4371,1661,6,10687,215,5359,3390,168,461.07,7278.95
4372,1488,5,11888,464,3171,225,273,3023.48,3402.59
4373,1572,5,10999,191,3676,3654,123,4049.88,5077.43
4374,1778,5,11128,253,7375,2309,125,1304.09,5759.43
4375,1687,8,11117,605,6580,1865,311,2639.31,2928.79
4376,1320,3,10412,409,836,4834,47,2103.83,6619.46
4377,1889,4,10248,671,3439,1175,340,4570.77,5019.8
4378,1181,8,10458,246,1265,2341,185,4219.63,372.29
4379,1493,6,10379,146,6839,2311,170,357.16,9981.91
4380,1965,7,11798,82,7931,1009,209,2066.75,6799.99
4381,1711,8,10704,585,1514,4199,325,3700.13,6040.54
4382,1849,3,10705,336,3452,1955,460,2528.85,6548.86
4383,1861,7,10518,346,424,983,87,1209.97,4999.47
4384,1948,6,11388,589,3722,3337,438,1582.22,1434.12
4385,1423,8,10303,41,7950,3157,259,4454.82,3415.98
4386,1117,7,10182,259,3867,1175,479,2650.57,3432.57
4387,1531,3,11652,370,1176,2355,337,4776.26,3594.81
4388,1252,2,11822,299,3337,2832,261,2546.05,2890.72
4389,1113,1,10067,475,9684,780,397,3478.97,9743.62
4390,1644,2,10053,110,5135,2788,327,2829.77,2080.82
4391,1762,5,10562,191,5814,513,95,1660.35,5700.48
4392,1177,5,10480,180,5177,2721,363,2009.04,2075.11
4393,1820,7,11577,454,8791,4931,362,1696.26,7943.36
4394,1399,6,11632,662,8338,4440,312,4715.67,9464.65
4395,1844,4,11175,166,5270,4222,425,1358.26,3616.07
4396,1948,5,11398,404,9731,997,267,3675.78,7926.91
4397,1735,6,10282,721,1514,3843,384,2494.13,6567.4
4398,1040,1,10031,360,8677,3978,69,4359.1,4321.78
4399,1006,1,11350,169,1693,4123,52,2269.73,2410.58
4400,1861,3,10374,549,5139,2302,258,202.06,9820.61
4401,1649,2,10411,18,5646,2150,463,1584.91,8597.82
4402,1662,7,10760,447,7030,774,410,2970.7,8007.75
4403,1662,6,11414,102,9294,2971,29,3270.2,7810.1
4404,1039,4,10628,304,3921,4031,340,2687.3,6176.57
4405,1209,1,10195,460,4816,2856,128,3881.04,6459.22
4406,1415,4,10915,676,6765,3105,375,3400.59,418.35
4407,1910,5,11471,98,8034,2608,333,2722.9,727.08
4408,1778,7,10363,688,2906,2098,440,4972.44,7566.53
4409,1827,4,11776,23,1090,179,428,625.84,3020.64
4410,1419,8,10271,483,7189,1561,322,1118.96,9203.24
4411,1315,1,11412,278,9729,3891,347,2272.47,2933.87
4412,1662,4,10293,423,8352,2770,401,3305.87,7591.85
4413,1271,4,10767,190,7457,820,97,713.4,3387.43
4414,1865,4,10618,406,4341,2442,268,3159.86,7686.98
4415,1550,8,11644,44,3779,1672,375,3267.61,3100.1
4416,1167,6,10723,148,4663,4705,378,226.97,5202.17
4417,1672,4,11350,587,6282,4453,327,891.57,1608.48
4418,1879,5,10900,128,5479,618,192,4138.55,5832.47
4419,1795,1,10619,229,8383,1320,361,3929.98,9289.04
4420,1078,2,10335,239,4784,3937,346,3298.55,2926.36
4421,1494,5,10931,46,8070,2790,232,4107.56,3348.15
4422,1900,6,10439,656,4475,3791,429,3749.71,9793.35
4423,1111,4,10311,380,9923,3182,103,4709.09,7898.12
4424,1048,2,11315,518,911,725,38,2446.42,3608.1
4425,1990,8,11724,68,500,1659,95,876.98,8877.94
4426,1396,3,11786,73,2026,2951,10,1260.25,4930.09
4427,1178,6,10829,705,3206,1349,25,4813.91,1152.53
4428,1834,5,11410,113,9631,1912,406,3708.33,5750.38
4429,1312,8,10442,165,3876,3306,411,209.02,1715.99
4430,1368,5,11851,592,7095,170,430,4436.94,7603.46
4431,1683,7,10746,628,7353,393,49,1938.83,985.45
4432,1481,6,10161,597,1726,197,299,2088.95,2967.89
4433,1558,2,11322,593,334,566,173,1791.13,8067.71
4434,1849,3,10952,571,3478,4095,249,4893.18,6585.29
4435,1690,7,10132,123,8279,1701,0,3671.88,242.65
4436,1156,3,11325,442,522,3579,435,2866.54,2088.76
4437,1502,5,11757,14,3313,210,378,3645.56,4252.39
4438,1533,1,11575,415,2028,2017,91,3054.07,4608.91
4439,1432,2,10720,370,1495,676,407,730.33,1667.22
4440,1635,6,10466,195,658,2571,475,2221.02,4264.43
4441,1890,5,11700,111,6001,83,257,4048.0,4361.54
4442,1059,4,11454,613,4078,3000,398,1268.93,6238.3
4443,1632,6,10623,693,6479,1288,18,800.18,8937.43
4444,1525,5,10082,90,7778,3563,168,2107.01,2023.15
4445,1566,2,10664,630,6124,1011,35,3340.54,9971.77
4446,1683,7,11739,530,4693,1825,453,4029.11,8862.3
4447,1334,3,10422,111,7285,3088,116,4993.29,1020.54
4448,1607,5,11779,39,3862,4455,63,194.37,6300.19
4449,1163,3,11190,394,4573,551,295,4497.91,4573.4
4450,1095,4,11653,183,8307,1413,455,1711.08,5312.0
4451,1043,6,11057,618,7959,1846,310,4474.43,3621.2
4452,1371,1,11997,384,5124,570,249,248.69,3715.6
4453,1875,3,11826,508,3467,2762,115,3585.9,5825.67
4454,1989,6,10246,421,8760,3797,150,922.29,5837.41
4455,1542,4,10167,280,4674,3450,427,3688.28,6621.62
4456,1065,4,10380,209,5706,2991,26,4156.89,4068.89
4457,1228,2,11152,12,9642,4638,157,2296.17,7122.24
4458,1790,2,10914,519,960,4587,274,1646.03,2920.01
4459,1085,8,11331,708,1138,597,486,4328.17,8526.44
4460,1890,7,10191,481,3543,1312,68,1647.06,7519.39
4461,1211,1,10950,592,5327,3179,222,1904.52,9069.0
4462,1294,1,11065,696,8774,2325,215,3678.62,5449.51
4463,1815,2,10237,221,6571,3377,367,4252.56,6652.94
4464,1076,6,10254,192,4588,2908,248,1599.31,7543.23
4465,1485,1,10066,235,3627,3642,140,3983.37,3775.53
4466,1046,4,11008,548,4929,2869,199,2277.96,8634.26
4467,1932,7,11996,562,2897,321,311,396.7,3039.78
4468,1765,4,10855,729,3220,4176,440,3498.11,3658.43
4469,1803,4,11744,559,3918,1681,324,1439.14,3047.18
4470,1799,7,10507,656,8764,3554,347,1356.89,4403.01
4471,1799,2,11565,488,4921,2703,357,4115.42,9970.25
4472,1793,1,10841,417,6581,4123,390,1060.36,6997.33
4473,1174,5,10022,67,6077,3169,189,1282.58,4828.01
4474,1483,5,10087,30,6229,1901,124,2080.4,6445.39
4475,1451,2,10549,558,5735,876,257,3282.22,8361.93
4476,1280,2,10252,348,4181,1074,183,4781.42,9799.33
4477,1269,4,10975,38,4481,2957,310,3497.41,7560.42
4478,1045,5,10848,352,7586,4123,49,3231.4,7364.61
4479,1966,5,11551,403,1615,3311,40,3164.03,2409.99
4480,1799,4,10774,330,5088,3163,379,3775.83,8673.82
4481,1991,8,11728,194,2358,2586,95,1891.14,6772.05
4482,1643,6,10039,719,9541,3931,233,1965.52,6228.48
4483,1807,3,11291,179,3726,2945,430,1128.31,2247.03
4484,1988,3,11416,292,2324,2569,419,3414.41,2921.59
4485,1004,6,10132,80,4221,4381,272,957.7,2696.69
4486,1741,2,10014,467,8038,940,49,2233.68,1907.93
4487,1159,1,11333,61,1947,2022,235,121.48,5239.87
4488,1051,3,10786,124,6981,231,152,3183.88,1357.2
4489,1861,8,10537,51,7730,4745,300,2093.11,4466.23
4490,1865,7,11030,707,9216,3482,416,1212.42,6582.53
4491,1741,5,10210,257,9104,4860,130,3525.17,2423.03
4492,1460,5,10657,462,6334,3592,459,3240.57,5961.05
4493,1651,8,10681,615,1474,304,365,1568.83,8588.03
4494,1113,2,11158,130,8377,1241,391,2996.33,8976.72
4495,1939,8,10107,195,4583,2897,240,909.77,9898.89
4496,1142,4,11388,326,231,4939,40,3407.59,8462.3
4497,1135,1,11044,431,8856,1080,326,3565.58,2965.71
4498,1939,7,11961,148,3022,4150,52,2407.94,4123.67
4499,1477,1,10943,122,7104,1711,75,527.52,1846.78
4500,1925,1,11059,303,6858,2962,415,1309.86,8015.18
4501,1550,3,10732,671,9658,768,60,452.35,5305.17
4502,1523,1,10927,662,4534,2247,206,1984.67,8524.3
4503,1960,2,11960,438,4732,937,167,3021.95,6923.04
4504,1173,4,11110,539,6348,1518,146,3751.9,1112.13
4505,1237,8,11604,157,3806,2935,491,2611.28,6550.75
4506,1348,3,10849,46,987,905,452,4842.86,3785.23
4507,1116,1,10495,163,758,2643,137,4013.01,9251.04
4508,1595,6,10139,597,3902,4315,445,4148.96,2596.37
4509,1884,5,11867,571,5090,3121,492,3577.07,4962.14
4510,1214,5,10984,255,8019,1567,439,4643.46,4526.5
4511,1968,1,10469,407,5608,4203,176,4384.29,8930.24
4512,1707,8,11926,231,6594,2378,273,2655.79,8279.04
4513,1367,5,11727,287,7784,449,378,4531.17,4851.23
4514,1746,2,11937,95,7887,3021,48,2378.06,4485.47
4515,1846,8,10954,325,1583,1672,169,194.6,2607.74
4516,1055,1,10922,449,8259,1111,283,1794.76,2913.47
4517,1369,6,10160,21,2781,2396,420,3437.29,7630.09
4518,1435,8,10161,1,5471,4342,340,3284.37,6278.69
4519,1438,5,11051,622,3048,2482,9,3014.48,7371.75
4520,1844,7,11883,445,6262,4289,74,3278.93,5890.82
4521,1706,4,11608,58,5498,3192,491,1307.89,8361.44
4522,1318,1,11297,688,4983,402,414,1965.84,1096.19
4523,1132,3,10327,329,8228,2369,335,2298.73,481.45
4524,1873,4,10584,553,8378,1644,31,3640.16,1057.75
4525,1085,8,10169,666,8755,739,439,4448.02,9948.65
4526,1140,4,10044,538,9682,1726,165,4137.32,4423.86
4527,1124,6,10042,485,2172,3960,209,4219.38,4733.86
4528,1793,8,11252,126,6381,2445,388,3498.89,4485.08
4529,1280,2,11131,545,5423,4310,448,4070.65,3060.03
4530,1783,8,10240,680,6660,3789,459,3253.3,4446.06
4531,1834,3,11677,523,1483,3331,165,3288.89,9537.51
4532,1394,5,10703,101,431,4885,103,916.69,2479.03
4533,1690,5,10943,550,2632,597,463,784.53,8561.72
4534,1086,4,11913,145,9401,986,268,354.9,9156.29
4535,1899,4,11814,333,1247,1461,372,4554.63,8220.25
4536,1851,5,11902,127,7873,44,40,2472.08,7721.38
4537,1398,6,10831,557,4738,1563,490,2945.89,8908.57
4538,1690,6,11048,409,2430,3806,247,702.17,5825.95
4539,1283,3,11947,209,9426,3976,409,4542.85,1311.01
4540,1505,4,10468,164,6370,2411,271,3364.32,8894.43
4541,1002,2,10775,282,5967,4457,183,1598.45,8010.91
4542,1032,1,10843,205,2509,4723,381,184.2,2676.41
4543,1955,6,10848,400,9250,4487,239,1215.84,9885.41
4544,1982,1,11968,294,4958,2355,278,2430.39,576.22
4545,1705,4,10845,464,446,1841,132,571.17,3439.06
4546,1512,7,11913,112,1112,2367,427,3679.25,3005.19
4547,1464,7,11846,468,6746,438,96,994.15,1123.86
4548,1592,7,10435,181,6277,4150,363,3067.19,9782.99
4549,1691,4,10406,152,7265,1554,173,2157.57,2443.74
4550,1697,3,11359,528,3803,662,485,4358.87,7819.92
4551,1337,2,11673,40,9379,2064,17,1683.63,1306.93
4552,1280,8,11710,650,8528,435,272,2336.53,1925.49
4553,1557,1,11407,267,812,2361,172,225.26,1004.6
4554,1216,2,11702,213,8769,2362,165,3864.21,7881.19
4555,1924,5,10013,401,3250,3486,211,790.87,818.37
4556,1520,1,10950,178,999,2915,255,2279.32,1736.96
4557,1374,1,11856,3,2122,2540,321,4250.75,8405.24
4558,1341,6,10105,516,1985,2927,403,3916.39,3608.63
4559,1731,7,10880,438,9878,1322,100,2654.59,6381.78
4560,1097,8,11033,678,7060,215,140,487.45,5685.41
4561,1543,6,11331,498,5859,2121,102,1026.92,5939.77
4562,1331,3,11303,562,7491,4049,357,286.47,7345.1
4563,1574,4,10275,615,5762,1712,230,3536.1,8061.77
4564,1693,2,10037,64,3209,2179,344,3881.16,3249.46
4565,1827,5,10549,647,4954,1249,103,2761.41,6129.42
4566,1521,5,10010,131,2151,4836,328,701.88,8254.53
4567,1656,6,10404,89,649,1217,494,985.56,8520.84
4568,1777,7,10338,164,1248,1716,467,1955.53,7185.0
4569,1286,3,10430,598,9008,202,250,2412.85,9026.03
4570,1263,5,10774,296,1424,2543,484,2822.25,7256.07
4571,1545,1,10829,273,3175,2694,330,1665.59,8147.93
4572,1209,1,11652,674,1948,778,265,1903.13,4712.47
4573,1309,4,11476,242,9603,135,417,480.15,1320.63
4574,1246,7,11896,559,2963,3534,345,3713.59,800.99
4575,1626,8,11550,552,5725,123,165,3144.05,3110.83
4576,1523,1,11866,335,3812,1753,460,3563.16,2475.92
4577,1454,3,11413,494,9569,3542,208,4363.58,9276.97
4578,1903,7,10094,675,7089,2740,246,1820.68,1893.54
4579,1243,4,10807,111,5244,4844,174,2025.34,1625.33
4580,1170,6,10414,644,9562,1580,474,1393.59,2683.9
4581,1557,2,10496,55,7640,1763,314,2211.64,3571.93
4582,1442,3,10014,250,5619,616,495,4279.85,9826.54
4583,1760,7,11457,582,3180,4579,232,1621.84,8049.77
4584,1186,1,11837,107,4748,722,488,1165.02,2223.1
4585,1515,3,10367,166,196,761,158,4847.05,908.55
4586,1340,6,10363,72,9612,2512,217,1230.94,7886.5
4587,1636,1,11921,719,1759,4610,248,938.49,8831.65
4588,1793,7,11180,18,7585,229,191,2263.19,3765.2
4589,1361,7,10980,427,6057,4834,458,605.29,6785.0
4590,1201,1,10291,473,4036,4872,446,3905.7,1129.58
4591,1117,3,10445,703,6492,3947,58,2830.0,4188.97
4592,1275,8,11159,103,7452,810,115,2120.66,323.59
4593,1896,3,10839,635,1213,3887,307,4168.56,889.33
4594,1619,5,11715,403,8607,4656,155,1664.16,7217.51
4595,1700,4,11060,659,6259,2592,221,1846.93,9015.15
4596,1080,6,10577,341,8182,41,386,2400.0,9933.74
4597,1568,7,11207,551,1551,4583,347,2366.92,5761.2
4598,1968,2,10437,202,2001,2317,485,4801.38,6771.21
4599,1346,4,11032,693,6865,1251,462,2979.29,7368.52
4600,1996,7,10019,389,8948,3260,35,1148.59,6155.29
4601,1401,4,11693,664,5466,1971,89,2940.16,9758.95
4602,1274,8,10923,695,1346,2599,132,1387.55,6810.43
4603,1625,5,10755,422,7079,4528,467,4380.83,974.49
4604,1812,1,11335,332,2193,3035,296,1127.95,4196.26
4605,1666,7,10146,103,3529,2869,261,4532.26,2848.22
4606,1523,7,11461,467,8871,4040,420,2345.57,6917.54
4607,1317,3,11949,543,4982,2795,225,379.18,343.26
4608,1433,1,11338,329,5517,1682,181,1394.26,5114.69
4609,1061,3,11367,442,884,3528,255,2690.29,5876.04
4610,1779,3,11327,338,8526,3779,90,2571.91,2442.96
4611,1717,5,10879,442,686,2761,303,1682.57,1351.95
4612,1895,3,11684,210,4859,2819,499,4776.57,2173.41
4613,1902,7,11141,381,258,3903,444,3995.46,8468.69
4614,1596,3,11839,413,2935,3464,330,3346.48,7926.31
4615,1839,8,10059,471,3278,3651,21,3077.45,3657.52
4616,1142,2,10271,501,3946,259,77,3498.53,6443.69
4617,1812,1,10048,190,2675,247,364,1572.38,7488.11
4618,1727,3,11942,15,1590,2411,159,2130.73,5005.82
4619,1576,7,11958,247,8985,580,88,4224.39,6942.06
4620,1985,5,10343,380,7348,3438,383,1086.78,4494.38
4621,1479,3,10977,197,860,2653,387,3900.59,8464.52
4622,1621,2,10961,129,9763,1470,20,4863.99,7850.51
4623,1666,6,11048,425,727,2647,367,3630.12,2260.73
4624,1501,6,11890,414,9010,753,174,2889.93,9908.13
4625,1288,1,11410,64,4012,270,198,2230.08,4741.59
4626,1088,1,11934,3,8427,2083,151,2106.75,9672.97
4627,1940,2,10111,582,4378,685,168,3864.06,5363.45
4628,1761,6,11769,357,4793,1325,492,1691.78,639.68
4629,1415,1,10216,402,7437,1962,141,2188.49,3307.93
4630,1685,8,11577,104,7519,3914,330,2302.25,7173.69
4631,1231,6,10792,221,8314,1504,299,184.16,4065.24
4632,1603,5,10006,723,782,486,361,3067.16,7758.45
4633,1844,1,11544,118,3811,343,493,2269.29,7268.87
4634,1280,6,10609,266,8640,2276,219,330.2,3450.51
4635,1064,5,11442,141,2554,3746,294,1034.02,6535.94
4636,1922,3,11826,487,5817,2168,400,2770.64,1393.87
4637,1656,2,11657,177,5703,745,285,1627.09,9500.74
4638,1595,7,10673,551,2751,4495,102,1997.06,9177.6
4639,1218,8,10810,283,5972,4196,436,3862.83,4758.03
4640,1186,6,11890,305,9179,2727,230,845.14,2859.89
4641,1945,5,10883,321,2434,3017,497,2244.36,5769.38
4642,1815,8,10505,138,1266,1177,243,1922.0,693.45
4643,1427,2,11785,52,1627,357,395,3284.97,7852.57
4644,1820,8,10202,45,3131,2650,272,4635.18,8198.22
4645,1346,2,10831,332,1236,81,161,3288.05,5392.84
4646,1118,2,10632,168,4324,4645,315,1311.32,9873.14
4647,1812,5,10928,89,6398,2854,283,4407.79,7216.62
4648,1146,2,11567,605,1784,3987,204,2212.46,9358.88
4649,1320,5,10454,458,1191,3962,362,1837.2,825.83
4650,1878,8,10878,8,3865,671,186,1626.54,5258.41
4651,1416,1,11374,442,5479,2201,208,4998.86,3985.12
4652,1585,2,11280,601,7685,3345,136,1576.68,4436.27
4653,1886,5,11971,145,9364,2058,384,4525.19,5191.85
4654,1417,2,11789,349,6501,3235,386,2391.95,9011.39
4655,1080,7,11093,604,4877,2236,467,519.44,5088.62
4656,1046,1,11095,415,3753,4895,21,2223.47,6830.18
4657,1654,6,11390,382,8979,4280,389,3313.68,8144.5
4658,1437,1,11960,637,8011,3891,230,4333.3,9496.0
4659,1397,2,10392,55,1851,4452,430,4756.86,2018.62
4660,1816,5,11441,728,6515,1466,150,561.82,585.11
4661,1592,4,10100,148,787,4064,254,4215.91,6581.91
4662,1284,6,11391,104,9228,416,64,1251.66,4342.61
4663,1225,1,11217,445,7743,1090,396,2492.04,5550.02
4664,1415,5,10264,637,7571,1743,325,1768.41,5942.31
4665,1142,3,11413,198,7418,2376,192,354.44,3954.58
4666,1195,5,10010,730,8164,2493,460,1348.62,4190.5
4667,1829,4,11649,182,6359,491,470,4172.21,7064.58
4668,1102,5,11694,416,5403,4311,132,1332.36,6616.91
4669,1270,4,10866,524,800,4894,280,259.5,8196.98
4670,1801,5,11228,16,2289,1043,46,988.87,4372.85
4671,1518,6,11894,654,6894,4515,388,4894.07,5253.18
4672,1299,8,11170,372,2146,1181,369,1349.05,8569.42
4673,1367,2,11036,430,1413,3583,20,1763.88,5241.33
4674,1415,4,11133,545,5370,3660,66,4785.59,5171.02
4675,1234,7,11180,270,6192,3360,247,3070.78,9754.02
4676,1065,3,10679,677,7261,4949,167,348.16,9864.97
4677,1263,6,10922,606,6455,3831,461,3983.82,4623.27
4678,1477,8,11717,239,5310,4689,419,641.22,925.94
4679,1716,3,10239,403,2200,4105,375,1588.65,4603.8
4680,1486,1,11828,15,4799,403,260,3558.22,2143.26
4681,1525,8,10941,412,4211,780,471,906.08,7361.03
4682,1539,5,10378,371,726,72,161,1034.6,6544.31
4683,1472,1,11131,367,7737,3889,464,1062.12,1873.08
4684,1319,3,11986,151,3872,4006,422,2790.21,3275.76
4685,1762,1,11243,381,2333,4178,471,4884.09,1668.61
4686,1265,3,10761,299,1405,1311,429,2317.28,4466.98
4687,1564,4,10935,13,8187,2261,81,4207.75,6532.31
4688,1356,4,11034,676,3094,2827,284,2139.66,669.9
4689,1855,6,11050,634,8091,2851,329,1021.38,7131.3
4690,1719,6,10368,679,9633,2661,377,1653.48,2752.61
4691,1744,7,11813,95,5368,1830,14,3114.0,8990.39
4692,1185,4,11470,2,9397,1002,328,3972.55,9220.57
4693,1219,1,10966,290,7138,1786,103,3092.04,2949.05
4694,1338,8,11051,313,7966,62,173,1360.73,397.45
4695,1731,2,10470,65,5682,1140,328,1204.22,3987.18
4696,1774,1,11649,170,4943,1306,6,66.75,1703.13
4697,1761,4,10353,347,8317,696,65,1125.56,1171.17
4698,1692,4,10374,15,6331,3413,345,353.99,9268.79
4699,1438,1,10401,442,5474,1396,88,1646.28,4723.38
4700,1004,8,10252,585,7462,3284,254,2087.35,7102.48
4701,1921,2,10242,532,1403,2562,378,3944.64,9009.62
4702,1273,3,11923,339,9253,138,141,2988.66,8892.5
4703,1802,6,10244,443,8790,3665,50,4159.6,8534.7
4704,1921,4,11010,529,8293,4398,177,2597.16,7400.31
4705,1276,5,11045,194,3204,4664,337,497.12,161.83
4706,1354,3,10858,4,9670,2560,133,3844.27,7203.03
4707,1373,8,10504,248,9023,2288,195,4868.89,9385.01
4708,1400,2,10960,622,5866,3792,52,3308.19,4757.54
4709,1748,6,10693,152,8794,1031,486,4781.0,6520.81
4710,1354,3,11651,119,4775,4988,498,1929.97,7530.66
4711,1584,8,11744,612,4746,3893,127,263.02,499.54
4712,1559,6,11577,596,9360,3015,35,2857.56,2630.93
4713,1895,2,11697,719,3282,819,98,3223.73,8138.65
4714,1249,7,11302,643,6617,4826,445,3572.14,139.35
4715,1233,8,10128,329,7558,3569,400,3528.86,6921.74
4716,1915,1,11770,311,5356,3246,438,268.28,4856.07
4717,1259,4,10550,176,6533,3515,401,1812.99,7596.69
4718,1099,1,10557,299,6047,4679,309,3165.29,8107.54
4719,1840,7,10889,553,7903,2721,114,2380.7,9906.86
4720,1820,1,10929,352,9951,3195,48,4248.85,567.2
4721,1843,8,10332,433,8117,3327,367,2806.81,7239.74
4722,1818,8,11434,162,1877,3586,211,2090.65,3844.04
4723,1806,1,10366,485,8495,71,156,4573.42,2331.64
4724,1050,1,10125,2,3745,510,340,3355.7,4666.12
4725,1741,3,10435,111,8661,3008,334,4401.11,2563.17
4726,1819,8,11712,381,3850,3520,134,4669.58,6585.79
4727,1470,5,11562,235,4469,148,461,1103.7,9515.42
4728,1204,5,10191,591,8894,3890,492,1760.69,5765.77
4729,1384,6,10525,548,671,1630,12,2217.55,9895.71
4730,1407,1,10602,729,9392,791,273,2399.73,4156.24
4731,1966,7,11037,3,7689,1041,115,717.98,5857.31
4732,1644,1,11517,683,8415,3471,316,4757.88,9220.39
4733,1887,5,11477,674,210,3038,147,267.93,7354.36
4734,1112,1,10688,413,2168,3168,331,749.4,1324.51
4735,1826,3,11585,394,760,74,257,56.85,902.39
4736,1212,4,11600,683,3654,1718,164,3399.2,4399.64
4737,1135,6,10171,388,5267,1973,400,358.24,2134.82
4738,1127,4,11801,402,8507,4552,100,2282.01,3266.65
4739,1588,1,11359,71,9449,1333,222,3552.17,6378.22
4740,1806,3,11382,674,9882,3274,340,1005.06,5429.04
4741,1137,6,11770,623,7091,3594,51,2833.12,7455.98
4742,1483,5,11548,127,6792,275,160,165.45,8203.3
4743,1233,7,10398,145,8818,4658,190,2746.9,1481.33
4744,1839,8,11549,654,5807,31,333,2979.34,761.32
4745,1201,2,10589,628,1421,4171,152,3303.38,2170.77
4746,1410,3,10034,620,913,1751,45,2919.58,7154.95
4747,1505,1,11889,366,3326,852,180,2177.71,3044.18
4748,1782,7,11820,34,6314,2725,278,3157.23,6774.35
4749,1598,8,11772,348,3867,2307,128,1886.4,3685.34
4750,1527,1,11469,460,4800,3205,49,4709.28,8525.65
4751,1362,2,11081,607,9661,347,146,3962.35,1734.53
4752,1458,3,10314,286,9412,344,87,2641.53,1017.22
4753,1357,1,11014,118,7073,3677,499,2508.84,857.77
4754,1103,2,10901,380,4047,3886,57,1831.49,6193.04
4755,1252,4,10062,534,237,2340,275,1749.86,4565.59
4756,1150,3,11846,159,8290,456,155,1414.45,4899.39
4757,1538,4,11567,194,8559,1975,233,2762.34,3676.71
4758,1791,3,10167,679,4887,2242,187,3945.0,9193.68
4759,1597,5,11805,62,7236,2037,154,4701.44,5792.32
4760,1876,4,11118,246,1396,3952,409,2880.3,2094.5
4761,1475,4,11176,285,2415,2352,126,1259.49,352.05
4762,1225,2,10770,76,163,2210,316,2365.33,4068.09
4763,1518,8,10356,56,183,1391,431,750.57,5245.29
4764,1213,6,10949,391,760,2634,360,4486.88,138.81
4765,1107,8,10556,677,1890,912,385,2582.05,5349.25
4766,1092,4,11447,289,2922,1187,459,2019.02,5205.29
4767,1870,2,10230,721,118,3282,323,1128.55,5738.67
4768,1687,3,10299,614,2098,2194,428,4301.16,5971.32
4769,1893,5,10835,101,4941,2685,290,1991.53,1897.76
4770,1640,5,11980,76,850,4416,145,4475.67,4828.98
4771,1109,8,10979,552,6071,2286,378,1761.03,6440.23
4772,1138,7,10613,253,9051,761,160,2333.79,7317.25
4773,1181,5,10974,204,7054,2928,49,3234.48,6092.3
4774,1973,4,10190,716,7181,4946,406,4808.98,9369.8
4775,1478,5,11115,689,7797,1675,10,1486.81,9694.98
4776,1586,4,10946,53,4379,3648,158,373.29,6324.21
4777,1963,2,11692,52,127,799,160,4651.05,9850.55
4778,1775,8,11972,484,834,3375,123,3470.83,5018.88
4779,1391,2,10530,646,6957,2039,262,3993.62,7302.75
4780,1011,4,10076,272,6500,1430,294,4101.93,5789.62
4781,1602,1,10201,317,4901,316,281,1165.91,7659.05
4782,1293,6,11923,155,9159,3272,324,3352.52,6601.15
4783,1364,5,11973,101,2483,699,407,3930.96,793.41
4784,1726,8,11581,567,4602,2300,309,4350.78,6827.71
4785,1311,2,10551,465,1254,2689,398,2825.19,3603.42
4786,1834,4,10561,530,5538,3458,15,2966.05,526.42
4787,1975,6,10124,572,1192,3547,326,4113.88,4189.99
4788,1220,2,10993,301,1889,4312,325,3560.69,6420.12
4789,1420,1,11871,613,9149,4398,386,1062.68,3604.63
4790,1260,5,11684,77,8295,1002,462,4745.08,2490.73
4791,1649,2,10494,662,9966,2713,367,1827.44,7900.39
4792,1777,4,11774,520,9013,4197,377,88.47,2599.71
4793,1565,6,10040,494,1221,1716,421,2240.06,3181.71
4794,1703,4,10422,484,3106,2028,383,1181.58,9836.34
4795,1065,3,11341,533,3613,595,411,1520.64,7196.84
4796,1503,2,10328,287,1645,1118,420,362.2,4286.24
4797,1939,4,10094,421,2625,3487,313,4561.51,7177.88
4798,1678,7,10971,490,963,2942,23,4015.43,6487.93
4799,1174,4,10217,426,5645,3775,286,2218.03,3570.7
4800,1745,7,10790,446,3780,194,367,815.24,761.6
4801,1532,3,11209,490,1326,4371,333,4480.09,4456.03
4802,1241,3,10495,360,4180,542,35,4698.89,9870.62
4803,1166,7,10389,144,8525,4113,452,834.77,8382.84
4804,1300,1,11813,508,5559,3283,169,654.08,6981.21
4805,1338,6,10770,694,5604,764,308,1288.93,3335.35
4806,1566,3,11269,660,8454,4548,378,2575.07,2309.24
4807,1009,8,11795,125,5736,4556,327,3161.49,1686.6
4808,1497,3,10506,406,2502,1419,21,720.75,9894.8
4809,1797,5,11630,524,9279,3029,334,393.33,8296.8
4810,1076,3,11903,144,286,144,209,3369.59,6145.15
4811,1794,5,10518,606,983,3587,412,661.13,9611.56
4812,1613,5,10530,111,8393,4544,51,4569.62,6833.49
4813,1359,2,10823,55,7181,4490,495,3045.33,5972.25
4814,1428,1,11173,485,6091,3177,225,3189.91,8171.33
4815,1288,6,10811,345,1518,1301,341,1054.51,4148.67
4816,1880,8,11087,185,3054,215,71,1911.96,7266.86
4817,1081,5,10613,93,328,3854,416,3935.32,3250.13
4818,1398,5,10506,27,5806,2395,423,266.68,2366.59
4819,1892,4,11417,258,9941,1862,38,4713.88,5355.13
4820,1572,7,10977,357,2774,2241,126,2931.26,142.04
4821,1235,6,11485,87,3131,2874,32,3807.12,9822.73
4822,1514,4,10246,692,9301,3298,129,782.4,8033.79
4823,1219,3,10655,391,3919,2510,20,250.91,7750.83
4824,1870,6,10853,452,6971,37,465,3274.81,8404.57
4825,1822,4,10107,590,3771,4250,221,2797.14,7334.43
4826,1306,8,10598,647,5397,3400,55,3907.11,8216.14
4827,1393,8,11527,349,3643,4419,160,799.42,8933.34
4828,2000,5,10541,154,8452,282,484,2262.29,660.61
4829,1604,5,11742,715,4419,2429,227,4810.32,1821.98
4830,1523,8,11384,625,8403,2442,282,4751.72,3512.63
4831,1609,4,10278,348,9954,3185,440,1045.21,4401.89
4832,1028,3,10327,609,9185,1917,94,378.4,6703.62
4833,1440,5,10638,220,4171,1771,213,2220.18,6410.27
4834,1750,7,10198,648,9964,291,206,3154.69,2286.19
4835,1732,1,10114,652,2901,2209,423,1684.91,3241.08
4836,1965,8,11277,685,2525,4988,396,1555.59,6216.67
4837,1199,1,10073,467,5398,3382,317,1755.37,9287.43
4838,1240,2,10161,688,3287,2638,268,3383.16,6854.13
4839,1179,8,10190,369,866,4138,376,4488.86,9337.88
4840,1283,6,10533,723,4629,858,132,4536.91,6433.0
4841,1640,5,10584,655,1894,4270,472,161.08,5066.69
4842,1413,4,11347,620,767,3657,111,1144.5,4812.84
4843,1129,8,11388,298,5420,629,33,1341.74,6748.67
4844,1198,1,11821,16,5048,1071,377,3488.3,7052.42
4845,1594,7,11176,726,5255,3923,231,4732.83,715.99
4846,1840,8,10393,716,6319,4490,216,3955.41,809.43
4847,1118,4,11004,686,8033,922,300,1267.64,5622.57
4848,1035,3,11011,604,9688,1256,295,2219.52,207.9
4849,1105,4,11509,529,7373,1431,145,3397.01,6377.41
4850,1742,2,10804,247,4199,4370,61,3256.69,1740.75
4851,1453,7,11327,338,9751,2106,180,1194.65,3470.21
4852,1354,8,11727,60,2541,1834,344,2958.6,203.61
4853,1373,1,10655,696,4138,1460,52,2757.84,5455.47
4854,1398,1,11769,364,3300,3061,76,1927.61,7241.18
4855,1385,5,11667,215,3875,2905,315,768.8,8150.8
4856,1781,2,10313,41,5194,2692,144,1764.24,8270.66
4857,1549,7,11085,360,2237,3839,299,4888.88,434.24
4858,1778,3,10655,587,2218,141,51,4680.85,3175.66
4859,1305,1,11102,282,3426,3031,349,4332.08,621.22
4860,1351,6,10441,372,2214,1884,199,720.43,6046.03
4861,1788,3,10358,370,516,2019,311,3143.58,7005.56
4862,1182,4,10955,701,9500,4967,331,4900.31,8213.51
4863,1063,6,11036,395,968,1492,376,3148.67,6307.28
4864,1326,4,10241,496,8107,2038,461,2805.07,1859.21
4865,1640,4,10811,465,6520,3704,98,4653.76,8728.16
4866,1653,5,11403,162,8274,1583,143,2351.71,4724.5
4867,1883,5,10232,493,9000,1312,121,4081.94,6850.45
4868,1645,5,10076,262,1173,1600,118,3202.45,9268.16
4869,1636,2,10920,446,1446,2636,71,2294.08,6504.77
4870,1968,8,10832,165,6178,1311,490,3189.1,4779.41
4871,1975,7,10544,537,6483,1819,419,3290.65,4443.5
4872,1311,7,11018,679,6785,4436,204,726.61,487.41
4873,1968,5,11503,278,4075,1067,204,2169.23,3857.68
4874,1158,3,11997,376,7938,1268,335,3319.81,9223.86
4875,1360,5,11493,414,9024,1201,77,4993.84,4241.46
4876,1230,6,10515,619,4582,3686,160,3661.99,9254.96
4877,1351,1,11701,182,4478,2695,296,137.58,721.72
4878,1934,6,11800,268,2365,1808,182,4044.66,4817.13
4879,1953,1,11220,384,6697,498,96,2207.44,776.64
4880,1503,2,11493,127,6905,1936,429,437.43,1394.7
4881,1366,8,10324,673,8381,692,71,3687.23,7463.19
4882,1254,4,10799,248,1637,2524,46,979.85,6050.52
4883,1991,6,10214,103,9327,749,154,4990.09,6905.09
4884,1826,3,10394,13,6346,94,174,4871.91,4343.63
4885,1190,2,11831,326,6277,1334,119,2675.04,3679.43
4886,1201,6,10374,268,5734,4474,225,1341.07,3274.94
4887,1968,1,11488,615,503,1779,361,2603.45,9324.69
4888,1422,2,10045,134,7137,662,66,3227.51,2807.27
4889,1936,8,10080,721,9325,2888,364,4935.6,4126.02
4890,1759,7,11253,123,3726,3134,255,876.71,3088.78
4891,1469,3,10322,25,8415,3401,406,494.07,9148.48
4892,1923,4,11432,153,7004,3951,467,4755.3,105.53
4893,1780,7,11678,367,2888,2114,65,3233.79,5387.13
4894,1632,3,10482,164,4661,3454,467,2450.03,3881.12
4895,1557,1,10766,523,8260,2633,261,3630.54,6465.83
4896,1623,1,10430,716,3018,4425,470,3997.51,8260.21
4897,1238,6,11651,306,5076,3980,440,1289.23,6485.48
4898,1062,8,11387,420,7884,1310,64,1674.77,7882.19
4899,1720,3,11720,464,5122,344,499,3830.22,9791.94
4900,1515,8,10074,107,5151,2558,103,4827.56,2430.13
4901,1482,4,11432,624,2701,4027,46,3478.05,8363.06
4902,1380,2,10465,473,326,52,9,1590.16,9946.96
4903,1684,2,10483,34,4314,4313,301,2880.97,447.82
4904,1224,7,10759,497,228,1134,155,3825.88,6914.43
4905,1826,7,11110,250,8295,4421,443,1098.22,2378.18
4906,1520,2,11642,596,4691,166,38,4769.35,4294.76
4907,1945,2,11984,177,413,4401,154,2928.22,9464.07
4908,1668,8,11395,282,9128,2666,461,2991.33,9085.81
4909,1488,3,11008,594,5759,197,174,1133.73,5743.51
4910,1642,5,11404,144,5623,2168,340,3215.05,731.47
4911,1775,5,11803,470,7869,4847,287,3162.37,3269.62
4912,1715,8,11539,636,3325,3627,67,2083.31,8705.65
4913,1650,3,11729,522,9714,1442,380,3175.68,1942.28
4914,1928,6,10542,196,1006,1037,60,2306.06,8294.39
4915,1066,4,10639,424,3878,2859,165,321.91,3521.3
4916,1940,3,11282,229,8686,3542,64,886.89,969.35
4917,1057,7,10400,512,4367,3417,123,1897.14,4585.48
4918,1713,1,11439,122,2346,1165,13,3442.69,2985.45
4919,1943,5,10716,257,9771,4413,23,3474.98,6373.91
4920,1907,2,11574,154,632,4544,65,2150.6,3701.61
4921,1922,3,11149,93,6176,2585,338,2891.08,6445.24
4922,1683,1,10608,314,7904,3239,16,3572.06,1039.29
4923,1661,8,10127,717,4531,3714,421,556.63,9484.74
4924,1259,4,10463,209,9891,70,301,4258.68,4297.18
4925,1817,6,11238,448,5886,3849,197,4560.93,4226.82
4926,1994,4,11885,314,6512,2563,343,3036.51,5469.44
4927,1228,4,10098,210,9765,4576,332,349.7,1944.75
4928,1662,5,11692,237,6277,718,47,51.25,6505.28
4929,1970,2,11721,424,2749,4720,195,2232.8,949.0
4930,1792,1,10506,83,9246,4865,40,4156.96,4274.89
4931,1357,3,11353,195,9651,247,436,3087.9,710.56
4932,1871,7,11902,568,8822,1520,302,4716.28,591.64
4933,1138,6,10710,715,5554,1599,231,4416.55,5898.51
4934,1974,2,10651,141,4440,163,141,1812.7,4684.76
4935,1097,5,10074,156,764,3085,202,3812.75,1519.19
4936,1562,5,10392,214,8400,4598,63,4353.22,6348.34
4937,1642,7,10808,541,2913,3415,410,4605.92,5297.89
4938,1504,6,11892,252,7537,1266,261,1683.16,4644.98
4939,1933,4,11091,549,9613,3241,447,1704.26,4918.97
4940,1771,5,11258,534,8830,4561,321,2646.18,4916.56
4941,1737,3,10591,286,2242,203,474,2627.78,4933.42
4942,1757,8,11423,694,2196,3780,261,4668.33,3706.93
4943,1005,4,11861,135,4281,2050,364,1123.59,1243.47
4944,1640,6,10580,32,740,3021,492,4807.29,5654.57
4945,1709,5,11468,224,6301,4142,333,3222.3,4786.15
4946,1244,4,11460,110,9973,555,476,4031.76,9072.98
4947,1850,5,10234,477,7581,3220,67,1494.85,1360.42
4948,1439,3,11627,207,9439,1492,16,527.04,5996.89
4949,1044,1,10526,349,5946,1311,323,2346.09,240.91
4950,1219,4,11206,528,5089,1356,35,58.76,1678.29
4951,1240,7,11862,421,2176,3934,210,3127.66,4153.43
4952,1076,3,11829,247,6611,2718,285,4777.88,8103.89
4953,1908,6,10496,118,1131,1066,315,1571.77,7122.15
4954,1909,2,10374,681,1709,1432,238,85.17,6171.47
4955,1333,4,11457,310,5042,4447,252,2616.76,8463.97
4956,1868,6,11085,673,3321,2726,51,684.08,5603.32
4957,1133,8,11390,333,6086,4345,450,4830.71,3156.51
4958,1868,3,10712,629,7247,2670,20,1596.72,2359.6
4959,1533,2,10931,351,8491,2266,148,4912.37,5263.28
4960,1898,4,10694,529,5559,3000,398,1791.98,4941.64
4961,1648,6,10378,591,8389,3523,289,4329.79,223.54
4962,1297,8,10885,552,7071,2096,401,1055.16,2377.5
4963,1710,3,11568,9,9218,1334,381,3819.8,933.75
4964,1057,5,11979,236,228,1311,179,2394.71,3610.49
4965,1873,5,11124,519,9243,3080,174,2665.81,7915.92
4966,1549,8,11503,41,3798,1440,10,1750.57,6046.79
4967,1033,5,10084,53,1221,4111,140,1102.58,6597.84
4968,1185,5,11145,178,6377,444,98,1730.01,1609.31
4969,1313,2,11662,698,4922,4650,114,3860.32,5929.78
4970,1693,6,11208,551,2741,363,31,1565.28,1882.45
4971,1782,6,11865,384,6591,2098,225,3093.14,6417.04
4972,1633,3,11966,584,8250,4955,117,3888.76,1412.8
4973,1552,8,11306,535,4255,1593,371,473.11,4239.34
4974,1701,3,10576,324,5026,704,24,1422.98,3050.03
4975,1073,7,11936,166,1283,1715,373,603.8,7543.89
4976,1827,3,11394,74,536,1320,188,2268.79,1413.19
4977,1110,7,10890,386,3549,2041,139,3200.56,9722.75
4978,1894,7,11288,582,5058,4406,420,1651.53,5906.09
4979,1417,1,10646,594,827,4931,214,4087.52,4391.12
4980,1891,5,11541,50,2058,3195,306,3898.27,2846.5
4981,1567,2,10740,607,7807,4971,139,740.64,4542.29
4982,1748,2,10407,366,8715,2841,99,2811.37,1491.97
4983,1346,8,11751,592,5054,1749,451,4347.58,5194.66
4984,1816,4,11285,84,1566,3556,302,3589.21,4014.98
4985,1970,4,10810,596,9502,4810,431,3024.32,4872.62
4986,1991,5,10217,314,3925,904,198,2367.28,1444.24
4987,1937,4,10114,191,9327,1854,91,396.58,8488.5
4988,1435,4,10997,60,7376,2604,34,2251.82,4522.79
4989,1334,4,10547,32,7885,2308,194,4298.4,910.19
4990,1252,3,11622,469,8281,1553,244,2136.35,3375.91
4991,1231,7,11819,168,8799,1124,415,3436.86,1766.53
4992,1596,4,10761,19,1554,36,138,3813.15,4128.94
4993,1739,3,11599,605,7081,1894,172,3130.66,5782.03
4994,1334,4,11740,227,5417,1705,407,2849.02,3220.55
4995,1439,6,10508,360,2372,3503,191,530.76,4018.53
4996,1543,2,11158,544,6276,2221,82,4151.91,1307.1
4997,1756,3,10801,49,7823,1799,280,3814.07,4752.67
4998,1107,4,10168,607,9869,4496,395,1022.7,6163.0
4999,1630,6,11458,530,4360,4511,293,3658.31,371.61
5000,1587,6,11036,202,4041,4904,471,3548.36,5822.09
5001,1051,3,11908,287,3170,1316,237,3585.46,7106.61
5002,1421,1,10700,666,8058,3760,187,2114.17,1644.7
5003,1393,2,10378,341,5318,2012,213,3272.48,6974.9
5004,1121,3,10105,571,3251,2556,100,4357.46,8704.64
5005,1554,2,10124,139,3195,2639,73,1310.02,3779.31
5006,1698,6,10260,462,9063,4368,167,2565.45,3218.63
5007,1947,8,11926,200,2966,1818,81,1494.37,9675.06
5008,1687,1,10798,127,8745,216,179,4436.06,8959.56
5009,1664,2,10423,200,9274,2990,194,1641.86,5424.81
5010,1251,1,11835,218,1878,3112,441,1452.71,3793.0
5011,1490,8,11767,565,9929,2682,77,1237.88,5580.45
5012,1469,2,11498,637,198,3630,262,3365.66,837.8
5013,1376,8,10472,96,3674,4238,484,4447.04,3223.5
5014,1507,4,10130,325,3886,1533,4,1579.28,4374.52
5015,1701,1,10181,144,9403,4084,438,927.36,8044.51
5016,1537,8,11957,693,712,1878,218,3464.25,7290.94
5017,1419,2,11286,263,4487,1530,62,2530.55,9818.05
5018,1397,1,11546,325,4610,2408,354,643.22,2874.93
5019,1852,5,10126,175,415,361,398,4861.4,2686.52
5020,1825,4,10297,380,1970,1064,60,297.49,1068.61
5021,1739,1,10448,542,8177,290,340,1261.19,3291.54
5022,1225,8,11605,230,9362,2407,85,74.87,7528.32
5023,1907,8,11452,629,7896,743,222,2303.35,8680.16
5024,1882,8,11029,725,8574,260,418,4154.8,994.43
5025,1029,8,11740,45,6181,1995,240,4615.25,2063.03
5026,1955,4,10831,430,2536,3661,401,4417.75,3583.47
5027,1924,8,10665,420,7905,3529,16,3502.89,4648.76
5028,1617,8,11439,40,1022,3191,324,3102.76,3333.05
5029,1734,7,10013,392,104,3777,427,158.52,8395.05
5030,1885,3,10332,380,4922,377,356,4556.57,2438.15
5031,1526,7,10096,310,5821,739,335,4609.22,7215.25
5032,1615,4,11406,157,4226,3868,33,2150.73,5765.79
5033,1527,1,11356,247,3179,3050,112,181.12,4636.61
5034,1991,8,11761,36,830,1846,174,3074.34,871.59
5035,1285,4,10967,84,9090,3909,18,4614.54,9952.64
5036,1414,1,10275,715,189,4980,48,3990.01,8214.22
5037,1560,7,11306,253,5570,12,59,1898.86,6195.0
5038,1838,7,10943,453,818,4768,72,136.13,8780.95
5039,1968,5,10437,64,1871,4888,139,4642.24,3728.35
5040,1649,1,10067,234,3235,2929,15,1912.0,5862.7
5041,1634,2,10670,346,2366,449,240,691.44,7813.15
5042,1486,6,10377,365,4556,4410,454,1376.44,9505.63
5043,1718,4,11158,215,6317,186,339,2689.41,250.94
5044,1278,4,11315,256,7645,3127,283,1940.27,8671.79
5045,1447,3,10953,533,5861,4614,277,335.57,3961.49
5046,1148,1,11047,505,9947,4331,268,726.98,562.95
5047,1583,8,11867,388,3017,4737,385,720.72,4710.55
5048,1659,4,11925,65,9507,3399,449,1210.76,3413.63
5049,1725,3,10568,111,5611,1310,15,3743.75,5570.88
5050,1268,6,11461,49,5577,2381,12,468.97,954.78
5051,1417,8,11008,428,8184,2775,458,4786.43,1115.39
5052,1571,3,11538,149,5609,98,155,4417.83,7396.83
5053,1033,2,11825,240,4402,796,404,4271.79,4711.06
5054,1239,5,10305,295,7697,593,179,4927.92,5405.3
5055,1830,5,10805,667,7886,1457,395,2470.43,1892.64
5056,1796,3,10840,731,7522,965,38,1047.56,3189.94
5057,1761,4,11620,412,7053,2566,159,4282.99,7376.59
5058,1343,7,10678,440,6089,3482,42,1747.77,5327.92
5059,1279,7,10428,328,9912,4716,126,2167.93,5420.13
5060,1327,6,11349,72,4506,4000,380,3601.17,964.17
5061,1184,6,10852,673,7440,1773,463,3457.84,9190.77
5062,1005,2,11515,660,332,1385,5,4661.77,9536.18
5063,1113,2,10637,25,5899,1732,390,4331.33,4060.21
5064,1025,2,10835,278,1465,1252,442,1730.63,9040.47
5065,1816,8,11307,2,3560,4392,307,4087.21,771.44
5066,1226,1,10170,446,3955,363,490,3226.31,281.27
5067,1608,6,11581,521,1072,1217,276,2225.99,7694.0
5068,1119,5,10389,655,2901,221,378,1589.55,6952.52
5069,1041,3,10816,163,5437,3862,157,200.8,9842.34
5070,1820,7,11756,455,950,1529,205,4325.67,1319.95
5071,1561,1,10468,34,1255,3084,434,2955.07,8907.15
5072,1338,7,10487,58,4194,3156,282,4024.08,2633.5
5073,1142,5,11665,218,4235,1276,129,3199.98,1534.49
5074,1234,5,11987,181,4557,3356,127,1968.37,2863.72
5075,1973,4,11854,666,7135,762,345,3439.17,4227.07
5076,1826,5,10058,608,6232,769,415,4189.66,7663.04
5077,1064,2,11863,148,1452,3701,361,3039.59,9806.68
5078,1694,5,10805,321,9081,2649,290,3649.23,4097.12
5079,1627,6,11431,411,9543,1021,3,3974.63,750.27
5080,1175,5,10937,680,7776,4799,277,478.97,6143.63
5081,1562,1,10806,728,7907,4721,158,2026.3,5082.49
5082,1466,6,10278,555,2483,1968,127,882.68,8937.38
5083,1248,6,11882,607,5944,3870,416,2078.45,8157.98
5084,1466,5,10477,134,6855,1487,218,4097.27,1848.29
5085,1775,4,10387,11,5858,4656,105,508.55,4546.05
5086,1333,6,11382,160,4768,1542,390,2717.44,1490.15
5087,1672,1,10299,117,1118,3732,493,3799.92,8950.48
5088,1349,2,10580,161,2498,774,102,4788.12,4915.34
5089,1633,2,10358,524,5978,1350,298,207.89,1032.81
5090,1337,6,10722,447,5568,3598,70,869.0,505.07
5091,1681,5,10932,244,7744,1095,146,1376.84,4410.51
5092,1389,3,10198,340,7710,3779,470,3660.67,4749.75
5093,1900,3,11410,433,5439,2806,303,4087.19,481.51
5094,1408,5,11406,273,3491,2143,439,266.89,7316.09
5095,1652,6,11958,730,2448,1955,136,1733.91,565.08
5096,1472,2,10583,451,235,825,338,4799.17,1987.44
5097,1700,6,11293,196,7743,2366,37,2941.33,9138.37
5098,1476,6,10272,105,7688,4546,464,3499.32,8716.05
5099,1995,5,11030,620,3190,2433,199,4159.04,386.1
5100,1761,2,10939,222,740,2478,268,3961.58,6009.68
5101,1041,6,11114,652,348,1369,215,161.1,8460.96
5102,1087,2,10376,473,837,1998,322,2459.68,1270.27
5103,1960,4,10523,187,3947,3655,226,139.05,8216.65
5104,1910,3,10442,653,2205,3227,160,264.96,4846.3
5105,1698,6,11875,163,9905,553,406,3647.51,4777.21
5106,1739,5,10880,553,6243,1172,140,3201.37,9105.4
5107,1182,3,10214,136,6763,4464,386,3860.67,8369.98
5108,1197,3,11795,250,8677,3465,372,742.51,8061.7
5109,1575,7,11007,405,3532,176,156,2982.13,5453.26
5110,1798,2,10187,286,5222,3563,498,4934.12,3762.42
5111,1506,1,10939,559,6132,297,104,4348.64,3731.45
5112,1471,7,11679,456,6721,1902,109,348.31,8041.57
5113,1860,8,10646,549,5765,4923,258,3374.22,9374.06
5114,1280,2,10063,242,4493,3420,34,3115.83,2064.14
5115,1024,5,10192,302,7364,4056,289,4731.87,5649.05
5116,1710,2,11569,576,6093,4418,149,4434.0,7187.51
5117,1253,1,11283,543,2418,207,128,1400.35,9080.52
5118,1945,4,11421,616,4677,375,483,4564.46,6863.59
5119,1267,8,11304,25,407,2067,244,466.88,9604.82
5120,1898,5,10264,552,2866,3077,382,2211.2,6832.74
5121,1754,4,11439,556,6184,3234,268,4175.05,7348.27
5122,1121,5,10328,434,9426,3039,404,275.62,1133.74
5123,1614,3,10815,284,6600,3374,328,1043.22,4328.41
5124,1220,5,10243,561,3034,973,434,592.43,1266.45
5125,1310,2,11417,558,4700,1028,473,428.76,5144.01
5126,1581,1,10627,135,4938,3320,130,4751.6,7946.82
5127,1794,8,11659,476,1791,2695,116,1183.05,3401.19
5128,1325,7,10040,173,9358,1432,240,1900.68,1964.38
5129,1206,8,10151,480,3250,3566,472,1027.3,7166.37
5130,1928,7,10717,264,8583,3685,191,3178.53,4486.86
5131,1963,3,11464,671,6784,2509,287,1816.76,7629.08
5132,1254,7,11941,288,9603,1578,237,430.64,6001.79
5133,1648,2,10406,264,5028,2767,17,1226.09,8801.17
5134,1249,4,11748,10,1194,2232,74,507.12,1516.24
5135,1346,2,10198,447,1702,2314,376,1329.45,4476.51
5136,1986,8,10761,211,8517,3081,128,868.23,4263.21
5137,1557,6,11713,203,596,2450,417,1739.88,7536.78
5138,1433,4,11770,505,2727,462,345,1133.27,1635.8
5139,1597,2,11798,168,3684,1128,244,733.78,3453.91
5140,1252,2,10021,633,8337,983,272,1083.29,2882.21
5141,1728,3,10102,158,6240,2535,208,872.34,7382.64
5142,1247,5,10550,242,6855,1028,103,1653.82,6719.18
5143,1062,1,11584,192,7909,511,154,3588.55,1943.93
5144,1728,6,11366,462,3138,4107,0,2865.59,9712.23
5145,1856,7,11049,12,7297,4542,291,4933.05,6850.86
5146,1732,7,11376,146,8552,3317,80,2716.66,5006.98
5147,1329,5,11984,251,2251,74,295,2363.57,2997.85
5148,1538,2,11416,218,8650,3486,24,989.28,9191.43
5149,1514,7,11458,117,3798,1531,423,4670.35,8324.17
5150,1017,1,10336,497,2316,1909,284,1789.81,9706.39
5151,1518,3,10548,694,9828,2785,152,1163.68,8197.58
5152,1934,3,10867,658,4680,1090,306,2448.65,1781.26
5153,1714,2,10102,77,1779,1180,162,1235.18,4393.52
5154,1599,6,10178,476,2928,3356,300,4095.53,238.15
5155,1131,6,10621,615,1188,2525,136,2130.08,311.52
5156,1684,5,10454,560,1294,330,313,3982.65,3273.74
5157,1698,7,10498,586,8945,4732,373,1206.56,9691.14
5158,1270,7,10070,30,2665,262,414,1225.34,6309.5
5159,1006,5,10916,129,4950,3723,198,4190.37,6429.4
5160,1190,7,11180,384,5349,2232,386,3761.24,9134.24
5161,1924,1,11467,319,3897,126,418,2169.38,2696.12
5162,1231,4,10619,346,5562,2834,169,792.97,9675.3
5163,1396,4,10506,488,9330,972,258,4634.61,3895.55
5164,1949,6,11466,719,5350,1886,371,3341.9,4481.13
5165,1379,8,11231,464,8162,745,301,808.93,202.97
5166,1773,2,11370,699,8132,1053,466,1270.85,5918.58
5167,1876,5,11322,5,5114,3465,372,2815.36,6542.65
5168,1781,2,10920,410,7051,2921,296,4949.31,392.3
5169,1465,6,10894,472,5726,1750,493,51.29,2128.99
5170,1005,4,10844,42,8354,3628,349,815.59,8573.39
5171,1867,1,10239,601,8404,362,68,614.51,4649.24
5172,1276,7,10324,545,3422,814,193,2018.8,9053.55
5173,1718,8,11695,697,3989,3013,266,3276.39,9900.8
5174,1323,6,11489,556,8280,3264,191,339.53,9692.78
5175,1129,7,10758,224,1979,3862,338,2879.0,2163.74
5176,1661,3,10625,193,5019,2572,417,3510.32,8645.79
5177,1910,7,10582,115,4992,2042,247,3615.7,1730.91
5178,1951,1,10498,605,6271,4274,457,1494.79,3432.44
5179,1804,8,11891,273,4595,1202,372,299.71,6810.25
5180,1441,5,10202,168,9171,1040,308,161.86,2890.46
5181,1779,3,10874,720,8310,3274,290,1256.17,903.02
5182,1249,4,11557,419,9166,4787,201,930.93,9738.64
5183,1460,7,10153,320,2596,1896,66,1053.76,5677.18
5184,1741,2,10635,58,9334,4666,224,4710.0,6814.61
5185,1203,6,11586,603,4620,4883,64,2876.0,8616.5
5186,1388,6,11744,581,6523,2257,73,1632.61,2113.13
5187,1757,8,10087,179,7125,2744,284,3154.22,7024.11
5188,1029,5,10842,205,1991,349,37,4198.31,7428.63
5189,1937,7,11709,560,2482,4505,472,2931.2,1318.29
5190,1164,7,10466,538,2035,4566,439,1571.8,4985.84
5191,1043,1,11816,482,4016,3305,471,464.39,1804.25
5192,1308,2,10048,471,2593,2673,443,833.36,8239.81
5193,1302,7,11864,567,7227,1351,421,3645.2,6395.84
5194,1405,5,11168,668,8682,2583,43,257.39,1373.97
5195,1814,1,10428,283,4277,2146,55,1921.1,7844.74
5196,1647,6,11762,264,9655,2220,99,4658.75,1285.27
5197,1917,7,11379,389,7755,3661,443,3326.14,2677.64
5198,1595,5,10828,71,9984,1259,245,1818.42,2551.79
5199,1940,7,10778,707,2605,3599,268,3916.14,3875.82
5200,1454,8,10397,108,9196,3247,182,4222.46,4922.22
5201,1201,5,11209,267,8569,24,160,4091.71,3251.89
5202,1224,6,10215,528,8103,4808,100,2636.77,6477.55
5203,1287,7,10916,165,6605,2542,241,3525.33,9456.75
5204,1643,1,11027,283,8015,2875,427,4629.57,4635.31
5205,1379,2,11070,447,1535,368,176,3549.49,5973.12
5206,1506,1,11533,705,5168,1262,160,955.43,6043.48
5207,1088,3,10576,213,707,1506,460,3043.02,965.26
5208,1378,5,10836,670,3846,4304,380,1893.42,3946.5
5209,1034,1,11097,232,1366,3740,142,403.08,1806.45
5210,1400,8,10655,650,8319,3263,50,2703.45,2472.15
5211,1089,7,10127,438,5074,2996,419,3230.34,7486.8
5212,1537,1,10231,357,5656,157,449,3226.89,5517.19
5213,1783,2,11424,30,6992,1967,365,877.22,8519.67
5214,1395,1,11329,325,1110,4768,81,4404.09,4193.45
5215,1400,5,10075,242,4362,11,401,830.37,8670.66
5216,1884,3,10280,590,8237,1653,131,1468.29,5659.23
5217,1261,3,10341,713,4768,2548,372,2829.58,8476.54
5218,1852,6,10198,244,6685,4494,40,3753.92,5357.96
5219,1994,3,10605,634,4262,493,165,3058.15,1367.24
5220,1018,7,10243,339,2981,2008,456,1508.17,5723.49
5221,1219,1,11894,547,1643,1620,279,1445.76,3388.92
5222,1625,3,11629,319,6874,2588,290,3971.77,4718.35
5223,1062,2,11095,33,4657,2543,9,4884.92,2005.16
5224,1786,2,10005,221,9950,1582,49,62.19,9158.83
5225,1794,4,10414,200,1754,157,307,466.84,3817.79
5226,1639,5,11277,610,8629,4163,316,2645.96,7953.47
5227,1827,8,11343,175,9747,3001,383,3668.37,8948.43
5228,1996,5,11263,320,8415,1826,435,1513.58,4712.08
5229,1954,6,10304,358,815,4793,19,3029.37,3215.13
5230,1297,1,11837,126,9441,668,72,2659.01,4098.13
5231,1149,4,10152,431,4882,1553,319,631.15,5413.97
5232,1754,5,11503,389,2844,1760,60,353.51,1257.3
5233,1872,8,11285,82,5200,1110,353,2799.24,5942.84
5234,1911,8,11021,391,7053,2018,167,2079.95,5229.08
5235,1009,2,11784,512,6247,634,178,4632.46,3515.91
5236,1379,4,10880,1,9240,576,354,3519.76,8485.67
5237,1330,4,10540,727,1137,4656,180,1669.94,2217.63
5238,1038,8,10085,267,8908,1032,390,3118.26,9629.73
5239,1646,2,10662,8,4771,4401,446,4102.71,4109.07
5240,1422,5,10891,264,1317,303,4,2366.16,9390.38
5241,1080,8,11070,40,115,1337,61,930.99,3316.28
5242,1175,1,10922,534,5668,1691,497,2756.33,806.93
5243,1415,8,11417,259,4611,151,286,4417.65,3326.78
5244,1160,2,10200,245,6691,4725,403,1930.83,9486.51
5245,1192,7,11086,99,8877,2214,328,4157.12,2993.37
5246,1954,6,10179,446,230,3174,366,3086.77,1890.25
5247,1214,4,11549,448,8908,1950,152,4757.39,562.45
5248,1450,4,11003,320,6628,10,368,1087.8,641.68
5249,1313,1,11559,392,7095,978,156,4786.35,1972.23
5250,1410,7,10914,278,5008,4194,400,847.43,9117.99
5251,1821,6,11995,373,6130,3396,226,3945.55,8397.0
5252,1843,5,10636,554,7360,3154,339,4575.13,451.13
5253,1147,1,10382,651,8366,2594,351,2164.94,6598.75
5254,1576,8,11551,152,1237,824,150,2359.85,1134.07
5255,1164,2,10456,396,8259,963,81,4620.81,1611.59
5256,1832,1,10274,315,7342,1543,434,359.05,2237.92
5257,1034,8,10745,635,7896,1803,418,1706.63,654.08
5258,1178,4,11316,13,5046,2325,205,3279.45,2653.44
5259,1199,1,11233,300,5525,3605,230,4399.49,1625.96
5260,1992,5,11426,442,1817,2843,467,2044.34,8734.35
5261,1604,4,10489,473,4831,3106,293,342.28,3316.75
5262,1108,5,11203,381,1461,3416,91,3660.64,2337.8
5263,1801,7,10970,473,200,4085,243,122.85,9185.15
5264,1557,6,11727,186,6710,1647,294,818.23,7073.0
5265,1690,3,11117,377,4230,735,105,4717.73,1777.71
5266,1729,4,10999,666,8833,288,20,2358.1,4743.41
5267,1335,6,11909,412,9498,4787,402,3188.75,2385.71
5268,1347,1,11796,648,5109,1516,266,4894.24,1934.22
5269,1695,4,10926,667,7820,3097,344,1724.4,9634.15
5270,1109,1,11486,37,2246,329,204,748.64,556.18
5271,1673,5,11234,42,3581,1181,451,4206.02,8822.73
5272,1189,2,11202,379,128,2737,419,3291.02,9212.15
5273,1710,1,11391,456,4064,4290,122,3272.78,3372.65
5274,1004,2,10884,133,796,229,309,2302.65,6113.32
5275,1915,5,11709,721,6809,3677,126,3680.42,7317.32
5276,1845,7,10404,44,4946,4956,232,3202.96,1070.0
5277,1376,8,10815,425,3013,4267,46,4014.55,5478.18
5278,1461,6,10052,197,9185,3596,104,611.58,6502.79
5279,1958,8,11676,663,9988,4299,45,615.73,6466.82
5280,1976,8,10974,688,6318,3493,303,4350.44,1577.42
5281,1198,2,10339,410,373,2231,34,2314.51,987.61
5282,1302,8,11653,204,6961,1056,268,4152.59,9680.37
5283,1046,7,10420,410,6087,4609,272,4133.9,8224.71
5284,1994,6,10087,613,2718,2850,212,2359.85,6282.2
5285,1812,3,11569,183,3647,1321,247,812.56,5004.07
5286,1104,8,10944,295,2247,569,282,1148.82,1264.09
5287,1932,2,11529,457,8576,4331,409,2739.61,4195.91
5288,1421,3,11999,479,2223,3266,431,1925.54,1625.33
5289,1025,4,11430,591,4580,642,218,2065.77,5966.36
5290,1421,3,11252,157,9430,1240,393,2906.38,9977.11
5291,1367,3,11499,609,5238,1576,257,4602.8,2821.72
5292,1992,1,10306,142,4318,3489,158,3833.79,4167.32
5293,1118,2,11413,116,9313,703,148,4515.9,5656.21
5294,1292,3,10331,344,8450,4279,129,1301.06,8809.75
5295,1738,3,11968,615,6731,1155,102,4921.8,5360.21
5296,1809,4,10696,387,3286,59,291,388.99,5968.37
5297,1118,8,10903,600,3133,2454,293,739.71,440.35
5298,1577,1,10628,419,6088,1693,488,3514.98,3358.69
5299,1757,4,10404,188,1952,4654,202,3687.81,1758.9
5300,1156,6,11644,218,4206,2528,148,3609.9,9819.62
5301,1196,1,11967,226,7193,468,389,1768.95,2412.22
5302,1314,4,11017,602,5400,2542,223,2114.34,658.21
5303,1210,4,11371,582,2369,601,273,3586.6,3053.01
5304,1092,6,10584,24,2766,3396,348,2610.84,8670.17
5305,1553,6,10180,247,6466,4905,110,917.12,8510.76
5306,1125,3,10049,623,5953,1203,161,4477.38,9210.56
5307,1845,4,10554,130,6798,4301,406,3546.08,5514.17
5308,1514,8,10689,593,9793,396,485,2972.58,5954.02
5309,1022,8,10118,623,476,223,43,789.21,3821.4
5310,1406,2,11795,582,7752,2366,49,3512.57,8391.96
5311,1058,1,10039,352,2020,820,109,2032.35,8716.74
5312,1171,7,11624,336,7876,4142,498,4495.82,1326.49
5313,1390,2,11376,685,3827,4556,53,4564.16,3898.61
5314,1430,2,11196,586,7902,1757,486,3801.19,8280.89
5315,1235,1,11264,149,5772,683,313,2150.12,6568.95
5316,1435,8,11380,545,9942,100,458,4129.4,3043.25
5317,1884,4,11173,34,2643,631,112,485.83,653.71
5318,1594,2,10660,28,7350,3349,78,442.35,2280.75
5319,1475,1,10517,424,4908,4171,20,4115.81,7433.99
5320,1613,3,10764,544,9711,876,454,212.07,2180.25
5321,1073,6,10491,381,2144,3796,257,247.24,4281.55
5322,1180,4,10383,70,4665,1661,305,3877.33,7623.18
5323,1868,8,11045,730,181,4778,270,2520.1,5687.05
5324,1108,4,11665,14,6970,2391,207,3713.69,573.84
5325,1868,3,11749,334,4824,1992,365,3234.06,8783.8
5326,1779,3,11889,299,174,3660,165,2605.65,3247.41
5327,1413,4,10001,272,9022,3799,252,2143.9,5929.03
5328,1035,6,10542,614,9198,3072,310,4407.32,8342.98
5329,1428,5,10986,549,9726,1315,194,1221.08,3138.84
5330,1664,1,11490,147,257,2911,226,2225.55,6304.45
5331,1905,3,10796,55,8736,3733,267,3841.49,7528.1
5332,1405,3,10542,477,2702,3369,37,4590.65,7779.44
5333,1633,1,10786,137,4234,4795,149,1655.45,9206.04
5334,1445,8,10131,385,3728,3937,4,2012.46,7255.87
5335,1031,4,11067,52,9126,4320,26,350.0,5013.41
5336,1961,4,11517,134,7271,4086,68,973.51,9040.94
5337,1770,8,11520,485,4379,4773,206,2754.84,3066.53
5338,1725,6,11025,596,1610,4954,456,198.74,4078.5
5339,1351,7,11042,626,1700,1986,43,4518.92,2680.13
5340,1555,3,10212,289,8093,1217,221,982.13,1702.71
5341,1431,1,10507,34,5314,4896,404,4356.4,1303.28
5342,1143,2,11150,8,2792,1034,119,3539.53,2810.49
5343,1848,1,11242,626,9989,2708,276,741.19,9983.86
5344,1466,6,11573,571,2784,289,93,3184.26,599.51
5345,1602,6,11377,444,8082,3514,259,4640.68,6715.72
5346,1981,6,11434,458,2556,2663,354,4319.5,8359.38
5347,1420,3,10650,666,544,63,321,1543.12,5078.56
5348,1273,2,10840,384,1164,3047,467,1062.84,4046.54
5349,1894,3,11306,591,9317,53,262,1677.24,9506.2
5350,1487,4,11753,643,7361,4657,55,3192.21,9447.64
5351,1067,8,10715,95,6944,2628,251,1191.46,282.39
5352,1326,2,10864,446,9282,989,480,4997.27,5013.68
5353,1005,6,11824,451,7779,4350,349,165.8,4682.81
5354,1464,4,10536,658,6503,3866,133,3594.9,5257.75
5355,1200,3,10533,681,2688,4071,223,3443.55,2302.91
5356,1147,1,10638,306,3856,3845,195,3866.52,663.62
5357,1686,8,11112,541,2995,2604,70,2370.83,1236.15
5358,1433,7,11565,269,4912,754,355,1586.04,8018.42
5359,1386,5,11241,340,7584,4281,26,165.59,9192.73
5360,1655,3,11635,336,6234,3339,124,2488.24,5680.26
5361,1045,7,11340,218,2478,3354,226,3227.48,5804.1
5362,1283,1,10750,589,9888,3788,389,408.94,4469.11
5363,1243,4,10951,249,5109,4118,99,670.28,8873.0
5364,1056,6,10127,694,8913,1715,394,1022.01,1545.03
5365,1345,1,11823,564,1269,1925,193,2180.57,6325.17
5366,1176,7,11805,493,6374,1796,212,2715.96,5249.22
5367,1601,5,11649,172,5732,4870,88,4813.65,1865.69
5368,1852,4,11306,101,9158,3501,151,3368.27,3472.38
5369,1902,1,11228,393,2015,3038,246,765.29,1238.55
5370,1407,4,10276,631,1728,4168,321,4189.62,9773.25
5371,1054,7,10397,612,3323,3952,314,2064.68,1643.15
5372,1005,6,10346,654,6445,1847,407,2838.67,7436.71
5373,1409,2,11688,315,1152,4787,446,4066.0,8447.85
5374,1036,1,11725,306,875,4820,455,980.65,2750.22
5375,1500,8,10351,210,4251,3605,23,387.93,3058.13
5376,1930,4,11396,394,8662,4614,267,3999.92,2707.25
5377,1807,4,10007,75,899,64,251,4005.79,4706.54
5378,1268,5,11193,257,4027,3897,70,1027.03,1914.21
5379,1204,5,11426,295,7737,3231,211,2399.44,4072.52
5380,1629,5,11597,428,4663,1991,292,1454.52,5554.63
5381,1777,5,10282,547,8619,1223,279,2748.38,6969.15
5382,1680,8,11050,30,2181,3651,109,790.94,3260.02
5383,1222,5,10065,366,9400,3548,163,3446.98,5528.26
5384,1606,6,10519,364,6132,1128,342,3448.97,3547.72
5385,1981,3,11976,225,6482,1639,138,3780.13,6093.88
5386,1069,3,11255,195,2945,4234,151,726.13,3372.92
5387,1014,5,10785,84,6721,1174,243,3102.2,7604.72
5388,1749,8,10854,374,5308,1935,338,3292.01,1857.89
5389,1591,6,10491,68,1813,1879,497,2682.82,2801.25
5390,1943,3,11630,201,7116,2192,143,791.76,2140.92
5391,1371,3,10340,182,6852,238,229,705.06,8342.81
5392,1757,2,11333,82,7242,50,455,4841.01,5646.71
5393,1652,6,10774,409,5494,4459,398,2505.59,8089.81
5394,1052,5,11427,546,5754,2510,436,2685.38,6029.35
5395,1848,3,10431,507,8554,3867,63,4446.63,9477.47
5396,1731,8,11268,193,5453,657,438,4778.74,205.24
5397,1511,7,10679,610,2348,1965,71,4121.33,3682.65
5398,1133,1,10973,662,1697,2664,393,1348.88,7459.18
5399,1295,7,10251,326,5684,43,359,2307.04,9812.0
5400,1317,2,10253,597,7846,282,175,1461.08,1586.2
5401,1127,2,10348,536,6323,4324,308,3534.33,561.92
5402,1394,3,11447,616,9325,1975,61,3440.7,6984.7
5403,1237,4,10984,674,8110,4818,406,3664.28,5526.55
5404,1666,7,10460,504,9799,4314,445,4388.7,6436.24
5405,1526,6,10554,145,3129,4822,101,3944.35,9520.9
5406,1948,4,10080,714,6620,1635,313,850.34,2176.43
5407,1124,5,10670,697,5514,4058,0,183.13,4035.48
5408,1317,1,10597,346,4076,2240,269,416.19,1624.58
5409,1770,3,11004,35,9329,4120,164,867.89,5693.51
5410,1961,6,11979,385,3060,2644,253,2057.04,2146.18
5411,1108,5,11284,317,6088,1161,141,817.43,304.44
5412,1191,7,11917,297,9471,4564,432,1184.68,2288.06
5413,1310,8,11261,271,9810,4820,386,2789.84,8521.66
5414,1015,6,10900,719,9925,4457,95,257.28,5392.85
5415,1457,8,11689,413,8168,1497,35,4792.34,978.1
5416,1076,1,10840,421,5550,384,16,1427.22,747.57
5417,1528,2,10506,541,2965,3324,224,2144.01,8478.4
5418,1514,3,10267,531,9818,817,486,1041.65,8126.21
5419,1889,6,10336,501,6434,1325,273,4644.74,3017.31
5420,1713,7,10191,694,2292,983,88,3588.93,9997.42
5421,1712,8,10532,556,1532,441,363,4929.69,8952.38
5422,1417,4,10033,516,5415,4373,184,1095.46,8897.83
5423,1190,4,11552,721,4723,4511,9,4348.08,4508.17
5424,1375,3,10731,436,4583,200,66,1756.02,9924.06
5425,1153,5,11226,623,8352,3215,235,620.67,2141.2
5426,1868,1,10652,239,7740,2999,161,1290.0,2916.65
5427,1393,1,10587,83,7320,1485,363,2293.99,1257.54
5428,1787,3,10689,94,6692,2529,90,2509.4,3213.7
5429,1221,8,10710,252,865,961,450,2586.04,4464.38
5430,1954,4,11501,263,8848,1636,201,290.69,7949.71
5431,1184,5,10068,49,7628,237,431,2428.78,1214.04
5432,1728,1,10703,106,936,2122,160,2026.82,4091.23
5433,1419,8,11200,595,9325,3507,231,2570.73,4859.38
5434,1712,8,10298,562,6304,2138,30,4146.77,5088.91
5435,1306,4,10029,205,2871,1198,174,4417.46,8182.91
5436,1721,6,11400,518,4167,732,26,2447.6,6594.67
5437,1640,2,11296,436,264,2994,325,3608.32,9634.24
5438,1440,7,10756,606,194,2954,122,885.09,9422.02
5439,1689,6,10706,397,9466,2521,301,4333.82,9711.08
5440,1550,1,11308,664,5106,2522,242,2647.45,9366.64
5441,1526,1,11653,628,3556,3094,343,2621.89,5343.31
5442,1389,2,10328,515,5053,4814,6,3934.85,992.53
5443,1888,2,10606,697,3441,874,278,693.61,6920.06
5444,1508,2,10767,520,3216,2843,322,4752.85,8225.29
5445,1124,8,10744,186,2595,2489,215,2568.77,9141.74
5446,1986,5,10326,470,6656,827,208,759.14,6333.32
5447,1373,7,10092,83,8685,280,453,1645.24,4496.13
5448,1128,7,10239,111,7576,2074,277,3139.31,5361.38
5449,1217,2,11724,522,1745,1258,432,3796.58,2658.09
5450,1550,7,10521,434,9855,1419,97,3310.19,281.8
5451,1161,7,10044,273,7334,315,147,3244.74,3526.86
5452,1548,4,11214,657,8297,1815,268,3773.53,4755.47
5453,1814,7,11998,304,312,3385,374,2243.78,5741.56
5454,1323,6,10725,683,3011,2883,327,1197.33,2743.33
5455,1620,6,10794,384,9896,3381,276,1886.31,9831.76
5456,1528,8,10623,48,9296,2667,259,920.92,7869.36
5457,1921,8,10490,252,778,3848,90,4131.48,6708.39
5458,1435,5,10097,203,7695,1882,497,2290.32,1987.69
5459,1360,3,11363,386,119,1862,75,840.2,9021.71
5460,1929,3,10783,476,745,3857,76,1681.39,2726.99
5461,1342,5,10209,491,4603,3372,269,1215.46,5409.94
5462,1585,4,10736,500,7171,3103,101,3352.55,3630.71
5463,1426,5,10468,429,2741,3091,388,2315.32,1701.08
5464,1473,1,11774,96,1097,845,488,2135.43,7791.93
5465,1373,6,10566,23,7088,3161,40,2530.99,7932.56
5466,1077,7,10186,705,9410,2973,143,3534.2,8463.02
5467,1293,5,10261,288,5946,3004,367,2217.83,6578.46
5468,1795,6,10120,576,5052,3906,6,1357.9,4146.01
5469,1200,7,11164,514,724,3498,190,495.53,2974.17
5470,1715,6,10906,149,4442,4686,204,1157.28,4661.4
5471,1948,6,11376,97,3757,1503,359,2419.09,5001.88
5472,1017,2,10081,2,3676,3184,70,3987.53,512.23
5473,1662,7,10820,161,7671,431,153,4740.04,4841.39
5474,1741,2,11783,103,8927,905,231,891.0,9100.12
5475,1508,3,11500,308,2609,1207,143,1641.03,9905.13
5476,1275,4,11770,612,7170,1828,441,2752.9,2692.35
5477,1628,7,11955,410,7092,2997,180,1640.34,1874.44
5478,1936,6,10580,364,5633,1081,435,2659.67,3768.49
5479,1184,4,11732,133,8347,1431,218,4136.88,3915.29
5480,1634,3,10164,30,2247,1605,356,3460.79,2110.44
5481,1719,3,10193,223,1587,4505,265,928.78,5061.36
5482,1957,2,11945,444,3728,2226,74,4725.78,8115.36
5483,1853,8,10759,96,3683,3415,123,3129.74,7939.67
5484,1381,3,10709,453,4306,1209,257,2993.27,1720.28
5485,1893,5,10919,563,8098,4010,499,2144.17,2140.69
5486,1484,2,11566,405,4881,3742,48,2914.72,9057.98
5487,1669,3,11954,571,4370,1660,143,364.62,3790.93
5488,1999,3,10218,570,4450,3034,290,1016.33,5308.31
5489,1912,1,11212,289,9066,578,220,4760.61,5276.85
5490,1988,3,11311,431,2201,3435,345,2118.48,2613.99
5491,1366,6,10967,383,9251,4347,298,1121.88,2556.74
5492,1757,5,11206,21,7518,4423,346,2065.91,1660.57
5493,1061,5,11496,72,5496,3313,470,1883.88,6891.89
5494,1381,4,11445,238,4944,4814,416,4130.21,4517.99
5495,1474,3,10930,679,3691,1462,418,4228.72,6114.72
5496,1785,3,10354,31,9703,1432,152,614.54,1860.81
5497,1852,6,10397,486,8223,662,321,4981.54,6584.7
5498,1463,1,11077,180,7405,434,299,3151.89,925.36
5499,1947,7,11003,303,5259,3793,484,1755.69,5009.11
5500,1023,8,11799,563,4037,2262,393,4968.32,8051.12
5501,1122,8,11181,234,2581,4362,377,1921.8,6883.65
5502,1052,7,11161,500,5447,2772,52,2629.4,9773.18
5503,1325,1,11308,160,392,4190,330,2449.87,345.78
5504,1821,8,10908,354,1648,1655,374,1409.21,2669.45
5505,1421,7,10821,88,2577,4913,86,1007.2,6470.88
5506,1786,1,10764,145,6074,3351,422,1078.07,2617.86
5507,1252,3,10399,631,7334,2092,418,2027.41,8991.8
5508,1012,6,11921,44,3341,1304,389,942.11,1611.19
5509,1628,8,11063,1,2594,3479,390,3202.67,6163.14
5510,1389,7,10085,58,5361,1813,349,2318.82,7027.9
5511,1079,3,11759,401,3130,943,345,2960.92,8941.89
5512,1801,7,10174,703,9887,4342,251,2895.72,7302.53
5513,1376,3,10757,216,2504,2601,94,4308.89,5647.29
5514,1743,8,11807,604,6845,4120,115,2961.16,3530.51
5515,1253,2,10406,293,2450,2873,197,3491.87,6766.94
5516,1718,1,10926,648,4206,3116,484,1655.52,4696.6
5517,1407,5,10138,650,2725,2758,66,3010.2,3972.74
5518,1443,6,11263,678,409,3894,483,4146.68,5150.35
5519,1536,2,10477,388,3440,1603,448,4143.05,9065.24
5520,1673,2,10145,577,9575,1235,108,4151.2,3871.8
5521,1640,8,11733,698,3048,2895,101,536.77,5144.6
5522,1427,7,11628,414,1103,3262,248,3439.84,4679.62
5523,1949,4,10085,501,338,906,116,2024.2,4655.11
5524,1418,3,10292,349,4718,4297,422,3558.26,4724.41
5525,1118,6,11970,382,3859,4190,431,519.8,2494.55
5526,1080,6,10800,24,9731,1333,69,221.65,7611.3
5527,1917,8,11242,288,3929,1342,422,2463.64,3839.88
5528,1138,7,10181,14,7290,103,20,1852.51,5932.17
5529,1064,5,11025,94,7978,2158,69,605.17,1123.35
5530,1005,6,10870,34,5551,1701,264,3784.85,2845.23
5531,1525,1,10454,92,5752,258,79,4877.25,8921.8
5532,1564,1,10610,673,7332,4920,123,1067.33,7723.79
5533,1396,7,10103,522,2187,482,119,1884.2,729.61
5534,1255,6,10523,599,4959,1954,422,2320.8,7840.11
5535,1904,3,10769,609,2484,2121,427,4813.29,1906.13
5536,1326,5,11791,222,2534,227,393,4761.18,2179.68
5537,1091,1,10384,124,2733,2706,311,3735.39,7589.89
5538,1292,7,10188,122,5250,558,292,2970.15,4645.68
5539,1290,4,11881,351,7130,445,46,4045.96,9464.87
5540,1412,3,11811,166,6162,1293,101,2294.04,6118.16
5541,1068,4,10639,704,3930,614,226,1764.79,6760.22
5542,1775,2,11026,296,2222,1961,43,1318.49,6137.75
5543,1059,3,10076,514,3214,4460,297,3331.6,2108.34
5544,1991,7,11654,506,5874,173,225,637.07,3307.79
5545,1533,6,11088,173,4320,66,497,3193.43,2909.91
5546,1107,4,10631,133,1002,4383,279,3365.32,4405.22
5547,1442,8,11691,297,212,4460,227,3254.11,4427.45
5548,1925,3,11971,139,4397,106,220,2092.93,3792.02
5549,1165,7,10343,698,9537,4748,315,4811.41,5624.5
5550,1578,3,10650,587,4012,2068,378,429.66,4381.36
5551,1821,5,11385,314,9653,4627,229,3521.06,6156.63
5552,1092,8,10606,383,6909,2330,422,2249.14,3037.78
5553,1247,1,11848,362,7800,2861,38,2339.63,8321.47
5554,1356,3,10905,641,6428,2817,299,4489.64,4992.04
5555,1682,5,11903,319,2058,552,244,3245.74,3959.71
5556,1920,6,10358,276,5249,3174,60,3444.17,2491.57
5557,1398,6,10015,80,4848,4762,100,1694.4,6317.02
5558,1501,8,10316,358,4446,4716,350,538.91,7063.26
5559,1016,2,11371,730,8761,2576,252,3430.73,6049.75
5560,1221,1,10831,140,5570,253,126,2661.61,9040.27
5561,1550,6,10260,231,4075,367,247,1559.09,3489.75
5562,1418,3,11121,188,5151,4576,118,1836.34,7114.68
5563,1800,3,11894,435,5036,596,61,2265.26,6062.85
5564,1179,5,11196,500,869,3999,401,3767.0,9697.68
5565,1862,1,11730,268,1381,393,67,2137.66,4462.42
5566,1846,8,10232,20,5668,2332,127,1679.44,6273.94
5567,1945,4,11029,4,6451,567,154,4698.3,5666.86
5568,1834,3,10301,142,1445,3021,282,1551.77,3820.47
5569,1817,3,10063,102,5245,1762,303,3115.92,1594.49
5570,1371,4,11999,195,8066,1752,104,397.01,4657.98
5571,1294,7,10571,21,5355,2668,416,3404.87,7873.96
5572,1514,5,10452,227,5030,1205,237,2468.77,5430.54
5573,1635,1,11963,550,1103,4002,176,1237.04,3310.59
5574,1343,2,10414,90,8075,4713,454,3842.26,4217.04
5575,1396,1,10370,43,8888,3293,303,2626.32,7072.18
5576,1139,8,11544,443,7211,4605,308,4679.84,1985.57
5577,1166,7,10852,558,1213,1742,458,2864.17,201.36
5578,1935,7,11794,34,3745,2746,207,236.21,590.01
5579,1167,6,10606,676,3975,2434,197,378.14,6666.87
5580,1177,8,11626,114,218,3642,296,753.59,3944.37
5581,1085,8,11104,570,9474,4110,20,453.41,5149.03
5582,1674,4,11517,20,8410,443,152,952.79,218.01
5583,1728,6,11929,511,4028,4788,233,1338.34,1850.05
5584,1470,2,10045,595,4315,592,18,776.63,9339.84
5585,1597,8,10367,285,9137,1464,79,4160.82,1786.88
5586,1050,1,10400,221,266,1931,214,1275.45,8738.8
5587,1931,3,11447,80,5064,89,407,51.87,8832.57
5588,1059,1,11516,385,9860,1029,312,2553.48,9122.49
5589,1207,6,11143,492,531,4501,174,2779.21,4019.55
5590,1251,3,11082,254,5965,4770,325,130.7,4922.44
5591,1874,7,10974,570,1559,2090,43,1895.41,4806.46
5592,1949,8,10443,409,9388,1158,210,4124.17,8181.16
5593,1922,4,11805,695,7932,4823,422,771.85,4653.0
5594,1640,7,11553,603,878,2953,265,212.17,2045.67
5595,1394,3,11111,541,1998,1243,332,2349.19,7524.94
5596,1762,2,11981,294,4893,530,336,3841.83,8119.76
5597,1839,7,10204,385,3708,3489,167,3739.45,4177.19
5598,1173,2,11427,235,4454,1728,133,3521.17,6936.68
5599,1849,7,11879,157,6852,1197,159,1978.94,3926.36
5600,1076,6,11674,454,3878,4785,161,297.18,3445.69
5601,1035,3,10249,484,6294,336,380,4531.18,5468.22
5602,1878,7,11020,24,939,253,22,3710.17,9367.66
5603,1301,8,11140,491,6636,4223,195,251.75,7162.49
5604,1194,2,11658,713,6014,2570,285,4714.35,4674.66
5605,1933,8,11399,584,9412,4516,380,3236.61,4035.78
5606,1530,2,10762,466,9119,2843,290,241.89,5046.64
5607,1932,4,10379,563,2533,30,269,2637.18,4432.56
5608,1356,4,10888,136,9975,1144,66,394.57,3283.96
5609,1975,7,11721,670,7674,1641,231,67.77,7398.25
5610,1585,8,11358,407,9493,1602,91,4813.74,8884.43
5611,1422,5,11396,112,5743,3583,221,3772.29,2908.03
5612,1919,6,11427,113,1158,3528,121,1989.15,8654.73
5613,1275,4,11642,649,2380,1013,283,1243.73,4212.35
5614,1349,7,10962,177,2689,1572,137,3292.99,4872.48
5615,1020,7,11465,393,9186,4017,79,1414.2,964.17
5616,1179,6,11890,567,1197,1842,194,2014.44,9140.1
5617,1044,4,11774,180,3519,1809,170,2614.42,9780.52
5618,1937,3,10941,58,2190,4125,394,4427.63,6981.78
5619,1213,1,10549,631,5713,1243,277,1501.69,8642.88
5620,1084,8,10877,361,4879,1381,457,2134.82,5053.45
5621,1983,8,10668,630,4483,1742,69,795.15,9858.27
5622,1976,4,10119,612,4665,2262,110,564.98,7443.25
5623,1305,1,11104,417,5018,2353,465,1140.38,1057.24
5624,1038,1,11469,342,3595,1813,468,3846.12,9590.96
5625,1119,8,10509,38,8821,1399,176,670.11,4943.4
5626,1901,4,11048,622,615,1404,215,1514.23,7825.68
5627,1479,8,10506,709,669,2673,47,474.1,5658.48
5628,1196,3,11531,165,8381,1159,175,4657.82,3671.26
5629,1624,6,11167,107,7248,309,361,2266.65,7237.67
5630,1497,5,10482,333,6001,1112,445,1932.03,4545.64
5631,1136,1,10608,481,9083,1650,280,930.97,3991.48
5632,1138,8,10994,581,2212,4957,224,2582.83,2935.07
5633,1769,7,11621,252,6821,1592,424,932.51,2918.77
5634,1295,3,10254,478,4160,715,120,3184.19,366.94
5635,1879,5,11089,573,8829,4269,296,4435.17,6965.48
5636,1976,4,11172,567,7683,590,347,2284.24,9868.52
5637,1421,7,10377,503,3319,2955,190,178.63,7002.81
5638,1211,5,10378,564,8339,1864,32,1811.17,8961.75
5639,1288,5,11689,290,6730,1284,126,2384.1,445.18
5640,1479,4,11096,574,4487,412,489,1831.11,1137.98
5641,1211,4,10130,20,8106,3870,9,1677.8,8621.26
5642,1075,7,11875,336,9505,2085,484,2192.46,6017.28
5643,1020,1,10261,446,6774,4870,144,4167.67,1121.93
5644,1001,7,10729,223,6164,820,312,615.4,798.61
5645,1936,7,11384,300,7541,4579,3,2047.1,1913.74
5646,1701,4,10445,167,7290,3851,159,1121.58,4134.89
5647,1147,5,10061,297,6738,3381,32,1267.7,839.24
5648,1871,1,11133,596,6682,449,122,565.36,842.47
5649,1512,1,10520,584,8509,2288,184,2079.74,8829.87
5650,1579,5,10358,592,3274,2270,498,1407.11,9143.55
5651,1267,6,11683,387,1962,4487,164,4715.85,9730.03
5652,1636,8,10277,579,1541,1454,157,3728.83,5673.93
5653,1338,8,11664,515,6980,3265,49,319.2,6422.73
5654,1284,5,11192,381,5055,1446,156,370.41,1863.21
5655,1155,5,10271,522,9389,2008,221,2575.7,362.41
5656,1533,7,10360,620,3594,366,64,3478.15,8145.79
5657,1395,3,10279,300,8129,3627,110,3619.43,4269.64
5658,1320,7,11763,119,7617,4103,418,2356.62,7267.3
5659,1350,5,11784,96,9316,279,313,3856.25,7220.54
5660,1349,6,10257,22,8248,2701,434,4875.2,5226.35
5661,1821,3,10029,550,7511,4841,175,4736.49,5837.41
5662,1809,8,11946,146,9123,3890,31,218.91,4012.75
5663,1109,8,10501,324,9247,2324,60,2857.51,910.17
5664,1013,6,10539,664,7409,646,480,671.43,703.42
5665,1066,8,10923,643,431,3877,412,2344.01,6713.12
5666,1566,1,10702,280,7670,4731,315,1675.47,5289.8
5667,1895,5,11194,111,538,4334,496,4079.91,6272.72
5668,1805,4,11524,541,3480,930,424,890.51,2053.63
5669,1661,3,10969,89,3598,4029,306,4903.07,9026.56
5670,1851,3,10243,250,6620,3823,362,2589.39,7388.31
5671,1429,6,10891,338,2109,2713,452,1960.01,6210.37
5672,1505,7,11627,340,3076,2548,238,3700.61,9582.54
5673,1789,3,11634,269,9659,1698,81,1489.64,9454.37
5674,1687,5,11696,383,6756,2425,150,3720.1,8066.13
5675,1753,7,10606,609,6496,4315,327,2986.86,101.62
5676,1296,1,10546,218,8381,1541,100,1020.06,2398.53
5677,1185,6,11856,332,3142,2988,391,1112.5,3956.03
5678,1411,6,10179,598,1531,212,454,2490.17,3903.49
5679,1907,8,10810,297,5767,4727,151,4212.21,2392.78
5680,1729,1,10009,683,4491,2751,443,1469.08,3074.34
5681,1854,5,10005,506,3663,4203,199,1715.99,4605.07
5682,1058,6,11609,12,4339,1555,111,2243.56,6949.61
5683,1129,2,11623,85,6141,2541,231,573.79,9760.17
5684,1974,5,10524,303,3139,1000,328,1185.57,5470.1
5685,1408,3,11484,434,5754,4700,124,1109.81,4366.25
5686,1835,4,11643,601,2117,46,69,247.27,7541.88
5687,1911,7,10249,503,7071,1630,32,647.09,8238.78
5688,1507,2,11457,336,5129,4938,276,1117.36,9524.88
5689,1211,4,10128,237,2963,4524,95,2354.13,8662.51
5690,1089,5,10582,132,4150,637,65,2467.49,5110.85
5691,1760,2,10281,19,4589,2901,401,1007.87,428.79
5692,1430,7,11239,593,1880,3486,98,3267.96,6184.93
5693,1256,6,11388,425,1215,875,62,138.98,5115.39
5694,1516,3,11064,36,8633,633,453,885.02,4409.16
5695,1645,2,10340,713,9976,4250,311,919.52,1655.96
5696,1879,2,11915,708,1113,1476,164,1069.55,6752.82
5697,1454,6,10571,142,7106,1733,495,1894.1,5222.02
5698,1428,6,11537,426,9368,3210,99,4269.44,942.93
5699,1924,4,11001,543,2205,3962,299,3558.7,3684.32
5700,1556,1,11133,345,3006,77,121,4005.54,8375.21
5701,1565,2,10712,568,6621,4643,430,3405.6,6382.48
5702,1413,4,11916,602,8719,36,383,232.67,7111.87
5703,1191,8,11504,435,5706,4197,14,2016.84,4908.21
5704,1525,5,10104,21,1900,3656,117,2377.26,8282.5
5705,1387,1,11786,418,8324,3932,455,1315.11,8394.5
5706,1637,5,10509,545,2830,2434,141,2823.89,5149.03
5707,1007,2,11986,381,1252,1361,31,2427.17,2813.48
5708,1995,3,11693,300,7049,4794,398,4715.29,4181.57
5709,1661,1,11495,114,9605,3820,238,4448.63,1666.16
5710,1044,1,11543,385,855,814,53,128.73,3005.78
5711,1336,8,11252,571,5629,4268,277,762.33,5069.47
5712,1165,6,10510,589,5431,2792,293,393.12,4275.1
5713,1989,6,11060,674,9018,4115,141,1404.74,2009.49
5714,1098,1,10892,220,440,752,288,4834.39,3981.25
5715,1278,2,11636,386,2289,2449,347,1178.54,5324.32
5716,1494,3,11550,717,4406,1355,125,4126.65,929.94
5717,1054,2,10649,611,1318,3941,27,1919.5,2806.22
5718,1714,4,10304,503,3888,1938,154,2695.83,8653.18
5719,1229,8,10211,323,4926,4426,160,512.1,6671.77
5720,1880,3,11120,471,9374,3749,300,1828.4,1234.48
5721,1325,8,10383,468,8559,717,287,733.53,6500.13
5722,1375,2,11328,203,2144,4727,197,2180.96,7425.38
5723,1399,3,11621,381,9840,397,87,952.83,5241.19
5724,1321,7,10565,129,8611,4644,271,2855.03,8201.88
5725,1565,8,10842,155,2226,2631,297,416.42,6333.53
5726,1107,3,11534,513,7208,674,287,4478.85,7212.88
5727,1955,1,11521,499,2153,338,55,1199.99,6942.98
5728,1280,7,10323,495,1663,2556,408,1678.52,5274.16
5729,1087,6,10313,250,395,4293,236,2986.58,4879.48
5730,1937,2,11579,150,8604,3795,281,939.36,444.07
5731,1548,8,11135,8,1707,4999,251,1512.56,3585.84
5732,1110,2,10831,609,5255,2014,330,3955.24,113.26
5733,1358,2,10425,334,6892,3966,449,3904.23,2593.89
5734,1014,7,10440,449,738,3905,31,2137.31,8132.72
5735,1696,3,10437,462,7864,736,500,395.57,9353.69
5736,1615,1,10981,532,7870,3660,396,4731.29,9891.65
5737,1961,6,10063,309,242,3571,391,592.26,2207.43
5738,1986,7,10243,422,4389,3141,212,3117.56,4466.53
5739,1706,4,10153,85,3505,1694,330,2966.12,8005.63
5740,1523,7,11846,405,2972,97,99,2989.35,7463.97
5741,1557,1,10600,644,5209,4264,157,4664.58,1309.95
5742,1550,7,10054,173,4265,583,355,2574.01,1941.36
5743,1225,3,11341,432,7776,4168,414,2728.12,2342.12
5744,1731,3,10655,511,8798,3357,417,4473.65,1534.12
5745,1003,4,10686,366,6644,341,336,2827.4,1341.26
5746,1236,6,10200,226,3078,1001,393,652.23,4075.19
5747,1744,7,10611,139,7967,1306,327,1856.28,7728.87
5748,1962,2,10608,550,6636,4902,31,52.26,9908.93
5749,1892,5,10058,79,1509,3994,204,197.16,4259.67
5750,1820,1,11529,455,7568,4452,268,3082.56,7579.46
5751,1533,6,11122,444,6410,2346,47,2564.92,8351.94
5752,1695,1,11774,615,4764,2405,38,2596.12,4883.95
5753,1316,5,11874,264,1631,832,98,929.64,2116.06
5754,1345,2,11086,717,2145,4880,151,516.29,4004.84
5755,1163,4,11509,329,8348,3491,437,3850.39,6520.61
5756,1044,5,11702,682,3517,3875,245,4913.12,5558.47
5757,1624,1,11354,252,1272,548,60,4783.66,6328.01
5758,1680,5,10276,87,5072,1141,420,4850.45,9134.49
5759,1440,2,11086,281,3843,872,155,3641.22,6567.58
5760,1010,5,10315,490,3217,470,165,1421.19,3857.11
5761,1504,2,10685,544,555,2674,404,4434.75,4313.75
5762,1797,5,11671,571,3064,2720,463,4301.34,6360.39
5763,1274,7,11841,645,9546,1740,182,1047.27,6885.18
5764,1005,6,11122,334,350,2154,428,4935.12,5452.28
5765,1130,1,11971,522,3508,3096,328,1322.43,5442.75
5766,1648,7,10220,500,2139,3698,219,2401.48,5041.71
5767,1434,3,11007,337,825,4469,125,2439.25,1442.59
5768,1245,5,10097,455,355,4392,428,1312.38,4233.13
5769,1837,1,11342,430,4205,4668,147,1565.99,7622.54
5770,1243,2,10732,332,9433,1741,239,2517.9,1339.18
5771,1985,5,10244,36,3959,2124,60,4683.72,2394.06
5772,1168,2,11105,717,8755,4920,144,2122.71,3151.36
5773,1963,5,11886,39,8570,3924,360,4965.52,9990.94
5774,1746,7,11569,202,6100,2016,119,4217.97,3492.37
5775,1592,8,10162,374,2701,4920,78,2951.21,3966.66
5776,1276,7,11417,382,7466,2239,20,1879.39,6316.36
5777,1492,7,11207,58,5607,3441,446,4573.84,7714.27
5778,1371,3,11851,60,6093,2555,484,4090.38,9502.88
5779,1655,4,11960,213,9003,1074,154,635.57,7051.38
5780,1590,4,10769,197,2662,3192,202,786.18,4846.27
5781,1204,1,11724,90,1500,4306,115,615.4,7008.61
5782,1001,4,11237,462,4006,1210,0,4404.06,6782.83
5783,1791,2,11162,44,7400,4738,94,2985.11,8219.77
5784,1823,4,10551,27,5768,1771,400,687.12,854.51
5785,1192,7,11523,688,4825,803,327,3406.63,1583.76
5786,1464,1,11567,198,6070,3094,307,3942.1,4019.66
5787,1693,2,10753,576,5635,2847,462,431.91,9504.82
5788,1109,3,11484,354,8698,886,120,291.68,2452.54
5789,1786,7,11384,323,5854,3926,99,4114.05,7282.5
5790,1026,4,11122,331,891,3497,347,2109.54,5598.07
5791,1820,7,11485,200,4184,4774,42,3072.54,4039.24
5792,1430,6,11666,236,5253,4497,137,225.61,2052.25
5793,1556,3,10384,689,9411,685,491,352.97,3065.2
5794,1672,6,11759,546,2077,4658,287,2382.14,5774.56
5795,1290,3,11720,204,7823,43,422,3438.58,7009.58
5796,1975,7,10528,547,3434,234,181,3612.48,3655.35
5797,1357,1,10598,538,1279,141,461,1834.12,9410.42
5798,1106,3,11702,567,9278,3818,127,1359.23,9196.46
5799,1712,2,11131,624,1200,3140,417,1461.83,9944.72
5800,1273,3,11178,141,2653,468,277,3543.37,7226.63
5801,1019,2,10991,547,1586,3803,397,3263.23,7545.72
5802,2000,6,11664,691,1629,2829,231,2369.16,6814.85
5803,1212,3,10911,447,7543,3549,415,2559.76,9718.19
5804,1272,7,10605,133,5730,1636,233,2836.77,8453.05
5805,1086,5,10948,139,8582,1175,26,3713.63,3540.72
5806,1415,6,10757,583,5305,160,418,4828.91,2523.91
5807,1390,6,11300,666,1497,837,445,635.21,3701.47
5808,1924,5,10897,419,850,2149,311,3388.95,8294.39
5809,1925,8,11433,75,3395,900,411,3322.48,2013.2
5810,1933,2,11363,465,4525,2655,462,3486.02,6548.62
5811,1311,6,11693,218,9202,3831,46,2445.95,2473.36
5812,1811,4,10594,265,2652,2831,160,584.44,4816.3
5813,1025,5,10144,37,4578,3665,6,3658.85,888.66
5814,2000,8,11278,312,6809,3234,152,4213.66,6713.49
5815,1689,6,11009,151,6631,142,491,1087.98,2718.93
5816,1363,5,11053,251,5681,3272,164,3857.39,5372.63
5817,1089,7,10744,364,6839,184,165,4994.48,7448.06
5818,1544,2,11517,373,5357,4034,428,3813.0,4851.58
5819,1076,5,10787,31,955,2951,59,1710.86,6153.01
5820,1969,2,11520,627,3317,3575,182,2509.78,6007.63
5821,1367,1,11716,484,6891,2367,182,3420.13,4710.18
5822,1151,7,10061,679,2859,4995,289,3594.4,3865.21
5823,1177,8,10202,721,3132,2079,421,1571.44,1927.06
5824,1520,5,10169,453,5256,2439,80,4021.71,8273.55
5825,1983,1,11271,251,2908,2398,31,2281.71,5641.35
5826,1576,1,10720,359,2166,2303,395,136.75,8426.05
5827,1149,6,11743,500,9090,4320,51,276.79,905.39
5828,1277,1,11265,261,9756,2495,42,2573.29,8339.17
5829,1587,5,10640,589,2181,2298,284,1947.82,103.48
5830,1503,2,10921,197,8600,2729,97,560.55,4792.57
5831,1939,2,11690,611,3565,3939,320,1744.09,4048.39
5832,1051,6,11556,299,6680,4216,432,2122.73,5592.76
5833,1153,8,11823,93,8381,946,58,1356.55,145.04
5834,1356,2,11763,336,9207,816,209,4127.11,8042.86
5835,1486,4,10800,664,9000,1114,463,1492.93,599.07
5836,1774,7,11223,496,4857,2246,429,1098.04,6289.63
5837,1015,2,11118,456,4725,1953,373,2977.01,7275.19
5838,1175,2,11543,434,4109,2313,263,4278.1,840.22
5839,1751,5,11676,5,8767,3588,134,396.55,4405.24
5840,1638,6,11263,170,1357,2279,169,4324.88,3490.96
5841,1212,3,11011,129,3683,3215,259,948.75,8663.11
5842,1158,8,11784,111,8987,1810,99,2239.93,6308.73
5843,1460,4,11338,286,5001,3964,195,1993.01,4527.11
5844,1380,1,10083,101,1697,4016,161,913.51,9497.9
5845,1616,7,11213,423,4568,4394,279,960.36,913.97
5846,1239,8,10107,706,5802,2671,280,3269.28,7812.36
5847,1618,4,11006,329,1086,3803,28,827.18,937.72
5848,1908,1,11406,264,7412,4101,232,1051.62,2334.33
5849,1160,2,10480,457,7635,2502,458,3865.86,7308.35
5850,1730,3,11799,86,9593,4590,24,2418.63,7763.78
5851,1528,4,11197,112,6438,4554,114,3361.36,627.83
5852,1910,5,10688,691,2566,2121,479,472.37,6871.89
5853,1868,7,11773,485,2436,3386,260,4542.1,4871.29
5854,1878,3,11862,585,6310,4706,442,518.64,2275.1
5855,1134,7,10363,629,5153,4932,343,551.19,8803.24
5856,1656,6,10564,265,1177,4241,82,874.03,4192.31
5857,1681,4,11625,138,3586,4431,294,4736.76,8171.73
5858,1013,4,10542,505,822,659,498,3272.62,4816.98
5859,1758,2,10035,221,8095,2713,455,2698.91,3074.39
5860,1143,2,11836,467,8020,4762,2,3211.41,2025.7
5861,1817,1,11672,399,8373,4960,205,1771.13,1350.79
5862,1573,2,10874,105,6013,2793,371,3073.22,9329.63
5863,1231,6,11373,607,1920,4087,86,2563.56,9188.46
5864,1464,7,11276,148,8204,957,5,2889.8,4969.64
5865,1345,7,10089,345,9150,4788,16,4163.79,7910.56
5866,1256,6,10761,510,8118,2595,80,3805.84,3420.12
5867,1324,3,10130,512,3105,2321,298,274.8,7000.92
5868,1720,4,11296,356,9955,828,43,2468.3,8741.79
5869,1148,1,11604,445,476,1840,74,3166.81,3066.34
5870,1647,7,10658,362,6225,1882,290,4732.63,2207.09
5871,1853,3,10271,115,4633,4523,245,536.83,121.84
5872,1157,1,11339,193,1333,3788,60,597.13,7266.84
5873,1242,7,10748,407,954,1211,22,1721.65,292.41
5874,1351,2,11395,511,1802,1800,419,2230.8,4762.26
5875,1454,4,10434,343,3877,1023,434,4663.05,7045.85
5876,1051,7,10047,349,8173,3213,465,4540.97,3455.13
5877,1581,3,10438,38,2109,2157,70,4374.6,8802.64
5878,1985,1,11418,43,6701,4830,184,4502.03,3710.56
5879,1497,4,10441,587,2318,4934,111,289.9,7093.44
5880,1130,6,11636,204,8270,3003,20,3172.45,4484.12
5881,1855,7,10671,400,7120,2156,409,4099.4,9178.06
5882,1085,2,11087,98,435,2325,134,1173.37,4641.81
5883,1529,2,11451,371,224,201,223,529.22,7253.78
5884,1508,3,10925,318,7579,3867,96,3609.21,8183.15
5885,1239,5,10899,211,7228,4586,224,1183.59,8474.49
5886,1262,3,11799,563,6103,745,165,1110.18,2174.43
5887,1573,1,11792,569,7468,882,250,1533.01,1984.57
5888,1561,8,11015,5,1555,454,419,352.07,1507.73
5889,1367,7,10168,57,8977,3795,486,1561.51,8259.4
5890,1642,4,10728,158,6794,1817,387,3675.03,3219.14
5891,1413,7,11276,437,4272,1870,242,4769.77,8974.54
5892,1394,3,11713,548,6725,3042,81,269.64,9599.98
5893,1992,1,11906,194,551,2722,416,566.65,3716.26
5894,1958,5,10687,246,3609,508,460,1840.01,8072.56
5895,1072,8,11437,428,5884,303,68,1438.97,1952.51
5896,1030,7,11530,434,2885,1472,404,1724.85,4608.93
5897,1310,8,11715,228,3848,2949,428,1104.63,7962.8
5898,1400,1,10656,661,9854,4030,191,726.66,2490.53
5899,1732,3,10526,616,4458,2324,48,3207.42,5227.6
5900,1797,5,10524,481,3569,368,106,442.0,6401.0
5901,1699,3,10416,194,5535,464,282,4889.91,7994.65
5902,1864,6,10529,198,2011,1404,442,1361.13,4287.18
5903,1975,4,10513,180,8968,1965,423,4475.95,7555.32
5904,1932,1,10559,404,9861,3163,118,4631.71,2978.35
5905,1609,2,11634,644,8458,3656,459,2542.14,3560.8
5906,1806,3,11871,285,5827,4320,411,354.39,5036.39
5907,1170,8,10715,260,6961,3242,463,1795.0,1943.03
5908,1910,1,11043,267,9568,186,301,697.47,4635.34
5909,1261,1,10320,630,2356,1669,241,1850.38,1860.96
5910,1043,1,10027,556,8891,501,257,3495.14,2398.68
5911,1261,6,11705,126,9010,340,266,2172.35,7783.84
5912,1282,2,11621,222,9254,3892,35,1778.32,3800.59
5913,1894,4,10302,396,9910,4554,10,3698.45,7444.6
5914,1479,3,10826,84,8926,3743,61,3619.06,8403.21
5915,1848,7,11220,368,9086,2349,439,2370.78,6428.14
5916,1518,1,10807,476,2668,1168,382,2184.25,3424.14
5917,1938,8,10280,339,789,3432,154,2413.85,1789.64
5918,1184,6,10909,529,3312,3912,338,4729.28,8469.6
5919,1718,1,11291,458,4361,4013,138,4037.22,9677.78
5920,1926,1,10696,467,3385,2378,167,2545.23,204.98
5921,1775,5,10522,322,8442,4452,270,86.5,7012.45
5922,1383,6,10950,314,7603,2808,430,4772.76,4776.32
5923,1257,6,10440,422,8528,2559,339,174.1,1780.99
5924,1564,1,11190,468,4938,2915,84,4953.91,8621.55
5925,1833,5,10863,607,6904,2637,101,1951.03,9282.36
5926,1135,7,11838,421,2040,3833,16,1597.52,1340.28
5927,1451,7,11556,490,6724,1282,344,4210.68,4685.94
5928,1084,7,11045,133,9743,3176,439,3241.39,5057.86
5929,1463,8,11932,105,2608,556,322,645.66,3827.88
5930,1589,6,10493,510,3360,4721,39,1369.87,2892.7
5931,1080,1,11500,480,4239,555,429,3613.94,9295.3
5932,1462,1,11919,576,5742,4495,203,2930.4,2179.93
5933,1163,4,11650,139,9402,2508,447,1783.75,5114.85
5934,1815,8,10787,79,6423,4335,134,258.88,744.16
5935,1916,1,10617,224,5564,4290,49,2940.16,5232.3
5936,1799,4,11345,247,7253,752,457,4317.86,5088.57
5937,1554,2,10938,31,1606,803,305,3335.86,5059.66
5938,1180,8,10771,101,7110,4467,73,3333.86,7103.41
5939,1518,5,10242,354,1724,1854,271,1994.78,5177.24
5940,1866,1,11742,659,2782,3411,67,2397.43,9574.69
5941,1958,4,11369,658,3566,1424,64,886.04,9955.01
5942,1868,6,10696,407,2300,435,248,770.4,8957.88
5943,1302,5,10826,243,436,138,48,2216.98,3959.81
5944,1698,5,11206,492,8631,4152,419,3041.07,1659.01
5945,1363,7,10843,472,9048,4058,269,322.94,4916.06
5946,1413,4,11288,549,3241,1112,380,4539.48,2042.11
5947,1546,2,10881,192,1389,3902,201,3424.8,7510.44
5948,1946,3,10347,505,7062,2102,437,3591.76,1066.6
5949,1476,7,11335,230,9921,3978,340,4955.43,1758.16
5950,1462,5,11968,26,5236,978,436,2808.83,2186.48
5951,1343,8,10601,309,136,4548,471,4278.6,6224.27
5952,1698,7,10251,333,4118,456,470,3852.79,9496.63
5953,1171,5,11534,91,7105,1362,480,4673.91,4053.74
5954,1949,6,11045,453,4275,4650,430,4346.23,633.95
5955,1634,4,10395,309,2194,2643,137,4086.76,3791.33
5956,1929,2,10077,502,3098,4792,264,506.61,8629.43
5957,1589,6,11883,619,7487,3704,315,3608.74,7286.71
5958,1522,8,11334,538,4422,2084,375,4458.33,255.01
5959,1451,1,10434,674,4886,177,54,4592.69,9926.07
5960,1145,6,11325,136,5861,4433,275,3412.77,8609.29
5961,1964,4,11306,43,8295,1729,268,873.65,1295.38
5962,1464,6,11668,673,5059,1237,29,2977.2,2163.44
5963,1015,3,11359,454,6905,4920,127,2436.95,8375.45
5964,1520,3,11898,242,7703,3669,416,1553.88,1356.33
5965,1938,3,11380,237,3067,24,82,1808.83,9668.84
5966,1958,2,10484,354,732,668,199,1682.49,868.88
5967,1510,7,11332,383,7164,1122,311,3433.36,6446.31
5968,1455,8,10981,430,7683,1710,334,1355.89,4783.72
5969,1946,6,10810,551,7078,3844,392,3088.13,1660.39
5970,1108,1,10204,236,1407,2999,440,3396.26,4558.49
5971,1261,4,10099,229,4045,2955,300,2069.35,7565.47
5972,1044,2,10071,212,2383,2274,206,3196.37,1892.18
5973,1525,1,10256,422,8562,4266,128,4245.75,8305.93
5974,1876,7,10979,141,5193,552,473,1343.16,2702.64
5975,1061,7,10034,241,918,1424,357,1577.09,7283.05
5976,1700,3,11691,285,1800,4859,186,1751.85,2679.15
5977,1150,7,10654,15,7356,2862,79,3807.7,9035.56
5978,1122,1,11535,135,8237,3087,127,3727.52,7903.6
5979,1999,7,10952,351,4342,4307,342,3126.78,5010.32
5980,1873,6,10371,577,9474,2891,263,1073.88,232.73
5981,1599,1,10223,570,1329,1019,213,4212.39,7113.73
5982,1100,3,11148,334,6367,1583,354,4895.63,1018.05
5983,1500,4,10016,65,1542,1182,434,2703.19,1705.91
5984,1220,5,10344,46,4628,2171,465,855.16,7963.84
5985,1219,3,10566,245,3957,840,57,793.86,3122.02
5986,1585,6,10774,44,7892,4170,467,1424.47,6687.72
5987,1037,6,10670,451,7203,3246,66,3237.43,4589.14
5988,1345,1,10415,468,6766,4925,145,74.08,9125.62
5989,1848,2,11429,55,4107,199,91,4992.49,2064.38
5990,1634,1,10639,496,5929,1135,249,2802.21,7770.02
5991,1509,8,10564,89,2177,4098,294,452.36,1874.24
5992,1425,6,11899,418,236,3196,257,574.69,2700.46
5993,1871,8,11556,722,8666,4829,271,2271.69,2273.42
5994,1440,8,10352,299,1083,4186,169,1232.82,2112.59
5995,1554,8,10373,400,4018,4003,358,4908.07,8763.2
5996,1459,2,11311,268,9546,426,429,4179.56,697.65
5997,1365,1,11304,448,9063,2313,368,2354.3,831.78
5998,1012,4,10555,88,1570,1888,307,1868.63,9431.64
5999,1455,7,10617,112,8411,3124,270,3173.96,5739.94
6000,1089,8,10149,722,5367,3253,420,3832.64,688.53
6001,1105,4,10928,395,7401,1959,329,436.55,8664.96
6002,1362,6,10475,177,9651,4686,405,769.6,8797.5
6003,1329,2,11203,318,1220,3978,396,2938.6,8632.47
6004,1358,4,11698,601,3564,325,293,3180.81,9918.15
6005,1945,8,11684,247,2650,2142,161,3708.78,7486.0
6006,1666,1,11288,141,234,2145,125,388.5,3476.54
6007,1595,7,10681,378,9381,4171,203,132.53,5033.23
6008,1522,6,10185,282,7972,1418,208,4917.14,9254.66
6009,1293,7,11355,139,5849,578,277,1383.35,354.96
6010,1113,7,11515,696,5524,4230,428,3246.36,9674.47
6011,1119,8,10961,535,4449,842,214,369.98,4484.01
6012,1576,8,11720,653,3249,12,153,3051.23,3375.04
6013,1824,8,11908,491,4425,2584,329,3032.53,9444.79
6014,1051,4,10799,158,4334,4118,495,3035.56,9875.51
6015,1724,1,10577,522,7745,2344,44,4441.46,2122.43
6016,1003,7,11561,140,2170,3799,336,628.52,7358.72
6017,1784,5,10750,74,6290,3960,479,3299.5,4691.33
6018,1168,6,10466,203,3933,1223,319,3535.25,7300.55
6019,1282,3,10515,608,4880,3936,312,3234.47,1295.44
6020,1717,1,10286,427,1448,4963,114,3108.49,3740.76
6021,1509,8,11961,156,8542,2998,225,3472.92,5931.92
6022,1859,8,11088,21,9679,1189,212,4211.2,579.26
6023,1118,8,10150,268,4989,2442,254,2505.34,7631.93
6024,1065,1,10581,195,512,2021,468,1163.57,499.6
6025,1696,1,10281,684,1993,4164,477,1778.1,5578.14
6026,1029,7,10340,353,3715,4137,324,3706.89,3515.38
6027,1698,6,11661,58,7803,3632,273,2643.37,7534.81
6028,1300,1,10980,723,8813,1429,45,4710.05,2840.76
6029,1430,6,11585,629,8446,2711,181,4800.14,1191.83
6030,1468,7,11869,474,1814,4724,249,2686.19,4463.74
6031,1055,5,10336,249,7023,3894,35,3432.24,5435.6
6032,1231,3,10070,290,4725,3339,290,2674.21,9682.53
6033,1641,2,10650,526,9019,4061,130,3648.9,7354.1
6034,1274,6,11233,693,9032,1073,255,2368.29,4963.39
6035,1454,7,10831,369,7082,3898,416,1602.32,7591.02
6036,1084,7,11215,491,3486,1286,442,4023.4,1207.89
6037,1059,6,11394,547,5533,4441,96,3368.76,7080.41
6038,1268,4,11580,244,7927,1547,320,3456.59,957.71
6039,1752,1,10286,122,7842,2829,464,1965.6,7495.72
6040,1255,4,11143,434,8265,1084,384,4361.38,5387.9
6041,1320,1,10767,134,3173,4738,288,1945.4,4866.53
6042,1580,3,11571,126,218,2776,368,2565.83,492.48
6043,1911,1,10201,1,6509,1961,182,3748.55,2504.39
6044,1587,7,10914,3,645,4427,374,3376.04,2131.06
6045,1674,3,10997,479,819,4789,316,4904.54,598.28
6046,1953,4,11767,303,3624,4490,127,2387.12,8673.64
6047,1781,1,11617,625,7398,4908,267,4339.56,1794.52
6048,1765,6,11446,272,2363,1903,498,521.76,4040.22
6049,1561,8,10653,325,352,4392,93,1911.52,5078.01
6050,1011,7,11643,512,9622,3118,281,1950.27,1731.77
6051,1217,2,11530,367,5675,3879,145,890.05,1758.98
6052,1362,8,10024,726,5554,1421,363,1152.07,1269.35
6053,1852,4,11921,114,4146,1141,424,4379.16,5321.02
6054,1211,8,11623,621,9769,1119,253,2944.75,3391.84
6055,1079,3,10311,258,3538,3936,225,3989.4,1816.38
6056,1044,1,10841,218,2441,3493,104,1564.65,6395.65
6057,1248,3,10220,605,6374,1640,290,1508.58,6951.66
6058,1255,8,11322,293,1327,2968,329,3251.15,8648.9
6059,1407,1,10933,684,7104,1620,301,4892.0,6224.12
6060,1238,4,11851,202,3195,1881,210,1701.98,6031.9
6061,1721,7,10872,238,8751,4516,161,3223.88,1406.21
6062,1063,2,10102,387,6390,1859,66,2137.45,4509.66
6063,1988,3,10059,381,5829,3020,386,480.02,4282.71
6064,1348,5,10018,100,1307,4420,71,3619.48,953.93
6065,1552,1,10890,569,9710,2674,362,4397.84,2516.05
6066,1135,3,10460,691,6114,2682,263,4454.99,2148.93
6067,1629,3,10696,697,1619,2912,229,3633.14,1771.44
6068,1434,3,11596,705,5899,3917,89,2617.42,8649.29
6069,1720,1,10572,469,3045,2316,292,4497.18,1980.03
6070,1280,6,11253,133,9564,2147,238,964.47,2413.67
6071,1872,2,10370,403,7311,4348,339,1812.64,2848.05
6072,1038,8,11147,644,3943,824,85,1979.95,2912.22
6073,1297,5,11804,648,2417,2349,326,3158.35,4479.77
6074,1677,6,11769,310,3478,3705,131,3992.37,4428.95
6075,1737,7,10313,591,4693,1505,125,2919.74,2409.19
6076,1198,7,11369,220,5866,659,123,2349.6,9399.34
6077,1839,7,11081,58,3299,3617,329,1169.49,8631.34
6078,1579,1,11515,181,3561,2183,44,3902.3,7500.57
6079,1991,5,11061,489,1916,2833,445,3130.88,3705.78
6080,1282,5,10923,339,3891,1330,131,120.91,5272.75
6081,1964,8,10068,187,7664,3418,237,1143.22,8862.77
6082,1042,1,11310,611,1254,3216,352,3172.99,4944.1
6083,1779,6,11286,565,805,44,201,1036.16,8256.92
6084,1124,2,10371,719,1332,2969,454,689.4,4992.25
6085,1767,2,11295,212,2510,3856,408,3524.63,1852.97
6086,1067,8,10011,658,8719,2062,220,207.21,6945.87
6087,1695,1,11063,9,9425,1703,23,4463.8,3828.8
6088,1277,2,10692,291,5902,4282,122,1174.04,7860.92
6089,1025,7,11157,283,7773,4225,388,2229.62,1325.11
6090,1125,5,10823,425,5858,1546,178,3425.51,3115.99
6091,1331,7,10591,593,2180,3527,376,454.97,1751.33
6092,1668,8,11591,576,7469,818,350,4147.39,5064.96
6093,1266,8,11019,21,6540,4437,409,3403.8,8265.77
6094,1816,2,11295,701,2941,4860,224,748.82,7623.04
6095,1654,3,11110,553,5983,2404,423,2459.23,7063.06
6096,1403,2,11230,221,3978,349,68,1687.09,8969.33
6097,1962,4,10044,227,4756,3593,460,4124.95,7725.33
6098,1216,8,11337,93,8724,3142,185,4694.51,4970.55
6099,1077,4,11476,454,8020,1554,72,2260.97,7359.53
6100,1737,6,11971,101,2046,814,303,4775.06,4357.97
6101,1998,8,11722,281,5896,1900,434,4675.98,5910.15
6102,1560,7,10211,43,585,1036,98,2653.78,500.75
6103,1431,6,11249,449,4065,1947,211,2788.19,9496.97
6104,1575,6,10942,468,4779,1321,302,1533.78,7052.12
6105,1467,7,10404,417,9958,1762,326,525.84,2108.33
6106,1934,2,11786,182,4274,2603,153,2714.47,8929.6
6107,1949,1,10882,688,7727,3999,196,4189.82,7574.5
6108,1849,5,10656,168,4080,1816,463,416.51,3547.26
6109,1948,4,10639,72,2176,3206,430,403.96,4528.25
6110,1552,8,10230,319,9734,3048,429,3191.19,5330.45
6111,1210,2,11948,412,3067,16,128,227.38,7099.72
6112,1577,8,10231,56,2665,923,80,3613.86,1252.44
6113,1867,7,10525,103,3317,2730,57,509.91,2476.37
6114,1660,6,10759,294,9352,714,0,3383.63,8318.27
6115,1312,2,11059,256,5113,4885,347,904.34,4950.54
6116,1951,2,10451,378,3259,1357,466,1493.7,5741.43
6117,1548,2,10504,585,5695,553,407,4713.55,5126.5
6118,1988,4,11360,720,3163,2703,331,3165.41,7566.42
6119,1623,6,11641,236,4571,841,149,2302.74,1707.26
6120,1215,4,11524,554,8676,2193,461,901.22,7087.41
6121,1254,4,10035,427,7422,1260,74,1220.31,7858.61
6122,1708,3,10614,267,8866,3954,430,1566.59,9717.52
6123,1409,4,11960,299,1566,554,125,2179.16,4993.5
6124,1741,4,11035,616,8802,1717,353,260.62,7409.81
6125,1290,4,10400,503,2428,3114,312,3123.15,7859.4
6126,1294,2,11719,163,9894,1791,412,1980.41,5393.63
6127,1132,5,11751,454,5692,4275,108,178.29,6058.05
6128,1759,1,11435,511,8605,986,215,705.19,2438.27
6129,1613,1,10201,258,1846,1095,265,643.12,5943.44
6130,1631,5,11335,249,113,2524,9,808.4,8594.88
6131,1067,1,10139,593,9978,444,228,1498.59,6993.27
6132,1732,3,11926,484,7470,1568,349,501.28,4184.41
6133,1308,1,11344,570,5816,2759,15,2014.65,1142.1
6134,1219,2,10600,212,6162,1595,114,2866.84,4684.9
6135,1604,2,10236,652,1243,379,79,1627.85,3275.68
6136,1429,1,11962,716,6237,1495,304,2077.41,4866.73
6137,1088,6,10950,176,6871,3304,144,885.69,8854.94
6138,1248,2,11274,13,7955,391,223,1835.25,9259.02
6139,1812,4,11138,30,2274,998,355,194.89,1184.18
6140,1074,2,10524,259,1633,3743,230,3475.69,3373.41
6141,1072,7,10967,399,7757,4883,358,4034.88,2923.9
6142,1924,5,10478,116,6539,2628,82,2556.18,9656.03
6143,1966,4,10370,670,1517,1050,150,4902.05,5312.62
6144,1688,4,11341,58,7042,660,459,316.75,8070.48
6145,1982,7,10705,225,7431,78,30,202.4,1134.23
6146,1725,2,11233,598,7246,3622,380,4285.69,5759.36
6147,1883,7,11136,318,2172,4659,0,3867.95,2482.75
6148,1073,1,11165,632,7318,4417,365,3181.11,7144.18
6149,1983,2,10103,305,6384,4333,207,1568.13,1354.82
6150,1565,3,11348,133,4931,2288,398,796.01,8452.89
6151,1134,3,11612,9,6100,3571,157,3822.97,1556.27
6152,1226,5,10689,644,2661,1637,306,2940.13,7935.64
6153,1677,6,11208,507,5583,1489,90,2461.59,8482.2
6154,1092,2,11913,441,7172,3386,77,1432.1,8002.87
6155,1839,3,10466,297,4714,3502,440,4664.31,6212.49
6156,1901,8,10021,79,6990,2986,433,513.46,6064.36
6157,1525,8,10772,134,3831,1652,170,4610.96,8242.29
6158,1583,6,11144,397,3592,1868,286,4884.5,8713.3
6159,1423,3,11106,216,9481,1018,498,3355.85,8272.1
6160,1808,3,11294,291,6518,1541,48,4084.88,7094.96
6161,1401,1,10098,546,9576,1824,135,116.78,9358.52
6162,1121,4,11713,443,444,3355,99,4246.81,6954.62
6163,1968,5,11011,263,1632,2500,225,203.82,4107.06
6164,1421,3,10573,263,720,317,15,4402.76,1629.7
6165,1867,7,11801,261,413,504,211,4598.69,1334.77
6166,1247,7,10032,558,4601,3696,168,2500.3,3621.11
6167,1062,7,10391,399,5041,3150,214,2099.78,3249.27
6168,1590,2,11794,38,5132,3670,363,4392.56,7182.57
6169,1064,6,11400,15,4286,418,260,2893.67,2003.62
6170,1612,2,11854,418,4361,3621,346,842.41,7808.43
6171,1738,5,11245,559,309,555,292,1025.26,5746.65
6172,1848,3,10048,698,1182,4159,78,467.06,9385.8
6173,1043,7,11597,41,6748,4801,182,1125.01,989.8
6174,1280,3,10568,513,1051,649,363,4970.17,548.92
6175,1397,2,10767,352,4997,4106,443,4564.98,1229.18
6176,1430,6,11562,500,3191,3489,312,4952.47,8801.11
6177,1088,1,11950,407,4340,396,489,4905.03,1665.13
6178,1378,1,10712,288,4696,1328,40,703.88,5466.26
6179,1035,4,10024,255,2886,130,429,969.12,1138.45
6180,1687,6,11855,493,9694,1787,489,1429.26,8212.73
6181,1183,7,11915,422,5843,2389,182,448.87,334.4
6182,1422,3,10876,637,4950,2789,119,1920.43,7470.91
6183,1835,2,11557,720,2892,3565,52,3639.59,2865.85
6184,1626,6,11570,386,7586,1284,148,2591.9,140.33
6185,1432,8,11006,36,1977,4049,348,1785.88,779.75
6186,1418,8,10704,622,2593,1669,320,566.1,5629.34
6187,1355,8,11086,600,706,1738,175,1739.29,9738.89
6188,1446,4,11885,46,2965,4701,175,3716.86,2151.5
6189,1331,3,10741,138,5102,80,234,2593.82,2075.67
6190,1511,1,10146,476,3030,4222,178,4283.24,6186.75
6191,1831,8,11272,385,9731,209,39,4719.45,2976.15
6192,1913,2,11445,157,382,2394,457,799.69,9841.17
6193,1436,5,11988,305,2672,2734,470,213.94,5914.05
6194,1635,6,11417,688,4287,825,1,3476.85,3006.73
6195,1503,1,11925,453,7436,3277,144,3471.98,1608.41
6196,1407,1,11047,511,8931,661,158,1743.25,8530.3
6197,1028,8,10259,389,1944,1191,97,3174.05,7965.68
6198,1666,3,11756,721,6973,2459,239,242.08,9125.41
6199,1576,4,11251,441,7750,2719,107,4147.47,9631.68
6200,1451,4,11198,611,3974,1082,500,1010.09,6782.52
6201,1373,8,10681,544,4082,4014,248,914.53,8851.2
6202,1222,5,10468,380,1008,278,247,1753.5,822.93
6203,1229,7,10656,566,9325,2318,389,1428.58,8704.37
6204,1382,2,11540,618,1396,2597,369,2711.23,2906.6
6205,1205,6,11146,581,577,2806,415,1332.85,6928.81
6206,1399,3,11433,379,4788,2735,415,3151.39,1734.55
6207,1583,8,10040,249,2001,2567,289,104.11,1399.94
6208,1262,3,11697,15,3094,78,314,1171.2,3608.27
6209,1354,3,10625,97,7697,774,283,2136.73,5985.03
6210,1369,5,10436,489,1376,1184,236,201.05,9677.46
6211,1302,4,10624,162,8273,4774,287,2737.85,5569.46
6212,1448,5,10268,481,8225,918,448,1553.56,9825.18
6213,1870,7,11566,219,3006,521,413,1763.77,9564.41
6214,1280,6,11480,379,6553,3135,306,3534.49,3387.68
6215,1108,4,11094,164,4402,884,97,1949.52,9315.83
6216,1059,5,10345,545,4325,4565,74,2899.58,2792.03
6217,1973,1,11073,203,4628,2692,125,708.2,7978.84
6218,1132,7,10359,214,6841,2915,134,4040.75,500.38
6219,1665,5,10017,498,7357,3365,270,3855.86,6115.18
6220,1754,2,10344,540,4154,3109,230,3669.4,2934.58
6221,1626,3,10551,548,1167,4112,304,1638.35,6883.56
6222,1810,8,11786,515,9158,488,18,3051.95,9908.77
6223,1436,1,11373,363,7270,373,225,4541.06,4946.96
6224,1246,5,11797,485,9598,735,102,650.3,7485.75
6225,1964,4,11724,462,6388,874,202,1343.5,4014.98
6226,1292,6,11146,172,3568,2849,134,1686.68,1488.04
6227,1791,8,11474,446,6870,973,265,4266.41,9164.52
6228,1619,5,10744,165,2358,4080,292,3864.64,7942.85
6229,1120,5,11649,709,4094,3340,80,1273.6,7434.4
6230,1785,2,10223,646,3930,966,326,1360.91,1731.76
6231,1113,2,10627,14,7416,463,302,1073.44,1203.97
6232,1042,5,11554,289,8601,1001,86,3794.74,6791.44
6233,1429,8,10697,655,1086,93,216,659.14,6738.8
6234,1368,1,10348,136,306,1241,14,1540.56,5527.81
6235,1894,1,10159,138,7829,3858,497,704.57,1906.9
6236,1113,1,11791,339,7154,902,292,3207.19,5709.13
6237,1756,7,10841,323,882,3076,127,2740.69,6289.87
6238,1822,6,10649,82,7530,2132,145,2358.7,6401.11
6239,1644,3,10334,331,6542,3713,385,1222.92,5201.83
6240,1125,3,11103,463,9804,3881,397,96.64,642.37
6241,1356,4,11289,127,6862,1065,443,938.71,8850.45
6242,1872,8,10404,608,7609,4925,387,2460.51,684.13
6243,1321,5,10406,139,6367,3369,366,1496.95,5619.92
6244,1677,4,11758,73,7125,4050,157,1596.0,5849.14
6245,1752,2,10842,180,1798,2630,470,1240.2,6028.43
6246,1706,8,11666,151,4050,741,490,4492.61,141.73
6247,1888,5,10252,566,8056,4013,202,2180.04,6379.53
6248,1914,8,10503,704,7778,1396,308,4606.97,1543.56
6249,1985,1,11639,651,5367,4130,462,3323.6,7776.02
6250,1273,5,11461,107,8555,2358,471,3339.05,1619.86
6251,1259,1,10026,578,5363,1934,188,381.03,9186.85
6252,1864,7,10084,483,2318,3561,319,4280.49,2054.1
6253,1804,8,11199,95,6496,3157,374,4918.41,8417.77
6254,1920,7,10439,92,5755,2501,112,2144.51,1979.85
6255,1338,7,10835,10,4250,1359,88,1224.11,3491.91
6256,1109,5,10639,608,2773,1515,209,1374.08,101.41
6257,1442,8,10866,264,4389,3749,425,1140.97,5279.95
6258,1771,4,11200,663,2317,3308,56,4008.28,2939.38
6259,1662,5,11784,428,9927,3776,417,4838.65,5910.43
6260,1116,5,10797,600,7760,360,483,935.62,297.72
6261,1918,7,10135,454,7545,3734,385,4946.72,3208.86
6262,1906,1,10971,34,9505,483,405,3066.82,2368.24
6263,1308,1,10464,570,3058,1264,102,1443.75,6850.25
6264,1934,2,10889,541,7197,761,479,1743.34,6521.37
6265,1997,4,11400,337,5264,3154,397,3771.26,9152.54
6266,1486,5,10552,296,7261,4090,205,2851.0,730.19
6267,1715,4,11577,419,8780,4381,119,3966.95,2774.76
6268,1184,6,10084,214,4673,2729,384,1385.72,9455.65
6269,1369,2,10089,394,1017,499,31,2269.91,7418.04
6270,1375,8,10549,311,650,3654,493,3754.64,5457.8
6271,1719,7,10188,589,2334,3837,342,1369.27,8357.23
6272,1396,6,11899,234,1789,2733,375,3366.57,7665.47
6273,1475,5,10544,77,3212,2804,134,1791.74,588.55
6274,1577,6,11430,261,2218,2441,497,292.16,2834.8
6275,1715,7,10957,184,2172,2829,184,1146.32,3053.33
6276,1316,2,11804,297,4452,4558,391,1680.08,2744.73
6277,1439,4,11000,22,5127,3814,348,3430.26,1663.71
6278,1393,2,10026,457,5035,1537,431,2458.55,2478.93
6279,1640,6,11595,548,8650,1066,71,3758.33,6424.95
6280,1744,2,10167,730,8411,31,238,1370.42,2879.13
6281,1746,8,10102,103,5862,2653,156,366.94,4846.22
6282,1198,6,10803,77,8669,3209,133,4361.62,4421.43
6283,1033,6,11269,673,6531,698,244,659.29,4390.55
6284,1876,1,11566,573,3620,2904,247,171.92,119.64
6285,1374,4,10452,514,1369,2104,360,4359.47,5221.59
6286,1703,3,11237,289,5920,3030,97,3985.6,3743.82
6287,1446,5,10149,601,7977,2241,91,607.03,1457.16
6288,1375,2,10129,189,7633,2232,382,2533.72,6557.17
6289,1347,4,11350,479,5696,3666,379,2951.08,5044.91
6290,1392,4,10119,216,6116,3817,311,3739.08,6713.28
6291,1389,1,11653,36,9903,986,383,424.44,8071.02
6292,1478,2,10476,97,7404,3441,292,2422.8,1792.22
6293,1094,8,10362,297,1732,4724,81,1659.71,9598.81
6294,1350,6,11125,206,7174,4634,83,3759.17,9935.0
6295,1052,2,10050,49,113,2602,278,4352.56,3036.15
6296,1632,8,11932,156,9754,1876,334,3625.68,5158.14
6297,1026,7,11949,397,7979,378,312,3603.77,9893.3
6298,1092,8,10885,213,5081,3673,375,2321.46,4045.99
6299,1277,1,11008,369,785,1344,204,4613.43,444.23
6300,1348,1,11458,157,9166,4507,12,1776.54,6576.75
6301,1274,5,11681,573,9284,1709,149,1972.42,9651.53
6302,1732,2,10500,479,1097,1016,466,4814.13,5592.17
6303,1180,8,11203,37,7751,840,418,3520.82,1836.81
6304,1807,4,11208,606,8445,4592,70,2699.27,1789.13
6305,1753,1,11440,265,5844,2258,383,384.51,9684.13
6306,1948,8,11232,102,9805,3523,484,2532.3,804.76
6307,1341,1,11426,268,2960,1613,137,4258.39,7481.26
6308,1714,8,11892,267,657,57,433,3247.84,6511.17
6309,1968,2,10047,648,8687,4149,393,4464.1,8464.27
6310,1090,2,11670,428,6507,4431,352,3135.73,8962.76
6311,1239,3,11737,483,8239,3967,281,2626.71,1245.52
6312,1949,3,11223,127,9410,2184,427,4157.53,4386.66
6313,1322,1,11305,405,3023,4779,147,1907.24,5669.11
6314,1455,8,11326,35,8301,3340,470,4555.87,5718.34
6315,1988,1,10022,482,7911,3420,143,69.41,9607.36
6316,1991,8,11355,394,5438,781,167,2954.03,1773.82
6317,1141,7,11944,402,1964,1558,103,4918.72,344.4
6318,1449,2,11002,456,8964,3617,63,4924.79,7731.1
6319,2000,1,11068,446,7282,2769,51,1171.71,4029.31
6320,1905,5,10176,701,3982,1145,376,139.49,2043.5
6321,1287,1,11647,675,8441,2113,394,3837.73,3203.79
6322,1307,7,10514,326,5367,4641,121,4297.55,3257.34
6323,1778,3,11043,686,5121,2183,483,1146.36,3816.97
6324,1861,5,10307,399,5793,617,203,2605.69,8743.98
6325,1597,7,10031,460,2785,4637,440,4010.03,7142.09
6326,1923,2,11589,190,474,2775,203,3777.98,6843.88
6327,1949,3,11000,394,2697,1406,206,3044.06,5064.64
6328,1683,2,11976,78,5568,943,202,343.88,5036.43
6329,1205,3,10012,230,8749,4987,256,3557.9,3427.79
6330,1506,8,10534,264,9998,98,267,3155.02,6626.48
6331,1544,5,11417,483,9993,4821,329,2607.12,3725.95
6332,1650,2,10475,487,8899,213,62,3431.74,3517.93
6333,1317,7,10870,133,7119,4209,173,4179.99,9607.74
6334,1963,7,11707,468,7217,3843,498,3696.11,7905.35
6335,1551,3,10584,357,8193,4494,112,4891.57,3802.26
6336,1146,7,11014,501,5692,4452,267,2770.68,5295.19
6337,1035,4,11023,496,5471,31,243,4505.24,657.9
6338,1125,6,11916,364,4846,4922,253,3629.19,4103.21
6339,1810,5,11161,687,3464,3215,347,1677.33,7889.49
6340,1063,5,10421,692,3932,1228,481,2287.22,2379.82
6341,1560,5,10055,60,2589,3280,278,112.14,2657.88
6342,1753,6,10503,492,675,2032,470,1454.42,9282.7
6343,1018,4,11444,253,2782,4847,347,1544.32,9171.53
6344,1316,1,10698,267,8258,3029,54,549.09,1533.08
6345,1510,7,11141,45,6568,3972,249,1146.25,5892.59
6346,1226,7,11009,9,1823,3458,75,4251.08,2703.13
6347,1353,4,11935,468,2313,4055,70,1802.57,2237.01
6348,1697,4,10470,726,398,437,365,3405.37,2307.38
6349,1803,6,11214,258,2278,3076,362,4168.83,1384.76
6350,1458,1,11777,37,7286,4701,288,2414.01,8444.29
6351,1504,5,11130,580,9131,4947,224,222.59,1365.73
6352,1820,2,10030,522,2579,620,238,1169.58,4460.79
6353,1156,1,11624,574,9523,3636,129,780.3,525.87
6354,1196,5,11193,494,5405,1311,230,4075.21,9113.59
6355,1486,2,11024,609,8576,1383,88,2442.73,7091.47
6356,1415,8,10843,208,507,2598,326,793.25,993.79
6357,1703,1,10891,415,7517,4308,178,4593.39,6934.42
6358,1981,2,10372,74,4819,962,376,1566.42,5106.94
6359,1836,4,10208,287,3260,685,79,1794.88,1797.23
6360,1461,4,11781,558,3095,1952,102,823.36,7166.5
6361,1278,4,11879,694,4913,3594,104,4313.56,6071.15
6362,1783,4,11607,615,2160,1034,392,2711.84,1369.97
6363,1961,3,11805,37,2817,3525,285,4542.33,5868.66
6364,1038,5,10450,425,7786,144,437,3268.46,4530.26
6365,1666,5,10910,668,676,664,12,1384.84,2782.44
6366,1089,1,11411,89,5746,4519,231,2558.05,5618.93
6367,1770,4,11882,163,3467,670,12,4842.06,4618.67
6368,1171,7,11725,470,1333,1765,459,4979.59,411.85
6369,1535,4,11410,100,9733,4508,246,4333.71,8952.62
6370,1183,4,11289,443,715,828,479,2028.64,2256.71
6371,1464,6,10917,645,2435,4911,119,767.29,4813.53
6372,1598,1,11301,392,2722,2335,58,2220.79,5097.14
6373,1256,4,11145,501,7028,3629,224,3599.88,8186.52
6374,1349,3,10164,438,7523,4505,188,62.03,9973.82
6375,1948,5,10664,191,4170,2490,58,1024.25,7145.94
6376,1593,5,10040,726,3259,518,41,422.25,1941.44
6377,1651,4,10498,527,1374,2749,343,822.86,8582.99
6378,1188,3,11656,237,8083,1447,18,1428.77,8643.73
6379,1320,8,11499,179,9814,3161,195,225.44,4650.25
6380,1215,6,11022,386,6563,2871,72,124.01,7058.44
6381,1017,4,11970,374,5809,3691,110,1711.56,4872.7
6382,1562,1,10118,687,7661,985,470,1903.81,2619.09
6383,1496,8,10653,533,853,1084,267,2776.37,6089.88
6384,1082,8,11246,311,8162,2755,319,2858.92,619.39
6385,1241,1,11107,356,8030,3196,177,1486.05,4890.95
6386,1448,5,11038,406,4072,4696,345,1704.97,3886.76
6387,1948,7,11322,43,2608,4922,331,2623.26,2020.67
6388,1955,3,10377,293,1415,269,446,706.7,8186.72
6389,1032,8,11370,151,6737,2036,241,349.37,4484.18
6390,1292,8,10502,677,7963,2734,175,3316.6,6633.95
6391,1931,4,11426,327,9938,749,433,4304.14,5131.26
6392,1239,3,11821,60,2865,2658,336,2274.79,9140.97
6393,1111,5,10409,313,1187,457,316,3439.2,7753.77
6394,1878,1,11524,143,559,4876,406,4719.68,7507.23
6395,1066,7,11616,532,6005,2258,110,1343.25,956.61
6396,1031,3,10261,54,9819,1861,452,4768.95,3237.69
6397,1765,8,11358,322,2715,4668,319,4605.49,4555.56
6398,1478,5,10880,207,5596,3401,422,2498.56,7750.92
6399,1854,6,10107,225,853,585,342,2964.53,578.13
6400,1024,4,10479,528,7774,3068,81,4826.52,5307.87
6401,1223,3,11637,659,5761,1054,164,2295.82,4629.38
6402,1146,8,11289,514,8842,2801,389,850.74,7645.35
6403,1145,5,11009,330,168,2030,370,312.96,9961.07
6404,1643,7,11870,429,4626,2332,368,349.08,4426.89
6405,1221,2,11562,194,3674,1595,89,3991.14,682.77
6406,1102,6,10490,321,2999,853,309,1464.14,8788.96
6407,1109,5,10900,404,7561,2234,498,2941.66,4020.71
6408,1735,4,10684,197,6671,2209,450,2315.93,4157.7
6409,1059,8,11995,461,1691,1482,129,4351.03,5745.3
6410,1727,2,11109,120,4426,465,398,3081.03,2460.31
6411,1742,8,11412,66,2292,485,251,4657.15,5209.04
6412,1375,2,10534,289,3346,2037,237,3803.54,2902.34
6413,1963,4,11907,673,9247,4104,408,2143.53,1287.07
6414,1778,3,11247,393,7569,1840,243,3992.87,8969.08
6415,1198,3,10319,415,2140,1949,14,1027.95,9026.68
6416,1186,2,10816,448,5648,1680,244,790.62,6260.45
6417,1528,6,10952,448,5021,3692,499,2743.75,1408.76
6418,1163,5,10656,696,1958,1648,213,2759.05,2889.61
6419,1467,1,11705,671,3486,2416,208,1779.09,9505.18
6420,1295,3,11726,651,1283,208,99,4079.75,3450.93
6421,1711,1,10610,1,1585,1241,159,177.86,327.69
6422,1533,4,11119,473,454,350,487,1849.1,3688.67
6423,1244,3,10502,239,3720,3319,27,1238.42,9036.44
6424,1052,2,11028,109,6326,202,467,4586.51,9227.38
6425,1506,1,11410,381,8124,4875,70,4214.54,631.39
6426,1072,4,11331,73,5571,4882,380,1526.45,5272.37
6427,1101,3,11014,210,624,3622,101,542.26,4983.15
6428,1717,2,10498,289,3900,3797,28,3332.95,9412.44
6429,1038,1,11532,8,988,1134,148,2397.11,4510.01
6430,1975,5,10740,116,4623,3492,40,3164.1,432.87
6431,1372,6,11427,85,5043,3776,401,2829.15,791.91
6432,1641,4,11304,680,6257,1468,171,1552.83,2937.23
6433,1694,6,10154,233,5448,1474,66,884.77,5669.08
6434,1496,1,10859,464,4087,3699,459,679.89,2856.97
6435,1867,5,10512,465,9877,3132,194,3004.78,6622.61
6436,1241,5,11692,550,4055,572,158,461.69,349.51
6437,1652,1,10614,556,8892,1823,316,1039.01,151.18
6438,1350,7,10905,672,3078,1293,85,3718.79,8714.18
6439,1243,2,11069,696,1497,47,188,3256.21,5229.84
6440,1351,8,11130,333,1007,854,472,3151.43,1781.91
6441,1600,7,11893,54,8009,1987,414,2872.38,3800.13
6442,1299,6,11783,362,1826,4132,78,4460.4,180.62
6443,1965,6,11851,45,4805,2886,348,1869.86,3175.91
6444,1991,3,11534,577,7333,3684,100,2640.41,6640.8
6445,1270,2,10337,91,8240,4528,413,1847.45,2071.11
6446,1971,7,10955,642,9778,1004,257,4548.8,1703.94
6447,1498,3,10403,493,5544,1757,385,3599.46,3741.86
6448,1778,3,11734,680,5124,2723,207,1517.89,6811.67
6449,1071,1,11042,720,9803,4393,294,66.38,2022.04
6450,1401,4,11760,251,1601,319,329,1867.6,7710.67
6451,1876,8,10517,471,9983,1605,375,4472.62,4343.29
6452,1875,8,10853,285,8348,105,402,4250.77,7419.75
6453,1515,2,11333,274,6050,4326,59,3864.7,9612.5
6454,1832,6,10966,197,5559,2348,292,2694.53,7744.17
6455,1842,2,10982,568,948,3631,396,968.81,5622.17
6456,1300,8,11029,645,975,2279,322,3925.62,1534.77
6457,1927,5,11461,565,6205,4152,494,2626.56,6804.07
6458,1759,3,10346,46,1606,4444,413,4056.24,9691.31
6459,1054,3,10585,553,4356,4104,380,4781.96,4027.28
6460,1660,8,10939,339,3102,4862,265,2100.77,1123.5
6461,1934,7,11606,439,7037,4049,28,2563.97,6405.9
6462,1388,4,11192,228,7473,1825,462,4316.91,5879.45
6463,1282,4,10642,373,5936,3189,136,2790.29,9551.85
6464,1467,1,11174,116,9215,482,221,4621.86,4694.19
6465,1410,3,11384,153,6593,3632,483,570.22,2059.84
6466,1538,1,10621,77,4649,4573,463,782.86,7994.5
6467,1671,8,10586,498,9721,1587,99,2730.67,4288.75
6468,1124,2,11614,465,9466,2592,140,4796.34,9854.36
6469,1755,7,10474,448,5909,4516,122,2742.34,2154.54
6470,1386,7,10160,367,2829,2357,339,569.75,3008.16
6471,1399,8,11443,49,6314,1891,395,4660.08,5779.49
6472,1325,2,10902,596,5436,1188,56,2365.27,3135.18
6473,1906,5,10099,584,2612,2524,250,3047.26,7029.67
6474,1744,3,10637,241,2426,1166,328,2636.61,524.39
6475,1692,7,11232,348,2876,3688,347,1464.01,8918.41
6476,1596,2,10308,155,1874,2037,309,4849.75,9762.28
6477,1729,8,11578,687,9119,2872,210,2993.6,9198.94
6478,1415,1,11351,279,7157,2532,312,4562.71,2537.11
6479,1427,2,11058,561,622,3193,407,3910.1,5446.96
6480,1855,6,11225,522,8998,1779,428,4516.86,171.32
6481,1589,8,11047,469,7197,1717,473,4404.27,3191.63
6482,1293,4,10931,337,9446,3016,247,466.16,8709.85
6483,1664,5,10804,313,2896,241,157,3442.46,6320.14
6484,1394,6,10660,551,7250,3953,381,1575.76,3997.2
6485,1718,7,11550,713,9253,1080,120,4514.19,357.4
6486,1768,5,10439,274,4766,548,150,3923.87,1468.93
6487,1409,8,10333,420,3945,128,245,2529.26,6833.01
6488,1202,2,10052,210,8798,3239,274,4748.74,2161.66
6489,1101,7,11672,449,2664,898,252,3738.82,2266.98
6490,1961,2,11704,617,9545,2032,76,4203.58,6260.98
6491,1606,5,10475,573,8254,2421,275,171.7,1424.87
6492,1836,8,11422,186,8312,2007,306,4666.21,4078.85
6493,1145,2,11545,1,477,1183,342,3720.66,1721.25
6494,1023,2,10491,215,8605,743,27,3933.64,159.65
6495,1145,6,11649,546,897,2936,241,416.29,5553.07
6496,1615,7,11648,279,8184,1600,262,799.5,6453.04
6497,1532,3,10817,189,937,1002,470,4357.47,6927.48
6498,1284,5,10329,59,1197,1009,154,2724.84,5407.97
6499,1006,1,10058,549,8388,3919,442,2490.23,9761.41
6500,1288,6,11711,496,4219,861,296,3543.4,2808.72
6501,1876,6,10816,703,9858,2118,264,206.48,5681.2
6502,1090,4,11731,27,2556,2311,278,1586.78,5477.48
6503,1203,1,10042,498,3981,1645,172,63.33,4829.07
6504,1572,4,11464,262,7507,3370,69,1706.36,2759.9
6505,1435,4,10302,77,5697,2308,337,4280.0,5166.71
6506,1749,1,11564,638,8049,3973,404,4572.26,9846.12
6507,1314,1,10717,130,843,4592,327,764.51,9558.52
6508,1820,1,11575,62,6585,3166,23,4445.49,841.98
6509,1788,5,10276,334,3309,2465,30,2522.86,8437.91
6510,1186,1,11407,688,7624,4041,494,3865.35,1487.1
6511,1988,3,10321,62,8286,3832,97,271.51,1393.2
6512,1583,2,11488,456,6378,1427,120,807.25,1668.9
6513,1853,3,10153,207,8696,3423,451,2001.52,6759.52
6514,1537,6,11393,560,3623,2795,342,4999.14,5925.14
6515,1753,3,11222,12,5071,2628,108,858.48,6983.64
6516,1653,3,11962,708,7953,2348,406,4001.28,8216.53
6517,1603,3,11148,244,6899,2281,96,3270.67,6758.2
6518,1121,3,10686,225,4992,4387,98,4558.22,1333.18
6519,1792,3,11035,419,6304,1947,497,4456.22,7252.96
6520,1427,6,10243,80,537,3587,193,3587.15,5119.97
6521,1900,7,10170,277,496,2045,299,4959.42,6523.28
6522,1202,2,10064,350,7051,2594,243,2826.35,1672.4
6523,1797,5,11608,719,9156,4651,321,3647.67,1165.05
6524,1876,3,10930,382,6822,1107,12,150.88,5771.87
6525,1371,2,10911,649,1919,4043,34,2280.74,4935.3
6526,1123,1,10696,424,5204,2068,349,4183.59,2177.6
6527,1197,2,10835,132,6556,529,80,1940.15,8301.47
6528,1440,1,10109,424,7443,2709,468,4291.16,2296.96
6529,1345,6,11193,433,8462,3527,209,262.67,2006.6
6530,1771,5,10086,267,5929,2369,476,1494.49,4625.34
6531,1047,5,11260,104,3794,2148,67,2771.4,387.12
6532,1723,4,10831,543,7772,2634,412,2476.3,3676.94
6533,1547,3,10072,478,4624,3116,209,1566.08,5480.2
6534,1686,2,10923,534,2416,83,106,4921.47,1127.87
6535,1144,1,11586,598,7257,4124,336,1003.07,2043.69
6536,1773,1,11703,434,3945,1659,310,2358.1,2932.44
6537,1425,7,11582,479,4973,1946,128,1073.66,3143.55
6538,1899,8,10992,577,3583,2259,15,4850.25,2834.85
6539,1670,6,10733,258,4348,3165,192,2860.11,7963.52
6540,1797,7,11772,559,3156,2839,438,2558.83,5490.19
6541,1151,1,11493,109,7808,3326,268,1932.84,2209.08
6542,1052,6,10815,587,4378,2058,408,4334.43,1211.03
6543,1633,6,11758,188,1816,610,454,3704.8,2854.65
6544,1301,8,11136,88,8721,1006,212,4543.62,9964.75
6545,1136,2,11459,292,9875,3904,84,4318.57,5240.57
6546,1259,5,11655,509,3055,1148,155,2904.38,4859.38
6547,1484,4,10151,650,5597,2077,386,4055.75,6292.57
6548,1021,2,10746,421,2168,4531,74,3264.41,9016.52
6549,1671,1,11576,619,3838,3997,169,1527.67,9106.26
6550,1442,2,11811,186,7619,3406,272,3730.31,5717.67
6551,1603,3,11177,275,3288,2821,98,3563.69,3185.77
6552,1394,2,11209,480,1768,792,116,112.43,4334.03
6553,1392,5,11615,317,6591,3957,310,4375.93,5999.33
6554,1301,7,11143,556,1365,2971,343,2036.43,7141.25
6555,1589,1,10695,666,4833,4800,380,3375.39,6668.13
6556,1222,2,11354,511,5991,2262,259,1166.48,9555.49
6557,1521,4,10335,264,7755,1651,412,2884.26,1466.67
6558,1706,4,10666,132,1589,2236,162,4239.49,4978.34
6559,1287,7,11888,631,486,1895,432,1015.82,9787.45
6560,1207,1,11385,70,1364,560,203,3819.23,3294.14
6561,1290,6,10535,125,7172,231,372,1093.23,7746.47
6562,1206,8,11834,704,850,18,409,4471.73,9162.51
6563,1658,1,10434,498,6535,2649,430,1124.88,7272.15
6564,1692,4,11697,265,1052,1041,218,2428.66,1782.14
6565,1175,6,10273,200,3981,699,311,2570.29,8092.96
6566,1304,6,11238,558,6175,4576,326,4100.84,4612.51
6567,1363,4,10319,64,5691,1389,35,3846.83,2358.36
6568,1303,3,11325,201,911,2860,396,243.72,1529.41
6569,1944,1,11699,638,8473,756,328,3460.5,8766.4
6570,1415,3,11734,51,6204,1829,393,1238.71,3078.94
6571,1097,6,10029,140,2045,2394,344,2298.19,3114.9
6572,1347,4,10352,635,1948,3185,258,4969.67,3241.16
6573,1101,8,11699,664,4137,956,431,1315.38,7637.74
6574,1897,3,10216,397,7955,2437,80,1826.69,4332.81
6575,1610,1,10712,173,4047,4454,153,2182.08,9885.61
6576,1475,1,10332,75,4941,3069,340,3417.95,8444.12
6577,1534,7,10067,328,4047,3038,67,400.23,3791.42
6578,1113,7,11969,446,3605,3867,183,366.02,804.07
6579,1902,6,10004,708,9550,3667,14,371.32,8435.06
6580,1584,5,10090,301,9997,2603,65,266.11,6466.57
6581,1921,3,11444,103,7478,1576,239,3276.55,4708.87
6582,1132,7,11513,21,7370,1894,226,2213.63,5370.9
6583,1538,3,10237,628,3427,4644,196,2035.0,3508.39
6584,1290,4,10549,515,8017,713,496,4810.28,544.77
6585,1387,3,11761,637,2251,1714,460,2755.01,2912.99
6586,1919,7,10279,410,6968,3671,489,58.54,1111.46
6587,1552,5,10130,609,8121,1656,83,2867.83,3287.8
6588,1967,7,11361,19,2687,1828,111,332.22,9911.82
6589,1441,5,11950,697,6528,766,228,56.73,6124.94
6590,1115,3,11259,391,7245,4175,359,807.78,7216.76
6591,1372,1,10179,235,3396,4213,391,1323.18,4291.93
6592,1705,8,11258,672,2453,4106,306,1346.18,4649.79
6593,1139,5,11832,107,6824,4066,232,2329.77,9428.86
6594,1088,3,11358,179,7126,3788,30,4895.69,4417.4
6595,1746,4,10326,539,7458,881,353,3089.32,6013.25
6596,1147,2,11008,543,5630,525,335,136.27,3579.3
6597,1417,3,11142,594,4384,1367,142,2803.05,1526.3
6598,1480,6,11035,107,7510,760,430,413.88,2174.66
6599,1575,2,10433,358,9382,3823,383,2191.05,4439.36
6600,1644,3,10516,538,1100,2346,3,4095.56,6582.83
6601,1921,7,11680,144,5247,2562,262,267.15,3752.35
6602,1365,4,11343,179,1397,4642,387,3808.51,8466.37
6603,1016,8,10826,651,2368,1342,366,1138.43,2506.16
6604,1311,6,11811,157,5032,2137,283,2194.67,4082.09
6605,1639,4,10506,24,862,1756,312,2628.7,4305.85
6606,1366,2,11525,267,1353,3748,12,651.49,2320.34
6607,1831,8,11673,529,1669,326,186,1262.6,8044.87
6608,1713,8,10210,211,4939,2554,490,2251.5,5782.76
6609,1066,4,11595,517,3602,3289,59,4495.23,7049.98
6610,1097,5,11758,46,1975,2366,437,4336.58,1825.46
6611,1684,7,10424,36,8110,2421,119,1933.14,635.07
6612,1095,6,10126,83,6038,191,291,4512.77,110.88
6613,1995,3,10158,508,2769,2138,434,1285.7,5667.22
6614,1078,3,11086,87,7659,4257,471,609.02,5758.2
6615,1578,4,11382,462,6540,3968,489,2748.23,6664.7
6616,1228,4,10325,252,5278,1172,304,818.1,6975.63
6617,1207,3,11338,563,4080,1275,202,459.87,462.87
6618,1069,8,10565,545,5913,1525,255,3288.79,7871.21
6619,1486,1,11349,570,9948,1919,389,3334.02,2968.6
6620,1579,4,11151,70,4872,1480,394,329.69,8351.67
6621,1512,4,10918,580,3762,756,152,3643.96,783.62
6622,1134,8,10902,180,3790,2080,323,2806.24,8329.51
6623,1379,1,11028,454,8202,386,246,2990.44,9178.05
6624,1679,2,11751,448,9042,2274,182,245.29,1092.13
6625,1311,3,10275,455,3897,3685,378,2425.03,4054.82
6626,1798,5,10645,418,448,4549,261,1624.95,8878.76
6627,1958,6,10688,55,8728,478,333,3527.23,628.71
6628,1670,6,11222,484,2087,996,430,280.78,679.76
6629,1187,3,11246,223,3792,1141,10,3875.87,1378.89
6630,1669,5,10293,540,9519,2047,398,1372.9,5165.5
6631,1709,8,10480,117,9375,4375,86,4539.27,9493.95
6632,1071,8,10908,495,552,4566,181,3526.76,6673.05
6633,1519,6,11843,106,1016,4267,473,130.31,5443.06
6634,1041,3,11902,360,8353,135,100,2393.73,3955.57
6635,1081,7,11334,721,2235,1798,6,1223.27,4599.49
6636,1230,2,11472,515,7016,383,65,1673.08,2198.66
6637,1590,2,11972,578,8721,488,473,4419.32,1440.66
6638,1479,2,10375,624,8385,3179,262,2802.94,9412.23
6639,1452,5,11823,698,1577,3435,166,3590.75,993.76
6640,1811,7,11676,529,2210,2622,70,2782.43,1735.14
6641,1174,7,11782,205,4944,2616,370,2434.97,6788.54
6642,1131,6,10251,425,7058,374,57,2532.41,4133.33
6643,1571,1,11700,708,3438,3044,88,2943.91,1592.13
6644,1558,1,10360,342,801,4141,418,4644.92,4613.34
6645,1091,8,10619,252,1747,4374,424,2065.69,8733.57
6646,1869,2,10980,339,9175,2511,249,3133.17,3513.43
6647,1412,7,11774,76,4054,1282,117,2587.46,7598.12
6648,1497,3,11678,106,586,1462,437,2299.87,5521.87
6649,1602,7,11645,99,1271,574,213,1991.99,2123.38
6650,1246,6,10577,120,8075,2156,68,3121.17,9472.89
6651,1460,6,10995,587,941,854,251,2860.84,5422.78
6652,1456,2,11259,14,6162,1455,33,4565.26,8226.56
6653,1591,7,11350,80,6261,2880,0,4600.17,682.48
6654,1613,3,11338,169,1385,4919,237,4059.9,1941.95
6655,1769,5,11428,265,8474,4002,467,3073.88,5917.78
6656,1412,3,11506,475,4950,2483,319,4478.6,3127.96
6657,1534,7,10186,569,777,4878,188,199.19,1535.25
6658,1967,6,11848,38,1041,4603,389,1828.34,251.04
6659,1461,4,11737,478,5922,2962,11,2418.37,1214.29
6660,1532,8,11339,729,8526,2041,159,4447.02,464.8
6661,1257,3,10247,419,8534,4986,419,2688.2,3801.65
6662,1932,5,10250,446,4434,3963,383,3036.02,9411.8
6663,1991,1,10670,700,9179,1770,279,2284.26,3333.53
6664,1800,2,10906,661,3577,4328,447,645.48,3561.11
6665,1245,4,10301,688,1632,3903,219,655.8,9276.18
6666,1360,7,11841,200,6800,2220,133,1504.56,1214.02
6667,1190,8,10616,53,932,1889,284,2913.23,9833.09
6668,1651,8,11465,297,7922,1534,203,3681.79,1296.18
6669,1656,8,10623,659,6409,1842,98,816.28,6061.27
6670,1988,4,11718,93,8918,3969,65,2010.78,9849.93
6671,1719,7,11331,464,951,3334,45,1700.67,2794.67
6672,1921,8,10650,6,8421,4169,297,1989.99,2373.6
6673,1229,5,10964,615,4066,1686,239,1847.09,6147.73
6674,1550,3,11142,696,7271,1691,200,3626.13,8601.35
6675,1407,6,11428,169,321,3144,500,844.62,6168.2
6676,1722,5,10042,21,2321,3937,152,2056.02,2085.72
6677,1049,2,10354,139,1970,649,405,4124.55,4163.56
6678,1008,7,11981,187,3821,4519,4,2448.67,6636.47
6679,1843,4,10229,614,2926,3452,35,872.46,264.51
6680,1412,3,11613,699,5707,252,38,832.66,8975.35
6681,1112,2,11636,267,8197,464,258,1986.91,9369.81
6682,1211,8,11531,309,2179,1885,158,4895.87,916.3
6683,1416,7,10499,463,7597,1365,258,2251.82,4637.05
6684,1029,7,11340,35,6353,585,156,2997.37,1429.29
6685,1452,2,10344,284,9046,4308,261,4596.4,7561.14
6686,1035,7,10857,310,8870,3996,357,1601.32,1826.51
6687,1827,4,10050,329,5957,3519,127,1545.97,1219.83
6688,1975,4,10451,463,5526,3475,110,2189.23,6772.44
6689,1874,4,11002,487,1453,3530,445,3796.54,4494.94
6690,1365,4,10909,605,7236,2472,155,61.89,9270.74
6691,1451,5,11543,468,9221,2682,386,1930.95,4873.77
6692,1308,2,11783,208,2121,744,153,1935.45,5716.63
6693,1967,6,11881,382,1269,3551,7,1603.71,2775.48
6694,1504,6,11912,10,2760,4705,350,1349.44,4198.2
6695,1704,3,10994,494,1329,999,479,3060.82,5649.24
6696,1201,6,11229,491,2003,1174,336,3804.98,5875.2
6697,1356,7,10019,598,7748,1751,85,1288.81,7334.04
6698,1975,4,10164,41,1556,2789,311,771.81,8740.83
6699,1979,4,10508,417,6110,280,410,1757.78,6723.28
6700,1564,3,10956,539,116,1112,437,2902.74,7372.32
6701,1302,8,11160,516,9009,12,298,1377.65,3773.84
6702,1994,1,11612,26,7655,1737,313,419.49,2916.74
6703,1772,2,10197,568,4576,1505,159,2089.18,8484.8
6704,1226,5,10965,287,4243,1316,49,4949.58,8841.66
6705,1403,4,10537,104,9443,3935,28,4552.45,839.91
6706,1583,7,11692,51,5665,438,232,1681.22,2612.52
6707,1464,3,11193,103,2175,4739,86,1931.63,7973.59
6708,1405,5,11389,295,5611,2920,381,3572.58,1130.95
6709,1522,3,11838,3,3402,2431,176,1643.42,5264.54
6710,1967,1,11480,382,1985,43,196,4316.82,1650.59
6711,1319,1,11175,681,4223,1328,444,1276.68,8165.15
6712,1741,6,11227,387,1334,786,153,2104.67,1566.59
6713,1051,1,11180,287,449,2465,283,2963.95,3071.54
6714,1663,3,10280,504,317,4533,191,1568.81,2206.8
6715,1776,5,11310,413,4203,1942,272,2435.13,4494.86
6716,1884,3,11902,152,1897,2198,129,1290.59,5534.78
6717,1253,3,11516,435,4775,1906,422,4187.29,5981.5
6718,1087,2,11598,134,3104,4562,404,4443.68,5948.18
6719,1654,4,11992,562,1904,4312,437,2967.4,8920.11
6720,1210,6,11229,50,2370,381,171,2549.68,1087.26
6721,1920,1,11842,666,9189,1996,23,2582.82,2401.07
6722,1062,1,11398,406,1669,4253,286,607.31,4615.46
6723,1192,6,10088,323,5009,1661,392,3675.95,2763.2
6724,1934,8,10762,467,4355,4130,228,4984.97,5320.84
6725,1262,5,10063,181,8967,3400,361,295.97,1869.38
6726,1774,1,10300,126,4547,1122,435,3793.97,1764.88
6727,1991,4,10211,502,8152,1598,262,1852.95,1340.57
6728,1460,3,10802,728,3881,4486,70,2527.53,1853.36
6729,1508,1,11197,246,4693,1258,71,1229.3,1956.05
6730,1907,7,11183,79,2081,1890,233,2648.25,3184.66
6731,1117,3,10033,20,8730,1312,188,1377.54,1579.92
6732,1915,7,11682,305,3738,4119,159,4904.12,7418.74
6733,1785,8,11203,670,5429,36,177,3005.47,9515.84
6734,1160,6,11067,171,9158,124,142,1119.92,5692.96
6735,1839,1,11227,192,9747,4191,98,2497.87,250.53
6736,1565,7,10479,193,8563,1897,130,258.33,5916.96
6737,1264,6,10836,308,4656,853,33,4075.48,3808.78
6738,1502,8,11340,76,8941,2225,326,906.67,811.22
6739,1832,1,10718,209,348,2778,455,987.99,3413.6
6740,1832,5,10417,136,4181,2497,454,460.44,1770.91
6741,1263,8,11483,652,8796,2536,498,3697.89,5838.87
6742,1445,6,11827,699,1666,3131,396,4495.2,536.38
6743,1072,8,10451,93,5848,1847,42,1977.61,3572.91
6744,1912,8,11873,168,8184,731,205,3929.23,5993.38
6745,1394,2,11819,444,4654,1630,366,2673.97,6802.45
6746,1112,1,10512,341,110,2319,149,2092.41,2834.16
6747,1327,3,10380,248,3096,2096,410,2839.6,2459.98
6748,1823,3,10988,674,7639,4109,24,3361.7,9008.53
6749,1173,1,11090,320,4179,2100,205,771.51,6386.94
6750,1119,3,11109,282,2901,2470,229,2764.85,6992.55
6751,1820,7,10737,520,8061,2246,14,2614.82,8009.32
6752,1797,2,10272,126,404,1572,107,3897.77,4349.59
6753,1367,8,10826,375,2891,3101,424,2256.34,9603.5
6754,1889,6,11327,264,3528,1388,416,108.72,8421.53
6755,1019,4,10815,493,2590,3637,305,1798.78,4692.78
6756,1593,2,10792,372,1961,2195,364,396.94,6822.11
6757,1132,5,11945,212,7077,613,470,3919.32,7429.63
6758,1069,4,11008,725,2662,2480,154,2532.47,7104.76
6759,1085,4,10575,503,8462,4916,444,630.63,8458.18
6760,1261,8,10822,171,4376,3157,298,3932.98,5111.85
6761,1734,2,11660,209,2785,917,154,3355.94,8225.82
6762,1028,3,10393,136,1221,1678,475,281.77,9853.34
6763,1564,4,11330,487,4650,3108,436,2276.29,2828.77
6764,1687,6,11478,261,2922,2829,263,4345.88,1935.0
6765,1285,2,11368,679,4868,2780,132,3851.85,7354.06
6766,1476,3,10929,305,8290,2858,229,4089.96,7070.68
6767,1378,5,10720,306,7347,3637,164,1136.33,6888.29
6768,1262,1,11222,424,7791,3834,157,248.09,5542.06
6769,1021,8,10850,280,578,291,338,376.58,6686.77
6770,1832,2,11050,509,7029,1126,362,2153.97,456.27
6771,1621,5,11500,301,839,4550,205,2329.22,3969.61
6772,1252,3,10356,365,5294,2335,439,1996.9,5602.09
6773,1267,7,10407,638,3484,75,326,4831.11,9335.88
6774,1978,5,10884,670,4630,3509,217,2136.0,8858.93
6775,1940,7,11638,393,9757,1399,231,2884.03,1246.58
6776,1749,3,11772,362,5540,1817,13,2576.5,170.73
6777,1598,5,10526,515,9817,969,2,247.45,8904.29
6778,1901,7,11225,101,1423,4308,314,2341.76,2041.07
6779,1360,3,10165,376,4659,253,293,1932.28,6135.64
6780,1220,2,11005,367,1285,2238,6,613.72,8359.23
6781,1270,3,11593,713,3969,1455,375,4394.0,2372.16
6782,1045,3,11161,285,7435,3430,466,2137.05,2754.34
6783,1142,7,11363,149,5147,3562,470,4164.27,7667.71
6784,1396,7,11432,631,9947,3899,130,2007.43,3479.9
6785,1995,5,11095,386,9145,4826,327,1194.41,9054.66
6786,1525,4,11216,656,3721,3924,243,843.06,9604.0
6787,1651,4,11445,637,7493,1875,274,1296.1,4420.08
6788,1921,1,11021,2,8150,3403,302,725.15,5947.44
6789,1414,4,10280,466,2783,3183,373,2369.47,7534.75
6790,1615,3,11338,557,8387,2981,125,3862.59,9810.84
6791,1865,3,10336,359,3260,2973,206,2632.53,5247.52
6792,1998,2,11455,67,2364,3945,169,4017.49,5075.26
6793,1963,4,10634,276,1053,817,1,3811.23,8080.24
6794,1102,6,12000,611,5478,4897,139,4953.01,6348.37
6795,1817,2,10387,49,1431,2391,358,833.97,9936.71
6796,1121,5,11774,489,1369,3483,497,3880.82,5001.84
6797,1764,7,11704,417,9176,4401,69,2772.13,3706.24
6798,1028,5,10159,550,289,598,318,3756.11,3777.25
6799,1287,7,11121,158,8199,4696,66,3866.87,653.67
6800,1131,6,11451,700,1305,2998,452,1128.99,3591.08
6801,1555,5,11912,710,4963,1590,285,4410.29,5935.99
6802,1829,1,11117,563,427,999,186,4881.15,8136.15
6803,1525,4,10573,505,376,3952,470,1858.93,7111.15
6804,1464,2,11360,688,4180,1236,9,3803.26,8011.49
6805,1600,7,11635,652,1717,3527,402,1003.27,3525.35
6806,1934,5,10456,313,5189,4329,338,327.2,3456.76
6807,1237,1,10424,117,6008,2066,277,941.9,6614.1
6808,1633,6,11877,606,2149,2598,316,326.7,2404.29
6809,1576,4,11952,199,7555,2692,176,1961.6,984.31
6810,1893,3,11372,672,632,545,444,1426.37,807.43
6811,1939,8,10886,282,4748,1387,268,4195.36,7140.23
6812,1509,3,11857,179,5149,1487,40,2013.94,2008.65
6813,1598,4,11763,401,4128,3722,71,4141.66,7529.69
6814,1382,1,11497,319,3747,3600,421,4454.78,1031.25
6815,1008,8,10892,482,6689,404,285,2481.56,2923.53
6816,1830,3,11386,61,6561,2844,112,4067.11,8867.46
6817,1924,2,10641,153,3855,87,25,2693.21,9903.73
6818,1562,2,10658,149,8954,2314,462,271.93,5368.55
6819,1574,1,11807,56,6988,4576,388,4176.84,4782.82
6820,1436,1,10513,575,5292,3371,329,474.82,5059.55
6821,1838,4,11258,697,7126,3048,233,3155.85,7825.56
6822,1696,7,11374,128,6707,474,70,4450.83,4346.67
6823,1924,1,10856,124,9237,545,83,1188.13,1705.71
6824,1434,4,11492,93,7244,2707,274,1895.63,306.59
6825,1821,2,10455,396,910,454,272,2107.67,4693.56
6826,1239,4,11419,53,8985,2367,92,3806.67,9660.28
6827,1763,2,11713,350,1727,3080,499,1381.25,9444.21
6828,1011,5,10066,698,505,4041,373,3421.59,9689.9
6829,1290,2,10889,327,6739,3705,105,4628.05,3839.97
6830,1099,5,11428,263,6802,3652,493,721.87,5695.89
6831,1393,5,11841,240,2556,1212,2,2953.84,7216.95
6832,1039,8,10113,718,7672,4348,212,2123.25,8896.75
6833,1596,8,11157,83,3041,1095,392,3224.54,8232.45
6834,1989,8,10416,382,9878,3597,332,1472.68,5722.54
6835,1383,3,10453,563,371,3305,395,870.2,230.85
6836,1396,8,10456,197,286,3236,351,332.6,2741.74
6837,1546,4,11919,494,1288,3945,71,1266.84,1327.08
6838,1089,2,11592,645,2954,3867,181,1520.65,8033.83
6839,1069,5,11328,544,5667,612,89,2200.27,4017.57
6840,1560,6,11854,473,3197,3822,111,2965.67,5386.12
6841,1294,7,11463,117,623,2011,70,1164.47,7401.55
6842,1774,2,11171,631,7967,3579,299,4216.1,4666.99
6843,1684,2,11714,346,9353,4371,191,1830.17,6242.11
6844,1971,2,10969,343,573,1034,332,4029.26,4490.55
6845,1318,2,10320,41,6917,2381,484,1888.83,8789.59
6846,1868,8,11870,523,9364,3192,301,80.47,3340.42
6847,1071,1,11496,61,8477,2609,224,1033.73,411.43
6848,1713,1,11691,71,5398,3223,301,1131.19,4921.82
6849,1386,6,10849,210,9975,4192,28,3340.07,3246.24
6850,1298,2,11435,642,4200,4566,155,2106.07,4979.33
6851,1505,1,10267,96,1904,653,381,2822.12,4220.02
6852,1215,8,11243,589,7353,2424,419,4839.92,6556.15
6853,1204,2,10817,599,6758,4917,338,2433.65,218.72
6854,1680,5,11675,37,7782,3447,275,2969.85,6700.43
6855,1048,7,11358,252,6251,66,472,1095.9,1141.39
6856,1922,3,10557,175,9315,335,429,1101.21,8250.81
6857,1806,8,10703,606,2788,1185,168,1097.7,7921.81
6858,1414,6,10809,67,4198,325,425,751.66,3629.33
6859,1596,6,11934,97,6150,4218,59,1263.89,4518.93
6860,1330,4,10042,627,1781,3658,111,2181.76,5667.4
6861,1214,5,10572,475,9314,705,179,1561.47,7637.73
6862,1012,4,10464,253,9497,2147,8,3470.09,6997.58
6863,1323,5,11432,279,7294,1186,283,2757.32,9591.06
6864,1043,8,10951,327,7252,1922,307,3202.35,6952.63
6865,1363,7,10498,357,3384,3191,121,1286.25,1497.36
6866,1792,3,10917,389,8812,361,201,2182.9,5578.51
6867,1097,2,11866,551,6254,2147,146,948.97,5862.1
6868,1282,3,10099,554,2963,1514,141,4752.85,2415.36
6869,1488,4,10920,280,5819,1453,174,971.69,6162.26
6870,1178,5,11420,136,8017,1106,110,2869.9,9719.51
6871,1889,5,10874,261,7325,1099,379,432.31,1703.21
6872,1008,2,10946,467,9704,132,31,187.4,8370.04
6873,1340,7,11990,359,4011,2595,339,2263.41,6677.32
6874,1286,4,10766,313,5032,2869,265,1771.67,8181.27
6875,1527,2,11954,135,9034,4978,44,3837.28,8117.13
6876,1984,7,10638,544,1352,3053,221,1899.85,5221.92
6877,1037,2,11754,109,1975,3524,117,3281.35,7519.91
6878,1704,7,11113,224,750,4212,407,2010.79,5248.13
6879,1557,7,11819,100,5317,3559,18,3685.98,9713.68
6880,1336,2,11370,37,9281,2666,418,1479.61,1212.22
6881,1105,8,10909,343,6634,2424,415,2179.94,8824.24
6882,1127,4,10267,696,2648,1372,233,2080.21,6188.37
6883,1074,4,10390,375,1988,4439,205,1203.75,3410.53
6884,1699,6,11163,613,4721,3749,175,1414.38,5750.47
6885,1275,7,10825,392,9717,1809,289,4892.97,8341.21
6886,1691,1,11348,347,3888,3536,98,293.07,8414.19
6887,1752,4,10953,424,8156,793,339,435.42,6521.59
6888,1954,5,10787,516,6364,233,391,3231.71,6675.16
6889,1561,1,10961,123,9628,2576,485,2925.1,9594.24
6890,1267,8,11117,670,3261,3959,57,1496.96,3615.23
6891,1146,6,10366,382,7575,1265,479,4925.44,9982.35
6892,1580,5,10969,7,7084,2845,189,3155.05,8660.06
6893,1761,1,11434,448,1380,1945,241,1790.5,8950.63
6894,1761,7,11917,330,7421,17,426,1553.95,5869.4
6895,1412,5,11815,593,583,4431,376,2370.18,6296.55
6896,1955,4,10715,289,9773,2825,485,3326.24,1129.75
6897,1214,6,11777,11,8674,1147,460,4831.38,2979.9
6898,1716,7,10772,163,1958,4585,242,4771.19,8621.04
6899,1972,7,11719,704,7986,2419,377,1352.61,4058.73
6900,1846,1,11825,10,3289,431,467,1007.02,7959.8
6901,1879,7,10778,89,1280,103,10,320.83,1404.02
6902,1555,1,11370,387,3761,494,219,2671.73,9240.6
6903,1429,2,11925,700,7847,193,67,3091.01,3356.18
6904,1015,3,10729,419,3419,2931,361,3431.95,2650.91
6905,1148,3,11529,234,1767,4745,116,647.99,6204.9
6906,1821,3,10201,52,1708,1517,64,1042.51,9986.45
6907,1417,5,10911,612,1206,3164,351,1550.64,763.73
6908,1533,6,11732,571,8062,1922,53,4082.73,7436.93
6909,1167,3,10329,92,8647,4823,478,4452.44,7844.87
6910,1171,7,11285,36,8388,3165,460,2083.61,3953.19
6911,1047,7,11093,707,5469,3494,66,4294.57,2193.69
6912,1461,8,11929,68,8497,1158,71,3784.02,4047.09
6913,1284,7,11986,226,9143,4722,489,3759.63,8878.78
6914,1333,1,11734,434,237,1460,8,4743.92,8083.86
6915,1400,1,10711,108,5654,4808,29,1175.25,513.87
6916,1843,1,10641,461,858,1849,420,1056.64,5966.91
6917,1278,1,10862,424,2091,3701,328,525.23,707.42
6918,1913,8,11024,131,7867,1088,253,4154.74,3101.75
6919,1469,5,11520,695,9992,4152,481,212.46,4114.91
6920,1678,8,11262,222,4983,4369,337,3286.87,1725.6
6921,1428,8,11322,468,2936,2167,177,2058.58,1247.42
6922,1241,5,10443,586,611,4245,55,3237.56,8461.45
6923,1816,2,11640,298,5385,2255,375,2731.28,3652.4
6924,1911,4,11305,191,6476,255,8,1267.98,5704.73
6925,1739,2,11651,635,4641,3929,91,705.92,3920.88
6926,1893,8,10242,505,8906,3204,440,776.99,7570.36
6927,1217,2,11560,80,9888,600,14,3233.67,1118.06
6928,1889,5,10930,157,7955,2825,201,310.0,8103.98
6929,1558,6,11746,458,3106,267,403,1266.8,5199.91
6930,1934,6,10735,16,1297,2897,114,4070.84,4218.79
6931,1828,1,11176,339,683,2189,386,89.79,3230.59
6932,1408,2,11389,516,9531,4621,23,4162.99,669.94
6933,1718,6,10808,494,2024,778,225,3678.9,8825.86
6934,1545,2,10963,298,169,3252,91,136.08,9936.94
6935,1816,8,10426,658,1258,937,425,4142.76,329.58
6936,1145,6,10079,463,2337,1973,97,2446.11,946.48
6937,1177,2,10393,455,8070,2159,235,3328.79,1157.03
6938,1065,5,10952,544,5145,1696,499,4979.92,987.48
6939,1924,3,11874,679,7084,4638,105,994.41,2138.62
6940,1052,7,11541,299,4830,4753,238,666.19,994.38
6941,1189,1,10534,464,3548,4867,102,2785.0,1197.92
6942,1877,2,11287,157,4349,143,357,3817.25,7184.9
6943,1778,4,10912,515,4472,3075,448,1928.52,5765.67
6944,1551,7,11343,613,2360,1572,226,538.68,4611.84
6945,1467,7,10916,8,5465,2196,388,290.25,2003.32
6946,1351,6,10530,653,9564,225,204,4896.8,8913.7
6947,1793,7,10990,590,2187,1286,244,811.76,6646.7
6948,1755,1,11799,498,6915,862,5,4845.26,8245.43
6949,1216,7,11172,330,1569,1724,395,2223.78,9236.65
6950,1594,1,11107,731,1391,4682,125,3825.27,6524.15
6951,1379,7,11048,494,788,1088,242,454.21,4110.22
6952,1009,6,10925,538,2872,411,335,3688.58,1189.64
6953,1396,4,11000,232,6966,147,168,73.06,1790.16
6954,1160,5,10243,285,9565,918,180,401.31,1913.85
6955,1248,5,10235,512,2527,2473,138,1882.71,865.87
6956,1140,1,10978,608,1257,4852,372,3111.68,248.79
6957,1132,7,10047,696,3087,1864,387,2330.07,2296.14
6958,1790,3,10669,629,2030,3090,441,57.03,5029.8
6959,1042,1,11849,120,8606,1894,129,4328.57,2579.22
6960,1459,2,11484,729,847,1835,191,4244.31,282.07
6961,1701,4,10214,366,5811,1489,97,1893.09,8584.8
6962,1432,7,11996,650,7836,2528,403,945.67,1781.37
6963,1678,7,10681,15,3040,2423,137,595.81,3160.14
6964,1308,8,11671,629,4240,1708,141,746.99,6531.81
6965,1266,3,11399,343,4312,1670,497,3532.1,4550.05
6966,1069,5,10068,197,7375,1874,423,2986.92,9535.53
6967,1030,8,10546,42,7036,3922,103,3110.92,906.36
6968,1239,4,11099,499,6355,3983,285,2810.13,4912.33
6969,1567,3,11445,632,2426,316,473,2269.65,8081.62
6970,1302,1,11724,161,700,745,198,765.21,4687.81
6971,1267,1,10242,457,3040,772,167,1262.02,9869.16
6972,1701,5,11647,137,4290,275,411,1268.9,8205.56
6973,1968,6,10951,484,3982,3752,326,1537.95,1835.45
6974,1091,2,10293,117,9536,1890,146,2943.76,9888.1
6975,1522,8,10652,423,1757,1077,289,346.88,6350.92
6976,1301,1,11584,648,5470,4435,142,359.43,2528.61
6977,1575,3,11806,204,2596,3804,277,2270.85,9004.96
6978,1792,8,10962,368,6063,2068,242,1566.64,970.65
6979,1087,7,10971,164,5460,846,487,2973.27,326.8
6980,1491,8,11071,418,2257,3265,246,4529.22,3187.94
6981,1034,4,11797,135,1483,2509,413,79.48,9134.14
6982,1146,5,11653,235,102,4568,259,3986.66,7995.74
6983,1190,7,10640,192,7556,1441,154,1231.14,346.27
6984,1533,8,11555,35,3175,1284,152,3367.36,9569.44
6985,1011,8,11304,372,7741,2345,206,2525.33,204.84
6986,1936,4,10533,238,8484,3133,459,2845.22,6656.94
6987,1491,1,11948,180,8037,4698,460,2364.77,3698.9
6988,1547,3,11506,580,8536,2827,290,4166.62,5203.91
6989,1182,5,10912,175,5176,1260,232,4228.44,6599.47
6990,1778,3,11028,452,7539,4967,26,4795.87,7799.24
6991,1329,6,11886,371,2949,1977,367,254.89,5172.2
6992,1129,7,10932,402,6974,2793,423,1413.16,8243.35
6993,1216,8,11845,449,9298,4887,41,1293.98,3459.49
6994,1996,2,10037,244,9598,2666,146,306.11,4098.1
6995,1272,2,10483,160,957,4945,264,1154.98,2338.1
6996,1503,7,10458,555,308,2512,364,3625.31,5049.12
6997,1531,8,11260,533,3802,4945,178,1330.28,5169.26
6998,1505,8,10772,380,5173,2444,2,2300.08,7081.57
6999,1742,8,11236,23,8185,1658,188,4603.99,5663.05
7000,1415,2,10876,704,247,1826,76,3659.64,9407.73
7001,1323,6,11268,74,8796,2146,194,3313.76,819.52
7002,1863,3,10452,172,5139,2968,317,3244.59,4601.36
7003,1668,6,10702,476,5479,4701,315,2876.28,9479.72
7004,1896,4,11803,300,6112,2190,489,3928.32,1446.75
7005,1043,7,10547,190,4317,1296,161,3958.01,9046.1
7006,1326,2,10149,562,8027,3630,134,2896.21,4927.9
7007,1980,6,10617,266,9424,1923,426,4287.98,3557.44
7008,1003,3,10810,225,7670,150,398,2008.81,8098.8
7009,1516,7,10440,334,6479,1916,455,1412.88,9696.48
7010,1933,5,11261,169,279,4533,125,4327.67,3559.67
7011,1442,5,11286,238,1143,3710,306,3433.4,3530.39
7012,1988,5,10435,482,6790,24,468,1902.32,7904.06
7013,1831,2,10474,21,9338,2396,358,3763.01,4950.43
7014,1660,6,11747,243,3469,4565,200,2567.46,8918.25
7015,1186,3,10985,279,8387,2350,460,2057.92,5545.59
7016,1730,7,11665,636,1171,4148,271,451.39,4308.2
7017,1254,7,11550,471,8589,2543,119,1450.45,2714.98
7018,1343,7,11271,133,9759,976,243,180.72,8105.74
7019,1317,6,10598,624,3626,4886,436,2878.25,9013.87
7020,1418,6,11792,53,6564,3192,226,3654.42,5018.17
7021,1939,1,11635,54,2267,3501,75,891.48,2382.91
7022,1065,2,10336,265,5331,951,353,3743.72,5435.63
7023,1874,1,10061,644,6043,3263,487,799.47,819.47
7024,1467,5,11408,358,6638,3398,56,561.37,8884.18
7025,1567,5,10114,725,2656,3339,161,1413.82,8444.73
7026,1958,6,10754,472,9692,4828,103,3188.22,9290.21
7027,1227,7,11919,675,9671,1159,331,1458.6,4583.42
7028,1515,3,11854,471,1126,3566,178,1171.33,2284.36
7029,1079,2,10721,240,2513,3258,376,1321.57,1348.11
7030,1865,2,10296,170,1425,4239,221,4645.02,6757.48
7031,1011,6,11079,512,346,4435,300,476.21,3693.18
7032,1516,8,10314,449,4927,491,167,2768.28,2932.31
7033,1069,2,10679,108,2058,4858,99,4783.25,8414.0
7034,1838,2,11271,615,1727,2128,257,4301.29,3014.29
7035,1062,6,11754,379,7963,2359,256,1552.08,1354.04
7036,1778,5,11616,101,6462,4430,224,1394.16,6352.89
7037,1546,8,11107,726,8542,901,213,4960.16,354.64
7038,1137,7,11113,729,1272,2866,270,806.13,3307.76
7039,1733,6,11337,74,8395,3222,315,4529.63,3088.27
7040,1185,3,10320,289,1585,3010,467,3738.91,131.36
7041,1269,1,11025,644,5338,934,58,1725.3,5799.91
7042,1627,3,11600,9,1684,1527,453,905.66,9152.03
7043,1810,6,10038,69,6091,3554,60,2517.91,7971.82
7044,1847,5,10216,568,7863,1264,203,1979.27,1880.05
7045,1902,3,10653,201,6285,1990,361,4915.22,6774.27
7046,1581,6,11349,487,9343,3868,245,1951.33,1296.3
7047,1298,3,10862,93,8449,2752,255,1782.51,6478.02
7048,1576,8,11600,619,6610,4991,433,520.89,4247.4
7049,1194,5,10514,417,6535,2301,260,470.32,7455.0
7050,1037,4,10618,509,7793,1850,68,3914.98,1726.84
7051,1373,5,11390,440,4202,1637,310,3980.19,9872.21
7052,1170,1,10686,128,5353,3574,166,4020.98,8502.49
7053,1295,6,10546,358,675,4396,473,3690.43,277.64
7054,1547,4,11853,483,7720,3223,244,911.52,9420.72
7055,1131,1,10806,570,2453,903,294,1811.88,2882.55
7056,1077,8,11564,269,9199,4848,295,727.2,3453.92
7057,1799,5,10150,85,8425,2201,81,4192.82,8863.19
7058,1811,7,10567,28,8548,3456,265,4186.05,7583.97
7059,1031,8,10339,115,4149,942,206,4714.81,5452.17
7060,1904,2,10426,250,737,3911,387,3880.85,8553.21
7061,1930,6,11754,138,3861,515,94,2548.97,6534.2
7062,1628,7,11626,281,7507,2804,289,751.22,5166.42
7063,1811,8,11593,600,6596,2233,181,889.49,5903.67
7064,1300,3,10160,168,5424,2131,83,2127.27,1187.57
7065,1209,6,11299,47,2688,4612,191,4874.28,7606.9
7066,1179,8,11504,245,3058,1450,198,3586.29,5345.25
7067,1312,6,11447,368,647,3468,340,4382.4,9601.99
7068,1681,6,11101,340,3821,2991,354,3743.36,4694.08
7069,1161,4,10245,227,4126,4046,324,2955.98,8826.22
7070,1654,8,11219,692,2577,1239,166,3817.49,7826.26
7071,1141,1,10891,63,6607,3542,155,3678.57,2729.08
7072,1073,4,11086,179,6877,4604,221,3667.99,734.74
7073,1731,8,11863,137,249,2201,436,1461.96,2696.36
7074,1974,2,10990,569,8968,2108,6,2424.38,3718.87
7075,1485,7,11896,47,1192,3228,387,185.64,1488.48
7076,1295,1,10906,247,973,2625,269,2711.52,4883.28
7077,1192,3,11629,294,2578,3266,497,1326.54,7897.44
7078,1160,7,10565,552,9453,4058,427,1798.01,8349.4
7079,1867,3,10340,141,2496,3021,5,3074.22,7281.49
7080,1499,6,10500,493,3234,4011,436,928.4,8251.74
7081,1978,5,10939,177,8068,118,376,2379.77,9001.06
7082,1632,8,11881,387,7381,3768,95,164.17,2553.72
7083,1668,6,11895,385,9497,1986,238,3938.65,8588.12
7084,1593,3,11647,401,2800,1885,131,3144.05,7614.16
7085,1366,4,11696,65,3558,3134,255,3416.57,8389.9
7086,1654,5,11512,497,3394,3253,217,2095.32,9271.77
7087,1921,3,10799,370,4098,23,500,3103.56,5207.28
7088,1592,4,10588,643,685,2632,232,4225.83,5145.49
7089,1509,3,10885,698,5374,4229,457,1829.4,2904.36
7090,1235,6,11205,289,8522,4295,495,1676.43,3176.2
7091,1713,2,11005,676,5925,1885,246,565.78,148.46
7092,1771,7,11965,385,4717,731,252,2311.94,5375.7
7093,1708,1,11013,464,8633,1534,5,1934.32,283.14
7094,1220,5,11148,680,7077,2190,145,968.71,1217.71
7095,1334,7,10235,151,349,3644,123,4189.07,5248.36
7096,1962,4,10313,599,8298,3495,291,3198.39,2165.45
7097,1445,3,11834,39,7840,780,176,3997.58,1162.27
7098,1910,5,11950,275,7565,2565,240,1362.65,9419.7
7099,1165,1,10361,405,8029,210,102,3835.31,7301.66
7100,1631,6,10615,480,913,1891,216,3057.13,604.42
7101,1274,1,11941,94,3661,2659,71,2775.43,5434.95
7102,1703,3,10685,348,6927,4501,11,191.84,5092.93
7103,1239,6,11273,482,4517,2165,311,993.67,2134.61
7104,1999,8,10142,498,8472,911,354,1262.16,9143.66
7105,1272,7,11727,211,711,2060,311,2929.36,1105.77
7106,1689,5,10121,620,2675,1152,353,4367.96,4934.18
7107,1200,3,11635,566,3713,3401,76,696.92,2208.05
7108,1384,3,10375,504,4870,2597,397,185.86,1027.01
7109,1618,7,10169,456,2073,1567,91,3425.88,149.6
7110,1462,1,10869,366,8256,3651,66,4681.55,2390.38
7111,1833,8,11334,386,1179,2816,213,1245.0,7155.02
7112,1996,1,11450,404,2040,4712,305,499.0,7446.19
7113,1178,6,10934,19,7256,3054,486,3055.79,1861.17
7114,1705,1,10126,531,9306,4604,266,3163.99,6264.09
7115,1432,3,10534,700,2219,4620,58,3786.42,1190.35
7116,1069,1,10138,198,4394,2558,377,1365.34,7927.84
7117,1709,6,11391,370,5111,3023,431,2264.69,5030.69
7118,1577,6,10343,357,1308,3665,289,1140.27,4785.17
7119,1430,1,10729,140,7085,4479,148,717.88,6785.85
7120,1165,5,11116,731,7762,48,478,2256.16,7432.65
7121,1091,3,10318,542,9602,1134,349,3131.98,9247.63
7122,1402,7,11654,495,3984,4283,402,2975.19,5224.98
7123,1179,7,11812,604,180,670,373,2126.93,175.47
7124,1677,8,11023,317,1210,2667,144,4502.38,9439.81
7125,1310,3,10139,450,6871,2049,2,2770.51,8495.91
7126,1488,8,11744,52,193,3737,219,969.32,1464.76
7127,1037,1,11952,528,194,2015,387,4886.42,7771.62
7128,1711,4,10835,91,2671,3621,171,3837.34,8921.24
7129,1076,7,11727,259,9041,697,194,3574.05,7629.75
7130,1284,8,11619,152,8723,1798,292,161.71,2092.88
7131,1877,6,11447,73,9027,4117,284,3250.38,3079.75
7132,1909,6,10910,127,9355,3777,472,4970.73,8970.85
7133,1581,6,10258,193,8043,1184,270,4889.58,9134.08
7134,1225,8,11470,12,4592,804,306,3842.87,6617.05
7135,1382,1,10655,493,2800,2093,76,952.57,7184.81
7136,1618,8,11533,559,6294,318,437,1359.35,9763.03
7137,1160,4,10398,441,9930,1520,87,2665.33,9186.33
7138,1351,2,11096,6,9022,216,210,2597.63,3189.72
7139,1158,5,11081,37,8050,1176,348,3993.15,398.66
7140,1107,8,11090,229,9276,4197,365,3559.42,113.51
7141,1440,4,10089,384,4140,2296,479,191.9,431.98
7142,1308,4,11073,582,337,353,258,3995.13,3001.23
7143,1969,4,11525,502,1969,3270,399,1122.1,2266.66
7144,1507,5,10676,108,9996,1013,331,587.7,7966.84
7145,1292,3,10826,345,3124,4649,490,322.56,3429.26
7146,1763,5,11387,391,4528,3480,381,883.29,2201.87
7147,1180,1,10991,456,4736,2461,259,4670.29,4107.12
7148,1483,2,11873,324,5901,2246,357,4209.51,7778.5
7149,1052,8,10844,309,6291,1431,345,3108.06,9389.72
7150,1669,4,11626,606,8026,4642,7,3224.58,9678.29
7151,1504,6,10872,174,3923,2977,75,1338.38,8331.51
7152,1613,1,11165,133,169,1146,136,2710.71,6766.23
7153,1098,2,10872,82,2260,3586,416,1398.4,2675.62
7154,1603,2,11057,377,7721,1127,30,1628.35,6706.67
7155,1192,4,11528,49,8730,2318,381,553.03,8559.32
7156,1470,7,11541,85,7076,303,208,4375.15,9756.31
7157,1402,6,10347,696,3968,2537,359,4681.58,6479.8
7158,1141,5,11997,136,337,762,88,3381.18,1105.45
7159,1146,3,11553,420,1283,1426,220,2583.5,5085.97
7160,1167,6,11805,333,6563,571,140,1645.44,5854.04
7161,1424,3,11128,691,9382,2507,84,4519.2,7096.56
7162,1902,4,10895,723,9592,1464,302,2787.89,4885.22
7163,1785,4,11847,292,7070,1824,133,1429.29,6705.84
7164,1570,1,11385,315,2804,4178,152,4523.55,3816.45
7165,1335,3,10055,548,8033,3430,197,1171.13,4039.4
7166,1371,2,11230,601,3838,2970,411,483.51,3745.32
7167,1556,2,11854,580,2524,4273,379,2146.53,3563.06
7168,1532,7,11544,659,7734,3970,471,1061.05,296.63
7169,1018,5,10699,122,3836,2152,348,2359.49,9282.94
7170,1279,4,10649,361,6829,3041,352,1525.59,5910.29
7171,1586,7,11900,262,332,4096,160,3960.47,1189.59
7172,1175,3,11388,249,2238,1923,302,860.76,3833.72
7173,1230,5,10566,136,9376,2049,11,2851.49,1191.29
7174,1723,1,11866,235,1446,2958,251,2884.12,8262.61
7175,1024,7,10082,66,4911,793,181,4991.46,6982.8
7176,1459,3,10614,731,2949,681,93,1792.52,6590.91
7177,1150,1,11112,98,7400,2547,355,4821.7,3248.18
7178,1226,2,10105,22,4393,4121,160,3037.79,3983.27
7179,1460,6,11550,588,4011,4266,172,1867.08,4174.9
7180,1112,7,10840,506,7848,2564,481,1393.77,6210.45
7181,1520,6,11934,601,3437,2086,232,4032.03,4606.92
7182,1630,5,10721,180,2437,29,354,386.08,5403.86
7183,1344,1,11940,512,6053,3078,477,1876.36,925.49
7184,1845,1,10340,584,2611,3373,268,1129.68,9506.71
7185,1147,4,11060,118,9936,2048,475,3802.24,1927.29
7186,1990,2,11691,411,1075,1694,369,312.57,7051.88
7187,1781,1,11619,131,8972,145,315,3275.38,6778.59
7188,1798,7,11414,603,4602,3774,102,4410.88,9422.8
7189,1769,8,11018,280,7554,789,358,144.47,157.96
7190,1359,5,10573,585,7850,3798,1,180.8,9581.68
7191,1805,2,11850,369,1665,1599,311,1484.99,4845.22
7192,1923,1,10053,583,8090,1917,363,4708.61,9431.69
7193,1565,4,11370,492,9422,510,134,2275.36,3486.75
7194,1520,7,10896,289,3537,1472,405,2379.97,648.39
7195,1956,1,10139,1,287,3632,176,3275.58,792.44
7196,1022,7,11106,500,1035,79,152,3158.61,2368.81
7197,1808,1,10753,560,519,201,212,1620.29,8097.11
7198,1132,3,11270,352,9560,2808,327,1914.64,1505.84
7199,1866,2,11545,263,3597,2487,286,1588.75,200.01
7200,1314,1,11491,382,1598,450,218,1056.59,2597.56
7201,1878,1,10968,95,5362,1886,398,192.74,523.71
7202,1483,4,11704,725,440,4927,40,4600.98,1195.91
7203,1273,2,10544,540,7994,2282,472,1137.64,1835.32
7204,1153,1,10350,375,8425,1037,83,1356.26,8738.77
7205,1953,8,10087,285,4712,1734,414,2902.59,4173.4
7206,1882,7,10645,617,596,3882,135,1559.26,2420.84
7207,1943,2,11441,434,9803,4163,46,3848.42,6288.4
7208,1192,3,11839,353,5200,1932,74,2966.06,4500.37
7209,1789,7,11284,155,7453,2597,29,4413.86,5690.6
7210,1967,8,11115,97,5481,1092,143,1243.82,2891.08
7211,1387,5,10812,75,5503,3211,109,389.16,9420.61
7212,1434,7,11444,435,7750,3561,4,4758.98,3610.02
7213,1534,3,11737,400,9905,2086,222,3829.94,1673.65
7214,1802,4,11377,403,993,1776,288,1583.16,5578.95
7215,1869,7,11570,503,9090,3810,86,3926.84,4421.4
7216,1035,6,11381,705,1037,4766,401,1827.64,5692.53
7217,1290,2,10057,326,8034,539,162,2793.01,5029.27
7218,1631,3,11679,117,2901,1442,14,254.38,6346.65
7219,1081,8,11326,177,5817,2319,468,2138.91,4218.84
7220,1451,1,10486,290,547,4069,411,4568.17,6850.92
7221,1166,3,10990,497,3654,4068,460,2209.88,8184.88
7222,1185,4,12000,278,4705,4656,473,3082.55,5616.99
7223,1901,3,11747,17,1368,3377,105,2994.71,8829.69
7224,1281,3,11160,4,3231,4483,286,4506.49,6963.71
7225,1193,3,11670,152,602,1033,483,1944.1,1507.6
7226,1510,3,11737,575,155,4681,199,2488.27,8550.23
7227,1218,2,11672,568,6568,1011,396,1468.15,9515.54
7228,1170,1,11846,396,5534,1024,152,3909.24,8391.09
7229,1365,3,11889,334,9198,2427,136,2932.94,5646.35
7230,1971,6,11528,364,4625,1063,35,1525.57,6716.26
7231,1460,7,11240,231,8628,3440,386,227.22,415.36
7232,1897,7,10388,330,7436,4706,127,321.06,2190.63
7233,1724,3,11289,526,2618,1777,261,2842.99,407.02
7234,1262,1,11660,296,4902,1217,399,1051.65,9754.21
7235,1192,2,10115,477,9402,1978,435,227.37,2536.05
7236,1222,3,11044,340,5022,4660,204,3610.14,6546.53
7237,1171,3,11376,454,1436,3035,97,4268.92,659.85
7238,1913,7,11518,38,592,1787,231,4868.65,1193.33
7239,1001,7,11835,513,3633,1476,115,441.89,4654.21
7240,1575,2,10469,542,682,3203,56,50.29,8310.91
7241,1705,3,10756,283,4940,3886,124,4329.73,5842.95
7242,1903,2,11573,659,840,789,200,2204.79,8231.74
7243,1208,7,11474,330,7936,3432,436,1007.2,5048.97
7244,1314,5,11294,379,3616,392,335,2532.98,6576.6
7245,1215,8,10052,262,4345,2849,81,2965.83,9052.36
7246,1370,5,10313,194,6686,4246,313,1665.04,4057.46
7247,1608,5,11885,199,7431,1146,457,4178.13,2910.17
7248,1032,2,10068,169,3219,1291,118,4778.13,4943.46
7249,1954,1,11174,76,6933,2630,247,4923.69,4725.23
7250,1150,5,11724,285,4179,3329,309,3534.68,9217.71
7251,1465,8,10020,133,5256,2094,434,2881.45,1279.1
7252,1895,3,10243,730,477,1011,231,3818.66,8574.81
7253,1149,4,10755,294,1543,2786,381,3617.13,5184.55
7254,1568,7,10047,40,5567,4717,76,3325.32,9821.92
7255,1429,8,11165,64,5611,514,492,124.52,1324.79
7256,1037,7,11685,164,2548,1608,19,727.08,631.5
7257,1802,5,10771,583,8471,3371,351,3287.48,6308.08
7258,1268,2,10461,623,7451,38,202,3174.53,730.63
7259,1152,1,10038,647,4420,1108,238,4892.81,1183.94
7260,1996,5,11432,320,1745,4017,353,3061.69,5733.89
7261,1415,7,11419,650,8956,1073,436,283.34,9579.36
7262,1463,7,10004,485,857,2362,375,4471.71,9652.09
7263,1685,5,11605,294,6052,3366,116,595.39,2555.54
7264,1632,4,11427,649,4504,2736,53,1223.35,5628.48
7265,1426,2,11692,275,5179,4956,39,3249.47,677.86
7266,1114,3,10878,674,2557,385,190,1869.66,1738.54
7267,1781,4,11760,302,9829,4780,368,605.45,2985.93
7268,1740,1,10517,95,7340,3833,417,4215.8,6876.14
7269,1122,8,11133,479,3104,2113,186,494.39,6895.23
7270,1796,1,11346,211,4051,4660,401,4349.97,2582.81
7271,1298,1,11806,489,2075,1688,121,57.14,8968.06
7272,1838,5,11489,74,633,2114,352,2738.65,7217.37
7273,1515,4,11461,516,4038,2703,404,3911.99,2514.98
7274,1348,8,10271,18,850,92,341,4695.95,5944.91
7275,1126,5,11908,123,9059,2075,45,4163.61,5693.98
7276,1777,7,11466,69,848,686,85,4646.85,3475.21
7277,1809,1,10236,157,9085,992,332,3073.13,700.69
7278,1120,5,11407,380,7681,3962,77,1958.97,1238.45
7279,1931,2,10544,180,3618,2634,137,2348.49,3002.24
7280,1599,7,11955,158,4884,3880,123,4942.6,1440.39
7281,1628,1,11009,416,2711,2991,213,974.03,264.37
7282,1405,3,11832,597,9160,1826,104,70.57,5380.2
7283,1603,3,10747,40,8040,2413,459,4796.76,2993.13
7284,1935,5,10618,524,2651,265,245,2394.44,9290.28
7285,1504,8,11355,315,206,2956,401,3648.77,4263.86
7286,1232,6,10515,346,1370,407,17,4211.74,771.31
7287,1421,4,11553,333,2176,2519,446,4479.94,9896.43
7288,1258,6,10451,596,1586,2894,379,1459.34,3298.85
7289,1383,6,10133,539,6958,2660,115,1555.51,3090.15
7290,1216,4,11543,283,8698,3931,166,4580.19,7211.66
7291,1068,7,11220,122,8855,4818,289,707.6,866.05
7292,1871,8,11193,507,6819,2027,451,1715.19,6603.44
7293,1474,6,11040,469,2344,3558,346,2738.31,175.04
7294,1238,7,11688,267,6734,2189,456,4725.05,1069.0
7295,1581,1,11459,506,7679,3665,45,4389.06,8891.24
7296,1670,7,10430,271,3013,1780,438,3159.26,3747.55
7297,1924,7,11680,136,5992,646,427,2919.75,6317.61
7298,1036,4,11017,351,8609,1086,256,3320.0,2953.06
7299,1296,6,10373,203,3669,1981,453,3726.31,3073.32
7300,1711,6,11848,484,4186,2040,291,4251.86,8263.68
7301,1724,7,11820,588,9662,3300,415,691.42,5054.54
7302,1706,2,11913,717,1369,3485,441,299.96,768.74
7303,1947,6,10439,709,3736,3061,52,863.37,1787.76
7304,1727,5,11839,375,6570,2328,279,3076.84,9998.62
7305,1187,2,10624,46,997,2580,417,2831.7,6089.44
7306,1954,8,11123,262,2559,590,411,1772.32,4728.99
7307,1560,3,11060,432,9821,93,444,757.33,9655.85
7308,1180,8,10126,100,8094,194,351,3013.92,397.15
7309,1317,7,11215,678,6508,2592,424,485.07,2483.6
7310,1242,5,10287,430,1762,1080,458,1674.49,1556.93
7311,1647,1,11185,492,6618,1031,478,3464.02,8959.18
7312,1064,4,11250,301,4734,3294,430,1842.66,1322.46
7313,1129,5,11241,481,4409,2967,67,2465.23,4782.49
7314,1144,1,11462,669,1378,4266,23,288.24,3042.92
7315,1974,1,11407,446,123,1209,326,1679.51,1153.86
7316,1234,3,10251,378,1165,4865,313,1555.86,8749.88
7317,1301,8,11578,137,7890,644,485,621.28,4266.79
7318,1078,6,11121,192,5004,906,386,1346.74,8194.21
7319,1609,7,11611,464,1880,1617,459,2916.2,662.91
7320,1194,3,10004,568,1592,4045,146,3899.7,6297.56
7321,1521,2,10220,252,5408,1950,317,494.74,9238.17
7322,1131,3,11089,472,8470,1017,366,4393.79,9299.97
7323,1907,5,10770,474,7650,2206,457,2279.89,4272.58
7324,1284,1,11074,536,955,4342,352,2331.23,2467.91
7325,1208,5,11092,697,7201,1201,206,4795.57,185.0
7326,1246,5,10373,601,6919,3134,487,957.39,2784.01
7327,1661,1,11554,539,5139,464,224,4036.93,3843.26
7328,1258,4,11329,600,8458,4582,3,464.94,7393.88
7329,1365,4,11110,573,4462,4403,375,4681.63,5448.6
7330,1735,4,11658,274,8120,374,209,637.56,1758.71
7331,1306,3,11434,696,6827,4191,306,2836.13,1675.16
7332,1460,8,11606,244,2285,4239,92,4324.7,5376.15
7333,1279,6,10374,570,2653,2578,369,1384.75,7133.54
7334,1772,7,11202,222,1673,2055,418,185.37,4922.41
7335,1606,2,10538,16,5504,2504,143,3450.9,4865.37
7336,1017,4,11034,492,6750,1388,359,1682.22,8279.78
7337,1299,1,10907,592,142,1633,84,1728.75,2109.11
7338,1839,5,10398,462,3395,2310,412,1526.67,715.45
7339,1840,4,11275,355,1884,4872,103,3900.18,9084.68
7340,1420,4,10019,234,7107,4928,474,2814.77,7303.99
7341,1458,5,11644,468,1344,3739,407,1705.63,8151.06
7342,1658,8,11837,291,2073,4289,331,964.82,1366.11
7343,1938,1,10304,49,3953,874,420,4847.3,7789.8
7344,1673,1,10717,8,8936,2213,277,2609.98,2149.84
7345,1371,1,10688,435,4251,1817,129,781.67,2132.02
7346,1175,5,11567,45,2634,1185,136,4124.02,512.62
7347,1623,4,10229,47,787,3534,137,1010.28,9269.01
7348,1121,3,10406,144,5898,690,158,4518.86,777.55
7349,1755,5,11462,232,3417,4924,74,3355.99,4474.66
7350,1847,1,10905,139,430,2673,436,4246.67,2030.47
7351,1413,6,10341,301,488,3208,112,1061.39,2981.62
7352,1378,3,10139,298,6405,1248,50,2055.72,9548.02
7353,1578,8,10855,478,5104,2098,221,3305.82,7852.76
7354,1300,8,11886,484,9168,1363,232,4124.93,9734.23
7355,1257,4,11051,460,5143,4500,398,524.98,707.89
7356,1822,8,11829,10,498,1436,204,3087.33,9642.57
7357,1334,6,11950,60,3840,3807,473,2927.84,4309.37
7358,1892,4,11037,20,7331,191,281,1436.54,9393.56
7359,1647,7,11325,202,4852,4370,303,2785.29,8103.86
7360,1529,1,10642,567,1718,2360,198,572.13,7825.29
7361,1514,1,10922,105,7686,2661,464,2942.69,916.93
7362,1611,3,10017,717,2588,1772,1,1118.4,2521.93
7363,1800,5,10982,154,1759,4437,49,1656.92,6665.12
7364,1645,7,10688,573,7366,2780,9,4296.8,2657.63
7365,1102,2,10563,320,3211,2042,259,3517.56,3044.99
7366,1077,8,10093,440,5852,1294,262,3903.2,9184.53
7367,1059,8,10221,38,4795,3978,441,233.84,3698.81
7368,1828,1,11545,326,5460,1232,433,4116.74,4847.28
7369,1430,1,10022,649,9371,4935,380,1163.63,973.96
7370,1400,5,10730,20,1478,532,83,2492.25,4870.53
7371,1217,5,11599,51,9211,2771,281,4358.36,9488.05
7372,1201,6,11130,323,8223,4754,449,4623.63,4767.52
7373,1609,3,11654,530,8899,3505,19,3053.68,3522.42
7374,1889,5,10438,177,2365,3620,152,2753.62,9252.76
7375,1952,5,11450,548,4223,4278,21,1814.94,8258.85
7376,1623,3,10944,373,3504,4481,26,4219.91,5990.49
7377,1758,2,11100,147,5003,884,412,3845.08,7399.09
7378,1734,6,10135,493,6366,4073,318,1677.11,8773.78
7379,1163,1,11466,91,1912,1175,88,4422.88,366.83
7380,1105,7,10580,207,4125,1214,477,4654.67,1776.43
7381,1127,7,10959,580,2953,1281,42,4094.3,4829.97
7382,1550,8,10837,729,8835,3810,263,1212.84,4303.21
7383,1619,4,10135,222,247,114,188,4459.86,2961.47
7384,1596,7,10258,10,2095,1869,92,3772.98,7543.31
7385,1439,2,10145,727,3159,1894,237,2392.33,5033.03
7386,1993,6,11409,631,7890,1849,116,129.36,1854.14
7387,1546,6,11646,280,1783,65,42,2547.34,5948.97
7388,1918,6,10459,410,7292,274,27,2583.23,1510.07
7389,1096,4,11153,118,6640,2634,140,955.54,1622.54
7390,1535,2,10991,16,132,3390,350,1573.97,9504.8
7391,1835,8,10017,117,4503,971,390,1342.44,5280.45
7392,1199,6,11453,315,1809,1986,4,797.32,2903.3
7393,1626,2,11268,111,376,526,47,1371.2,1057.32
7394,1097,4,10448,158,6280,1530,452,353.63,9523.24
7395,1867,7,11564,364,9119,1952,428,311.31,7377.44
7396,1902,2,10710,724,2975,3684,473,2622.22,4818.19
7397,1614,1,10528,305,495,1902,452,2150.88,6205.2
7398,1972,7,10957,585,6075,4381,133,1826.45,1033.23
7399,1766,8,10213,152,2584,2027,309,3478.54,1392.75
7400,1818,1,10664,58,7831,138,206,4571.33,5700.54
7401,1448,7,10689,100,3099,229,66,4900.18,8822.1
7402,1895,1,11076,345,7726,701,324,1964.92,7294.47
7403,1823,1,11281,272,3674,1561,483,2537.44,612.61
7404,1644,8,11188,291,8086,3686,364,3167.02,9689.9
7405,1371,8,11213,249,5503,3882,216,2135.85,1599.1
7406,1115,1,10618,121,8464,2409,263,2678.39,2803.07
7407,1158,6,11029,537,1838,3954,493,4254.51,7176.31
7408,1328,4,11229,404,4573,2252,298,1052.91,6060.43
7409,1513,4,10139,587,2174,1965,403,4995.47,2297.72
7410,1726,3,11572,487,8576,2329,492,3938.09,9668.38
7411,1194,6,11086,586,2148,4589,35,339.94,2118.5
7412,1478,4,11907,223,6324,988,306,4229.78,9136.83
7413,1657,2,10151,301,8428,1577,310,3759.37,574.05
7414,1607,7,10550,217,5663,4434,403,1796.97,2540.77
7415,1632,1,10804,97,6013,190,300,3274.89,2391.98
7416,1684,4,10850,395,4695,2528,127,547.38,1705.23
7417,1207,3,11962,694,2357,3315,0,1783.44,871.56
7418,1497,5,10219,320,4517,1679,1,3817.25,5446.63
7419,1286,7,11399,637,5519,3705,50,3698.47,2450.84
7420,1703,8,11214,170,1185,1335,56,445.35,4156.62
7421,1487,6,10878,390,2031,3711,475,1235.36,7025.74
7422,1215,7,11304,314,3157,3104,337,3347.64,3517.25
7423,1305,5,10319,100,3614,2107,333,3194.39,5374.92
7424,1958,1,11957,263,2601,2751,359,2218.82,1101.63
7425,1219,8,11324,332,8553,1295,365,4397.24,2113.47
7426,1601,5,11143,730,6788,1856,113,821.45,8870.39
7427,1878,8,10873,192,7623,3342,464,325.06,1759.46
7428,1265,4,11996,663,2209,4260,450,2248.51,1224.44
7429,1377,5,11692,219,924,978,369,4481.19,9079.92
7430,1766,6,10236,356,5043,4570,48,721.32,4326.62
7431,1356,6,10312,106,3112,4910,73,512.04,7047.77
7432,1059,2,11522,683,6282,3851,272,463.28,4275.09
7433,1004,6,10891,671,4935,1273,328,2153.71,2796.83
7434,1763,6,11428,614,8269,3719,467,1936.55,3087.59
7435,1056,1,10400,23,9401,2296,405,3258.69,2386.92
7436,1572,8,11450,240,6180,2547,179,963.4,7789.38
7437,1681,4,11632,131,6191,346,353,3425.31,9768.41
7438,1199,6,10462,692,3572,1472,37,3386.13,5722.88
7439,1972,1,10638,638,6844,1915,195,500.3,2891.68
7440,1541,4,10762,731,2797,4137,426,750.82,4652.57
7441,1050,4,10114,22,1230,2326,285,2523.69,7319.32
7442,1074,5,11118,337,1164,3441,289,2142.41,2149.02
7443,1099,6,11002,218,7523,4504,49,2484.71,6595.96
7444,1623,1,10610,611,241,1808,79,3467.21,1421.6
7445,1431,3,11645,596,3165,2331,340,618.22,3074.52
7446,1792,8,11365,605,1546,4130,496,1509.36,4878.84
7447,1818,1,11128,409,631,3738,188,3033.11,6313.33
7448,1905,6,11558,592,2599,473,330,2275.25,1493.72
7449,1184,3,10626,185,2921,748,86,2934.56,5728.52
7450,1648,8,11667,670,7166,3672,122,3037.49,4419.41
7451,1114,8,11544,613,4926,1941,352,1993.97,3852.21
7452,1174,6,10917,533,6007,714,252,970.01,9538.52
7453,1775,4,10369,270,8415,2844,75,224.83,8010.65
7454,1762,3,10100,149,7752,333,407,3068.46,3139.48
7455,1955,2,10382,169,9768,3278,486,3442.53,1067.75
7456,1280,7,11173,165,9599,1119,310,3495.37,3765.34
7457,1997,5,11376,545,4690,4404,307,4088.07,1660.15
7458,1477,6,10767,47,4248,3410,282,554.19,1569.02
7459,1949,4,10992,470,9649,3057,493,1015.86,850.36
7460,1808,2,10494,578,1136,4401,216,1646.4,3868.42
7461,1093,7,11347,441,2637,3431,5,1847.11,8642.42
7462,1626,8,11627,370,9446,1409,358,3694.0,171.95
7463,1326,4,11408,69,1554,2244,84,2668.27,2168.29
7464,1496,3,11282,527,5506,2029,373,1925.12,4047.89
7465,1587,4,10704,142,6080,2789,86,1149.44,4572.38
7466,1416,8,10883,340,2614,1127,103,2154.75,7451.42
7467,1600,7,10228,241,3405,3124,274,2398.36,2633.84
7468,1020,3,11633,138,2868,548,294,3501.56,2997.94
7469,1457,6,11541,490,7558,3720,243,2097.04,4118.71
7470,1916,7,10138,691,3221,2006,33,935.09,2188.48
7471,1951,3,10716,19,7430,2779,262,4799.38,6574.53
7472,1765,2,11918,432,3487,2020,241,2518.82,5379.25
7473,1211,8,10517,460,7146,3721,315,480.17,9499.49
7474,1431,8,11227,486,7186,1095,436,1736.02,2408.65
7475,1146,8,10253,641,6649,1110,358,1592.75,2382.98
7476,1830,3,10638,619,3243,4835,391,118.75,3701.76
7477,1413,8,11761,272,4043,889,300,4985.91,3498.43
7478,1010,3,10430,719,4805,4192,376,289.98,4494.24
7479,1229,4,10558,509,8258,4869,321,497.13,4750.87
7480,1232,5,10593,228,6780,2607,122,2353.1,7094.4
7481,1630,7,10114,426,8639,4817,77,2051.95,997.69
7482,1085,2,10617,652,795,962,131,4120.67,2087.53
7483,1189,2,11353,616,5360,4041,90,2367.8,786.76
7484,1073,8,11244,115,7226,1170,390,4881.49,6293.13
7485,1489,3,11879,359,7127,3807,376,1118.96,6067.1
7486,1882,8,11620,260,5365,2751,151,3696.21,9727.1
7487,1347,2,11908,429,9298,1764,98,4739.86,1631.39
7488,1822,4,10140,83,2933,4530,293,1061.78,3325.19
7489,1183,1,10047,544,4725,3811,344,2957.51,6237.74
7490,1117,4,10972,422,8570,2739,113,4650.3,7603.92
7491,1122,7,11734,606,199,623,423,336.63,7127.52
7492,1950,1,11182,467,8245,988,498,1611.81,2520.5
7493,1255,5,11207,497,1226,250,229,4184.24,7595.88
7494,1216,8,10662,621,4185,4472,393,2216.46,2837.73
7495,1091,3,11902,670,3653,2826,268,1186.89,5973.5
7496,1693,8,11014,128,5662,3829,366,2161.26,7217.7
7497,1890,2,11122,250,7785,4899,36,4644.82,2249.3
7498,1817,5,10851,629,9039,474,162,4795.89,3892.38
7499,1387,4,11056,208,8528,273,56,2187.73,9377.33
7500,1039,7,10525,191,9587,2872,250,1952.47,1657.3
7501,1613,1,10975,474,2419,2926,493,4584.8,7162.48
7502,1404,1,11855,175,1981,4641,305,3231.76,4696.82
7503,1121,4,11424,543,7911,4144,212,4057.2,3437.84
7504,1662,6,11446,336,7857,3060,289,1011.16,3354.76
7505,1888,3,10215,616,3150,3498,398,245.7,7757.39
7506,1578,7,11514,648,6445,667,121,3331.69,4120.31
7507,1553,6,11763,180,8601,1491,154,2596.96,8679.37
7508,1283,5,11414,631,2258,227,2,2604.81,6514.91
7509,1884,8,11554,359,2269,1939,191,4452.83,7532.45
7510,1631,6,11108,248,6870,1049,429,2652.48,9502.73
7511,1349,6,10604,214,249,4046,342,1228.02,3968.6
7512,1559,6,11492,278,7374,2262,72,3171.06,9172.06
7513,1990,5,11692,130,4038,3587,409,1233.0,383.84
7514,1792,1,10516,357,2944,1106,369,108.91,4766.85
7515,1731,8,11985,281,7988,2581,146,663.2,6864.85
7516,1376,5,10789,425,6521,544,469,130.14,5077.81
7517,1651,2,11268,327,9493,1908,445,1858.58,1925.16
7518,1506,1,10457,704,7139,1424,235,4054.98,7230.3
7519,1086,2,11072,33,8086,4255,155,4589.02,9696.45
7520,1317,3,11316,489,3342,4008,175,4960.76,5371.0
7521,1100,2,11973,47,5409,1889,168,1750.59,3965.06
7522,1958,1,10063,525,3699,1501,126,4212.8,6155.3
7523,1257,2,11973,297,3544,75,131,521.71,4314.97
7524,1870,6,10905,724,5291,2600,275,3477.65,3684.2
7525,1272,7,10154,184,1879,4902,93,3435.09,3559.25
7526,1612,5,10871,592,4490,3314,306,1155.4,6309.7
7527,1622,1,11310,726,6351,2327,61,307.95,1631.25
7528,1713,4,10014,648,2915,755,457,3703.32,7798.31
7529,1263,7,10517,147,4588,3734,132,2222.89,7502.81
7530,1070,6,11936,256,6599,191,177,758.3,3760.85
7531,1008,7,11155,29,3799,3671,441,1069.63,789.85
7532,1855,1,11439,340,2566,2250,98,496.36,5374.72
7533,1476,1,10969,237,1745,4130,380,3882.23,1595.84
7534,1308,7,10957,44,8130,3134,208,4842.72,4951.28
7535,1627,3,11720,250,5898,1473,72,2728.8,2996.34
7536,1405,4,11790,536,9422,3482,72,4921.07,1714.11
7537,1950,6,11294,168,5595,2275,158,2862.27,9925.43
7538,1655,7,11497,370,9711,4970,272,3815.69,7746.44
7539,1029,5,11625,413,4424,4167,42,4771.69,6774.81
7540,1984,7,11705,593,4263,833,377,4616.01,7900.49
7541,1727,8,10417,22,4829,2908,402,360.2,2251.97
7542,1286,7,11966,96,1769,1428,88,1095.1,8515.26
7543,1413,3,11785,53,5071,2348,220,4207.49,3812.35
7544,1852,1,10554,307,9538,4832,25,991.31,5484.05
7545,1007,6,11696,436,2855,3420,67,1699.37,6702.52
7546,1044,8,10049,351,7058,3041,281,4582.21,8340.64
7547,1474,7,10977,701,3788,2873,389,1421.56,6964.3
7548,1885,5,11395,391,635,3676,391,1015.81,4774.16
7549,1895,2,11125,557,3192,4367,180,1715.0,7814.84
7550,1386,8,11432,227,7155,4458,301,4322.05,5021.28
7551,1007,4,10112,149,7543,870,382,1366.34,1176.34
7552,1870,5,10684,222,4572,3969,255,482.05,6664.6
7553,1966,8,10404,560,8549,1566,329,4481.82,4492.53
7554,1275,8,10416,461,2425,1388,70,2965.49,4450.68
7555,1550,8,10788,524,1474,4180,146,1009.46,5089.46
7556,1204,1,10614,400,5658,2892,152,1331.99,7679.86
7557,1325,2,10440,26,5889,1895,300,1327.77,7509.55
7558,1164,7,11043,666,7582,2922,207,3973.81,734.18
7559,1627,2,10190,238,5112,4945,235,1068.87,4516.27
7560,1931,8,11740,415,9970,4709,293,4770.33,404.79
7561,1233,1,11657,506,2215,4220,269,1414.49,679.55
7562,1880,4,10050,25,7579,2507,449,382.12,9617.7
7563,1485,2,10181,476,5525,3413,322,4824.66,8237.12
7564,1210,4,11689,283,9941,2734,335,4721.39,1568.47
7565,1021,2,10530,157,7689,1569,254,634.56,4344.09
7566,1508,2,11658,701,7636,627,495,3253.26,3119.81
7567,1834,6,10960,39,2216,1925,397,4061.38,3670.1
7568,1076,8,11127,360,2533,4438,253,1478.94,9814.16
7569,1872,4,11849,291,4736,3491,463,4712.63,4054.64
7570,1043,1,10057,296,8362,111,192,2709.28,7939.4
7571,1329,4,10047,606,575,3170,54,1764.83,2524.41
7572,1044,6,10433,136,1181,2425,18,3638.05,3429.09
7573,1640,3,11974,72,6020,1962,445,3542.45,1881.75
7574,1345,6,11715,613,700,3622,401,312.46,3150.28
7575,1171,2,11189,359,6272,4577,409,756.74,1133.33
7576,1674,3,11739,80,2304,3965,82,4335.25,7480.08
7577,1708,6,10340,467,9047,4385,396,3580.29,214.36
7578,1481,7,10413,415,7184,2976,241,432.57,3212.37
7579,1875,7,11377,561,7925,91,424,2429.36,1356.74
7580,1934,4,11805,677,1465,3009,29,1640.46,5193.82
7581,1178,1,10493,480,3390,4086,373,4155.76,9211.25
7582,1368,8,11054,440,3353,4753,149,4010.72,202.37
7583,1031,7,10855,560,9627,4415,240,1747.46,441.54
7584,1996,3,10094,291,5934,484,82,4445.99,8802.48
7585,1154,6,11261,559,2874,3006,45,1767.84,8827.07
7586,1670,8,11822,340,1329,189,454,1107.29,9761.04
7587,1910,3,11669,676,5752,315,4,3173.61,6933.29
7588,1482,7,10313,596,9538,3872,67,3010.07,183.11
7589,1131,8,11063,429,2515,2836,253,3789.27,7115.89
7590,1334,3,10901,366,7942,1965,14,548.95,1452.12
7591,1760,2,11476,231,3499,3402,267,2469.89,1714.76
7592,1086,2,11437,506,2670,3397,389,2152.33,9106.99
7593,1168,6,11585,102,7731,1970,418,1647.18,8103.04
7594,1953,2,10111,293,2922,3106,499,4902.73,4352.51
7595,1010,4,10932,333,4542,4452,411,1789.74,2732.27
7596,1213,3,11691,29,8552,2819,421,1512.06,8678.63
7597,1433,2,11169,178,7450,2514,348,1553.48,7372.14
7598,1558,4,10543,307,1372,1040,99,4766.49,350.73
7599,1099,6,10701,650,8593,2806,429,1100.42,3313.16
7600,1418,1,10061,315,5875,3015,264,879.7,3639.82
7601,1836,3,11712,307,124,1920,321,2435.07,5466.33
7602,1604,1,11790,652,3055,2626,489,2355.69,1159.02
7603,1033,4,10363,144,4622,2314,485,1225.59,4324.12
7604,1775,6,11704,330,9885,3366,328,1365.17,722.05
7605,1701,7,10133,247,3285,4223,377,4318.37,4850.27
7606,1790,8,10578,56,5347,3146,10,2726.54,8035.85
7607,1838,1,10156,500,5304,3456,422,3341.12,5948.92
7608,1639,5,10483,87,1408,3778,452,919.9,5364.93
7609,1800,3,11933,230,253,4594,117,2786.62,3527.91
7610,1984,7,10352,712,4568,2009,44,2742.46,6823.6
7611,1234,8,10742,461,4690,1553,296,4265.16,2918.44
7612,1496,4,10420,568,6051,2275,69,278.34,7300.46
7613,1917,3,11826,545,9723,1709,35,4713.4,1137.61
7614,1491,6,11425,320,931,2966,124,2392.06,4794.65
7615,1158,5,11930,710,5573,728,182,4579.07,819.65
7616,1604,4,11514,531,2677,3986,198,2682.04,9041.0
7617,1100,3,11841,629,1981,2199,196,1631.6,947.92
7618,1734,2,11575,672,2881,1457,218,4869.44,7938.68
7619,1376,2,10411,549,5844,2327,252,2489.49,9813.39
7620,1603,1,10903,275,2360,4310,202,3995.15,4847.86
7621,1497,6,10516,274,287,2900,308,3188.58,736.07
7622,1803,4,10119,198,9001,727,0,456.56,7970.71
7623,1426,2,10145,555,3534,673,100,3301.43,7475.17
7624,1547,3,11010,313,2232,4997,435,1807.11,4333.76
7625,1667,3,11340,216,9776,439,476,2150.53,8424.37
7626,1771,4,11545,692,6833,3493,452,2284.92,2255.93
7627,1548,1,10650,21,8744,680,401,156.82,1215.53
7628,1335,5,10004,167,7923,3509,265,2389.61,6947.74
7629,1639,4,10840,663,3638,4482,334,2614.44,3973.59
7630,1691,5,10964,103,8750,3419,173,2701.13,6188.32
7631,1922,3,10536,251,2505,2602,245,157.17,5023.27
7632,1010,4,11689,557,2866,92,465,3119.47,1631.86
7633,1049,2,10282,426,180,2283,132,3188.33,8347.9
7634,1873,2,10336,682,1217,464,338,4491.45,2187.39
7635,1997,8,10052,329,2226,3908,227,1257.24,4526.0
7636,1831,5,10295,619,5848,2512,485,1791.18,5841.75
7637,1506,3,10800,159,6662,503,194,4630.02,1690.77
7638,1622,8,11786,131,5891,4658,228,2942.95,8062.44
7639,1281,2,10448,259,7832,750,242,199.42,928.42
7640,1272,3,10448,391,6137,2032,235,1909.82,8910.81
7641,1375,1,11855,185,4436,4930,105,2173.45,2572.69
7642,1463,7,10911,159,2847,2781,433,4919.49,4271.19
7643,1628,2,11841,49,2292,2024,387,3276.3,4255.42
7644,1514,6,11403,417,1549,1104,197,2341.97,1654.25
7645,1628,6,11758,679,7425,2488,195,1252.61,2800.46
7646,1068,3,11128,114,6326,917,254,2479.92,6037.65
7647,1356,1,11528,58,9897,661,94,3446.87,6222.81
7648,1680,7,10907,693,1172,382,471,2872.71,6767.91
7649,1451,3,11193,19,2386,2205,449,488.42,7868.51
7650,1876,6,10493,578,5080,2846,144,1162.24,9586.26
7651,1919,1,10179,482,1314,388,66,2208.86,4461.29
7652,1224,8,11649,46,1211,306,137,3595.5,7978.1
7653,1066,3,10835,11,6114,3157,75,2002.66,805.51
7654,1958,7,11974,462,7210,2958,459,864.21,290.98
7655,1972,8,11600,493,385,2905,144,2570.41,6516.8
7656,1298,1,11336,553,1692,1724,439,4520.3,5598.83
7657,1781,2,10501,604,1477,2307,29,876.89,5463.13
7658,1470,1,10278,709,8474,1366,332,537.72,9656.47
7659,1772,7,11057,247,6360,4387,121,4820.92,5017.3
7660,1445,1,10682,145,4400,3674,267,1959.91,2353.96
7661,1416,6,10967,324,5069,2918,468,3881.97,8759.21
7662,1999,7,11289,410,7759,3999,188,1772.18,7332.39
7663,1911,8,10891,134,5435,203,243,1436.82,8005.07
7664,1231,2,11277,342,6591,1231,271,4889.23,4818.13
7665,1769,7,10869,456,4037,1151,406,4308.28,2095.08
7666,1001,1,11310,104,8226,4847,198,4129.48,2156.48
7667,1369,5,10779,669,7176,201,162,2459.53,8415.82
7668,1633,3,10482,707,9929,2574,87,2677.95,377.86
7669,1600,7,11313,534,665,1741,9,1746.1,3805.0
7670,1035,2,11577,276,1378,1181,218,757.02,1148.87
7671,1538,8,10916,198,7011,4618,119,4769.54,7137.26
7672,1232,4,10667,398,817,840,96,1705.12,7077.54
7673,1498,4,11880,190,7219,3789,263,2015.89,6239.81
7674,1562,1,11340,694,7906,875,23,1422.41,9847.13
7675,1954,4,10869,700,6229,761,160,4920.79,8133.93
7676,1812,6,10271,505,5018,2305,428,378.49,8026.2
7677,1763,2,10527,37,5677,2594,486,1507.41,5947.18
7678,1648,8,10939,110,9410,4213,91,4883.71,2634.3
7679,1391,2,10515,330,9838,4904,222,913.3,570.51
7680,1044,6,10924,436,9413,157,415,387.58,2760.04
7681,1838,7,11723,419,6673,3423,221,940.68,3325.92
7682,1349,6,10639,198,8180,2275,394,2906.05,1281.78
7683,1615,4,10331,95,9666,983,480,890.53,7429.77
7684,1501,4,11756,91,6272,1827,243,278.17,1871.34
7685,1278,6,11602,580,7444,3049,43,3242.66,6729.29
7686,1272,8,11406,38,6782,308,66,4710.74,5613.36
7687,1197,5,11618,91,2827,2483,183,2569.81,8862.23
7688,1222,2,11857,213,2591,792,188,484.04,7204.54
7689,1645,6,10505,225,7558,3884,27,2189.15,3547.91
7690,1802,2,11249,453,4266,4631,473,982.5,9823.88
7691,1370,4,11932,349,6454,3912,321,4656.71,3901.42
7692,1711,8,10610,169,2551,149,45,2435.42,9373.92
7693,1541,5,10741,681,4905,1737,279,434.41,9605.5
7694,1773,4,10088,694,9550,4730,459,2954.13,1010.97
7695,1061,8,11086,698,6012,4683,440,1705.6,4623.58
7696,1433,4,11862,248,3097,2594,265,1170.46,1392.08
7697,1532,8,10577,408,2451,1978,163,870.97,236.94
7698,1085,1,10624,680,3984,2330,433,2901.53,3307.79
7699,1132,7,10244,241,3452,3181,261,3726.86,9726.96
7700,1702,5,10103,23,3769,1579,482,3729.0,4836.3
7701,1308,6,11171,726,5917,555,342,973.45,9638.79
7702,1659,6,11481,612,5053,2098,6,3464.59,3948.02
7703,1198,3,10345,551,800,1679,77,4234.66,7249.83
7704,1526,3,10112,651,3943,1865,272,1753.75,2785.8
7705,1103,4,10204,472,1621,2229,359,3498.29,8890.76
7706,1346,2,10622,579,9640,400,9,1415.02,8704.68
7707,1917,8,10239,501,365,2193,201,3596.9,4014.65
7708,1570,7,10759,501,2880,1822,160,3220.74,7803.44
7709,1880,2,11779,287,4061,1886,444,2111.89,4714.35
7710,1180,6,10631,571,2243,3714,119,1249.22,9687.6
7711,1592,6,11636,691,9493,3483,225,4173.99,7551.38
7712,1317,2,10595,21,1486,1453,32,2495.93,3747.1
7713,1721,2,10201,500,1376,2848,169,272.03,9775.38
7714,1466,7,11972,225,9276,256,402,3679.66,1216.72
7715,1387,5,11113,165,9104,4742,342,2468.79,5869.31
7716,1064,7,11703,514,3349,284,217,1270.02,6814.37
7717,1962,6,11740,681,1737,2493,465,4377.67,9847.8
7718,1640,5,11782,648,1059,1549,360,3502.45,9209.6
7719,1119,6,11046,659,8117,3756,348,2503.45,4999.03
7720,1482,8,10358,201,2259,4460,395,2806.97,414.83
7721,1322,7,10917,582,4268,2478,195,1272.41,900.26
7722,1245,8,10996,356,5809,3179,164,4090.08,6186.55
7723,1513,4,11283,641,8009,4401,190,376.51,1361.04
7724,1881,4,10489,203,6549,2166,313,3544.27,4363.68
7725,1900,2,10486,725,2885,791,20,1853.12,8648.63
7726,1045,1,10999,18,2735,274,344,3744.87,2984.38
7727,1611,7,11797,173,6683,4178,471,3805.34,7573.95
7728,1595,8,10425,126,9144,3948,468,2951.64,4202.54
7729,1233,2,10150,112,6127,3178,47,2617.92,7882.14
7730,1053,8,11084,1,4766,4405,155,2666.4,3035.69
7731,1770,5,10046,387,1789,292,343,1907.81,6890.14
7732,1775,4,10827,384,1119,3250,79,3176.9,232.24
7733,1443,5,10933,691,5640,352,201,3495.48,5656.96
7734,1732,1,11270,65,6030,2521,54,1519.1,6235.62
7735,1073,7,10455,429,2463,2407,377,3217.14,6484.66
7736,1097,6,10026,240,5535,1782,258,4677.25,7300.51
7737,1889,3,10719,385,8063,785,306,3796.88,9705.0
7738,1237,6,11769,226,8874,708,269,1728.84,2855.38
7739,1177,1,10186,184,9934,1345,176,405.6,2525.7
7740,1106,7,10668,215,8263,1617,315,4736.81,1828.29
7741,1033,8,11884,273,1805,4862,223,4677.23,9340.89
7742,1266,6,10485,367,528,1635,103,3758.83,5172.03
7743,1645,8,10045,355,8662,3055,193,592.46,3661.98
7744,1507,7,10086,446,9162,4254,317,3368.76,8642.39
7745,1944,2,10788,146,630,4710,145,2592.6,7683.26
7746,1324,5,10591,630,5627,3252,253,2812.79,3486.25
7747,1453,6,11553,355,2048,3080,454,378.07,390.85
7748,1382,7,11489,468,1800,3286,64,2194.88,7520.51
7749,1825,2,10580,460,1472,2813,456,2597.46,7453.64
7750,1839,3,10573,325,4906,4294,311,3737.4,4544.81
7751,1711,4,11936,517,3009,3604,450,705.61,9264.44
7752,1855,1,11254,117,6642,1204,461,1783.41,6222.65
7753,1363,2,10470,469,1957,2241,244,3281.25,753.57
7754,1978,1,10032,48,6687,3655,347,150.48,5640.39
7755,1800,7,11964,309,3462,4283,153,932.26,610.76
7756,1020,6,10255,224,9928,3619,243,3400.09,3925.47
7757,1080,2,11437,458,1995,3546,188,3228.43,7392.42
7758,1693,7,10365,633,2145,701,446,432.62,2180.68
7759,1916,2,10701,723,5828,2927,321,2956.67,677.76
7760,1441,2,10224,204,9531,1079,342,1181.68,6045.88
7761,1582,2,11240,421,3796,1674,291,4578.2,2941.9
7762,1747,8,11639,591,949,2085,135,2817.54,9256.26
7763,1265,3,11137,619,1038,4519,8,2670.61,8208.66
7764,1926,5,10605,294,2444,4808,241,1020.51,2857.3
7765,1143,6,10313,546,8219,962,44,1591.15,4623.27
7766,1502,4,10981,83,3877,3145,307,1718.71,5223.96
7767,1375,6,11761,350,7610,1937,391,1059.71,6166.24
7768,1232,7,10675,514,2100,2314,412,1489.53,1220.74
7769,1694,1,10935,20,3107,43,252,4297.56,7873.9
7770,1160,2,11966,515,3064,2534,261,407.54,9842.81
7771,1014,2,11037,192,2602,2353,0,4836.49,9365.25
7772,1351,3,11689,644,926,1061,106,772.84,2815.14
7773,1170,4,11454,230,7068,333,473,4066.07,9240.07
7774,1484,2,10666,94,8973,2391,59,2483.62,8904.56
7775,1023,3,10647,306,6050,2704,353,2326.42,6729.79
7776,1699,1,11461,713,9960,1808,207,1920.31,7430.01
7777,1528,6,11079,398,2330,4299,76,1216.87,9824.01
7778,1439,1,10582,699,4053,800,75,3076.55,6232.14
7779,1293,5,10812,338,4866,2621,0,2640.92,5001.0
7780,1239,3,10347,574,8371,2971,248,4017.76,5122.77
7781,1524,8,11594,130,8521,4610,234,3093.44,5838.93
7782,1500,2,10872,496,2725,1357,445,4300.15,7661.96
7783,1913,8,11367,444,9537,1683,43,339.15,6932.09
7784,1407,4,10457,179,6461,3662,27,77.77,604.25
7785,1138,2,11173,275,9242,2896,499,4469.95,9801.86
7786,1801,7,10566,120,2460,599,46,3164.39,2273.82
7787,1555,5,10273,450,4383,1683,359,2534.83,852.95
7788,1875,7,11454,644,576,1623,179,4478.87,3542.82
7789,1537,2,10103,377,9145,4788,345,3341.78,3217.02
7790,1892,1,11022,143,7439,4422,391,3204.09,3158.67
7791,1977,1,11687,687,1700,3114,13,2442.74,2978.49
7792,1511,3,11192,515,5038,2963,145,4407.27,5231.43
7793,1954,6,11069,217,7301,1952,452,763.42,2803.17
7794,1817,5,10889,488,3154,4110,499,1118.85,6904.6
7795,1997,5,11344,712,3980,3051,146,2785.11,3084.9
7796,1081,4,11668,639,1483,1431,440,1300.29,703.57
7797,1660,5,11773,278,1974,4395,211,2801.47,5192.17
7798,1527,2,10753,157,2822,1489,250,3569.91,407.7
7799,1280,5,10254,143,571,2868,359,4792.72,9638.19
7800,1544,7,11634,599,5374,1308,175,4617.05,4732.15
7801,1160,7,10819,85,3483,326,188,4474.06,6930.48
7802,1155,5,11394,145,1824,2612,394,410.41,8834.1
7803,1174,3,11772,255,1414,4341,314,4898.45,1608.9
7804,1094,5,10779,637,7059,1402,278,3906.5,9337.04
7805,1627,5,10813,309,2385,3061,282,4320.41,2674.45
7806,1498,5,10621,413,1612,1360,351,3410.42,6771.74
7807,1384,6,11821,238,388,762,440,4951.86,4880.36
7808,1453,7,10757,7,3186,3566,217,4791.54,6713.03
7809,1697,5,11291,479,1953,1795,330,1720.32,6065.42
7810,1883,5,11813,252,4732,3340,466,4886.64,7951.24
7811,1938,1,10741,385,7390,133,164,2290.7,1544.32
7812,1803,7,11666,138,3166,1652,252,4115.74,519.52
7813,1458,5,10294,587,5532,93,54,2251.97,5682.19
7814,1403,8,11417,337,3486,4994,91,249.88,8304.08
7815,1352,2,11704,143,140,2355,498,3546.54,3740.26
7816,1185,4,10303,688,5265,3834,492,2227.4,8132.86
7817,1498,2,11704,346,2264,889,341,1125.61,1832.35
7818,1272,2,10885,137,4087,349,322,1444.06,8753.36
7819,1438,2,11513,271,6390,3151,25,1705.3,3436.55
7820,1951,5,11310,688,7389,1254,269,2741.01,5620.24
7821,1152,5,10775,405,1114,3175,295,2006.71,3321.95
7822,1062,4,11971,203,5128,1929,214,550.07,2017.71
7823,1609,4,11474,174,5496,1717,198,4923.15,232.77
7824,1504,2,11763,402,4741,1973,493,3931.99,5817.28
7825,1496,3,11876,648,8275,4590,23,2031.23,8301.58
7826,1825,7,11295,560,281,1695,337,4363.87,928.35
7827,1067,3,10990,645,3279,1698,232,850.92,1970.12
7828,1452,8,11430,387,4355,1969,38,4057.33,3204.69
7829,1268,8,11415,466,4479,1482,68,4433.48,3422.89
7830,1847,2,11510,126,1930,1229,20,1170.04,8561.37
7831,1965,7,11467,206,3059,333,315,449.88,5604.75
7832,1717,6,11351,587,1525,2439,176,2446.0,8509.3
7833,1668,2,11549,239,4085,4302,229,171.51,4078.58
7834,1793,1,11318,558,8962,1287,137,1448.37,3719.43
7835,1266,6,11246,334,4713,2678,91,3013.36,7582.99
7836,1625,8,11101,505,1394,3063,343,3769.18,6367.22
7837,1819,4,11800,209,210,2873,374,4907.48,4981.99
7838,1643,7,11118,332,2912,468,32,4869.1,2582.11
7839,1582,6,10317,445,1876,1490,51,3496.25,4532.79
7840,1359,3,10064,442,8436,2622,213,4142.77,8389.08
7841,1441,8,10187,126,7703,2742,379,4744.45,7388.14
7842,1975,2,11884,431,2722,1301,177,3539.75,1301.56
7843,1661,5,10023,445,7264,2051,402,2872.56,5254.68
7844,1582,1,10448,28,6597,1921,439,2199.4,5756.36
7845,1402,3,10735,692,5986,789,28,1744.82,7953.85
7846,1566,6,11322,64,6590,4204,265,2836.16,4908.59
7847,1913,3,11134,333,3589,395,224,2178.54,6501.21
7848,1186,6,11173,241,5055,2838,298,4622.88,4288.75
7849,1046,1,11675,625,8854,3079,182,1810.13,1260.89
7850,1938,6,11923,331,1330,1001,378,4811.07,4128.03
7851,1758,1,10168,105,9337,740,269,1725.42,1463.38
7852,1147,7,10686,533,2342,3164,310,2407.39,4139.87
7853,1684,5,10824,407,5002,4351,220,3412.09,4002.59
7854,1531,1,10213,28,8311,3164,375,538.09,6292.6
7855,1546,4,11622,72,5654,1713,31,4819.12,8591.98
7856,1560,5,11921,468,9154,1318,128,1866.84,1056.56
7857,1316,3,10052,220,8491,3509,412,2440.54,2433.53
7858,1876,2,11381,662,7296,2939,280,3640.89,4129.58
7859,1656,3,11840,464,2813,3724,31,1106.13,7172.24
7860,1476,3,11658,534,6511,1108,490,2049.86,7791.46
7861,1037,7,11884,581,3431,4766,0,556.43,4076.88
7862,1917,3,10922,38,8162,2950,312,2187.52,467.13
7863,1231,1,10687,399,6436,155,335,2604.18,5476.53
7864,1261,2,11668,131,9865,4216,297,4140.02,2598.5
7865,1232,8,11295,589,1362,945,423,3557.41,9131.32
7866,1176,4,10278,373,4187,1713,121,3584.42,7107.86
7867,1811,2,10945,132,5197,756,128,581.29,6429.12
7868,1943,8,10987,444,4189,4448,103,4782.52,8068.4
7869,1626,2,10522,290,5008,168,391,3138.86,1276.89
7870,1657,5,11873,82,1808,3227,115,4782.23,7974.26
7871,1548,5,10921,579,3459,4138,202,4132.04,2642.4
7872,1397,8,10177,132,9611,4336,461,307.3,9546.65
7873,1615,7,11855,400,4466,4724,177,2140.66,4712.13
7874,1723,2,11149,28,5923,4210,255,1519.59,6276.5
7875,1227,3,10916,245,3799,26,124,1132.36,1879.27
7876,1402,5,11446,148,954,3580,156,2294.61,8638.74
7877,1391,8,10418,216,8313,45,365,3224.55,4440.7
7878,1127,8,11464,470,4421,2963,436,3254.0,8792.8
7879,1203,4,11045,542,7749,1208,241,2137.77,1610.1
7880,1797,6,11333,190,5146,1675,208,3659.85,6884.93
7881,1458,2,11161,330,8118,4470,68,946.89,5753.53
7882,1438,5,11726,274,340,3106,436,2605.24,5858.25
7883,1598,8,11178,246,9098,926,42,3361.28,6321.76
7884,1254,7,10594,616,3861,2760,313,4714.48,7355.28
7885,1555,3,11236,132,4338,4684,65,3834.17,411.9
7886,1710,5,10261,283,2052,166,33,2042.89,5633.76
7887,1628,3,10962,341,850,3363,71,3588.23,920.09
7888,1311,2,11264,715,491,1937,366,1032.84,7128.53
7889,1284,8,10861,137,4562,4391,72,3667.29,5070.89
7890,1859,6,11503,577,2189,2945,255,1031.29,9976.69
7891,1866,2,11998,696,1352,2200,139,436.07,9652.94
7892,1635,4,11848,375,3536,1430,56,4680.68,4723.48
7893,1653,8,11309,575,5110,1552,146,4055.54,269.85
7894,1613,1,10711,348,8961,516,214,4756.33,272.36
7895,1261,7,11347,85,1132,1917,364,4992.37,5611.31
7896,1832,6,10095,648,5834,523,313,3795.38,6049.06
7897,1276,4,11631,169,1441,1125,137,3309.44,1100.6
7898,1105,2,11335,411,6895,2723,218,4063.01,890.96
7899,1762,6,11551,593,4730,4767,286,4948.22,1901.61
7900,1614,6,11674,575,358,3491,446,2272.11,6660.37
7901,1216,6,10220,182,806,578,383,103.76,6163.33
7902,1911,6,11880,219,6725,1875,117,836.93,7407.42
7903,1394,6,11746,676,8621,3965,229,2271.93,7029.64
7904,1939,8,10317,726,6990,4700,51,3261.88,7808.2
7905,1670,7,10348,55,7061,2923,121,806.62,6593.57
7906,1971,6,10895,547,6563,2693,185,3397.5,181.51
7907,1205,3,11212,218,4197,85,390,2425.03,3624.55
7908,1098,8,10995,508,4012,3834,187,3683.84,3265.96
7909,1068,5,11652,712,2314,4648,298,815.88,1870.67
7910,1793,4,10132,205,9151,107,128,3309.26,669.8
7911,1933,7,11955,131,4256,253,419,2116.85,3722.89
7912,1257,5,11376,188,3801,3930,41,4633.45,2281.93
7913,1904,1,10388,669,3800,1988,243,901.88,2018.23
7914,1432,5,11350,416,9379,3983,338,638.63,7650.19
7915,1657,3,11324,8,1460,319,444,4830.61,6831.53
7916,1345,1,10025,497,6547,2261,89,949.74,6311.28
7917,1783,1,11191,503,7503,2785,139,3453.44,5132.92
7918,1457,5,11682,678,7311,1936,82,2725.7,8248.8
7919,1272,7,10688,249,4416,4365,1,901.08,5606.12
7920,1193,8,10974,114,8017,1130,434,4710.41,7921.67
7921,1004,6,11415,593,5966,1196,78,4193.56,8723.21
7922,1097,7,11296,145,2908,2107,281,59.71,5452.61
7923,1018,5,11022,405,531,2747,221,4450.0,6812.22
7924,1102,7,11537,160,5160,4174,209,1634.74,6799.44
7925,1763,3,11299,374,479,3424,420,2262.9,157.49
7926,1479,3,11332,117,7061,2144,240,2368.85,3180.69
7927,1206,4,11349,617,4685,3496,58,3426.67,1067.5
7928,1367,7,11681,216,5614,1626,41,1001.98,6365.92
7929,1710,3,10540,283,3140,1875,0,721.31,267.26
7930,1605,6,11063,138,3342,2300,210,4724.98,7556.17
7931,1363,4,11655,483,8142,1133,453,1816.47,7137.46
7932,1463,7,10159,399,6743,2971,486,2541.38,1704.05
7933,1958,1,11066,26,898,4673,333,3698.28,4432.66
7934,1777,7,10322,233,3883,2615,245,4374.28,8718.11
7935,1577,3,11312,578,4594,3273,458,1364.41,1884.32
7936,1952,6,10029,620,8506,4194,174,3617.05,9294.22
7937,1341,8,10974,509,5336,1647,421,182.61,3733.59
7938,1373,4,10919,404,3680,370,7,1092.39,5756.92
7939,1136,5,10960,553,4995,3294,433,4598.55,1140.97
7940,1402,5,11936,576,8819,3409,410,4461.22,5755.28
7941,1635,6,10350,142,7205,3019,229,4833.57,6301.37
7942,1389,6,10975,123,7495,2305,188,4727.84,8347.68
7943,1927,1,10925,537,6243,994,407,1630.86,5806.7
7944,1841,7,11493,173,7725,3714,329,4398.76,258.26
7945,1961,8,10671,282,1216,670,495,2175.24,9470.57
7946,1073,4,10192,571,5672,517,202,770.65,1440.36
7947,1862,5,11378,113,4130,2745,284,4194.58,6683.3
7948,1677,2,10455,586,5957,934,32,2723.74,3740.24
7949,1068,6,11325,682,9829,3039,337,2110.74,1279.54
7950,1823,2,11639,546,3309,2503,401,2992.79,1845.02
7951,1615,3,11244,583,8077,4936,107,1837.23,9717.49
7952,1421,6,11030,330,6520,4523,316,2325.53,5972.81
7953,1976,6,11648,487,8173,3284,455,4344.78,9586.94
7954,1698,8,11572,256,9861,3360,188,1135.99,1179.78
7955,1528,7,11937,397,4392,2250,371,2597.0,2347.26
7956,1001,2,10747,628,7972,2869,206,123.6,7882.92
7957,1206,2,10690,565,5096,447,377,2796.01,9039.41
7958,1914,7,10063,36,8044,307,204,2686.8,3789.28
7959,1277,4,10497,623,430,80,140,2548.93,8718.07
7960,1417,4,10427,86,3492,2130,485,1405.19,1730.71
7961,1315,3,10503,465,6533,2176,121,1312.03,6938.85
7962,1548,2,11875,473,2299,4154,478,744.58,4996.82
7963,1529,1,10665,536,7007,4719,199,1024.04,2483.3
7964,1831,8,10556,237,3798,162,404,880.66,8117.99
7965,1064,1,10342,259,2126,1632,320,1849.7,458.21
7966,1399,6,10635,719,4700,1875,333,2806.1,6160.91
7967,1558,8,11201,585,9261,4694,388,2047.44,359.61
7968,1378,2,10785,17,4137,1516,495,3458.82,6598.94
7969,1127,1,11834,189,6788,4781,174,1467.34,7086.58
7970,1148,6,11489,393,4925,3664,410,161.24,7884.33
7971,1264,4,11164,135,5190,1393,232,4571.85,2291.71
7972,1155,1,11428,32,7629,3347,71,4588.03,6727.37
7973,1329,5,10352,645,2118,4333,163,4231.54,2492.76
7974,1727,6,10265,616,3596,3006,227,4286.46,5608.8
7975,1642,7,10428,639,2064,1878,345,4641.76,5931.53
7976,1579,2,11746,83,9945,4243,417,3207.14,1553.07
7977,1240,5,10148,644,8664,3014,469,386.04,711.32
7978,1978,4,10196,306,1741,1116,274,3348.06,2809.34
7979,1672,6,10919,479,9757,143,24,1839.2,4609.91
7980,1009,3,11146,616,3800,3083,385,3366.7,6737.92
7981,1727,3,10759,290,4016,1298,455,1189.48,8494.95
7982,1893,2,10363,677,5622,247,150,1558.24,4489.72
7983,1920,3,10010,654,2551,3666,64,2296.92,1766.02
7984,1535,2,11960,663,321,3704,63,2866.7,9331.39
7985,1900,4,11673,146,9851,293,464,1091.56,5956.81
7986,1263,4,10563,35,3611,4987,220,3899.2,2757.75
7987,1268,1,10344,711,8743,1026,261,2711.14,440.08
7988,1264,7,10903,174,7977,4830,269,3675.13,1192.26
7989,1257,1,10772,181,7584,2956,216,3106.28,8252.35
7990,1643,2,11587,265,6389,2728,399,1967.7,7081.47
7991,1587,4,11156,686,1110,410,8,1480.98,5499.82
7992,1542,8,11593,454,5709,2562,208,1978.43,4005.23
7993,1871,5,10074,419,502,3683,452,4385.1,8821.26
7994,1603,8,10363,374,4902,4400,411,3071.39,8502.39
7995,1392,6,11788,641,3604,2149,71,548.79,1369.38
7996,1066,5,10393,550,1964,3565,228,4223.64,4224.32
7997,1111,2,10647,89,9008,3394,205,3376.34,3282.84
7998,1647,4,10734,552,4437,479,274,2809.56,684.09
7999,1228,6,10897,577,6591,1866,180,2198.54,7050.65
8000,1561,3,11566,688,3392,1183,383,2516.72,5754.58
8001,1161,8,10826,176,6867,4113,25,4790.91,8408.38
8002,1433,1,10077,404,7596,2459,480,2775.4,6290.5
8003,1621,2,11486,446,8225,3444,113,1535.7,6817.69
8004,1336,8,11723,642,8319,2652,340,2702.72,8521.51
8005,1745,5,11887,339,6839,3619,337,1302.25,5812.95
8006,1539,4,10238,26,2821,1659,262,4902.48,4160.29
8007,1835,2,11776,354,1580,2163,197,1012.12,9897.95
8008,1285,3,10082,693,1524,2605,480,1058.04,6752.8
8009,1868,1,11182,376,5666,2988,281,614.05,8049.48
8010,1697,2,11058,331,9650,3152,321,4413.42,9302.68
8011,1476,2,11117,516,8787,2906,197,1295.89,4981.46
8012,1325,2,11215,484,2451,4763,65,1965.15,4235.69
8013,1014,2,11720,166,7073,2683,88,150.31,7644.88
8014,1449,5,10524,402,9600,2423,301,2379.77,3293.72
8015,1923,7,10583,538,2485,2556,433,1350.18,4681.52
8016,1968,8,10567,166,4030,1053,450,3787.67,4631.99
8017,1425,5,11382,724,272,3192,191,1294.1,580.4
8018,1089,1,11612,617,3051,164,7,1564.56,7253.16
8019,1372,4,10182,654,7248,1424,166,140.94,7954.46
8020,1690,8,11425,513,4099,3949,423,81.36,9245.11
8021,1730,4,11483,155,8097,3724,416,1538.29,6303.85
8022,1980,8,10911,631,1851,13,212,3637.66,3553.9
8023,1948,5,11993,595,4333,3941,435,1288.85,3575.01
8024,1467,4,11546,21,7694,1263,407,1538.46,4233.84
8025,1136,6,11981,185,4750,1941,22,3717.64,767.78
8026,1442,8,10398,462,6479,2613,337,1545.74,8439.33
8027,1632,5,10418,426,3704,102,53,1839.31,9997.23
8028,1161,5,10930,379,7964,3409,240,2800.67,8988.01
8029,1024,2,11748,545,4934,422,143,2077.56,9051.29
8030,1312,6,11913,102,4134,2798,108,3677.07,5475.75
8031,1330,6,11033,539,5456,1850,172,1269.86,6257.76
8032,1275,3,11502,41,2133,1854,57,1923.12,4020.71
8033,1593,6,10986,639,460,2330,275,4499.62,6541.28
8034,1882,8,10199,56,9487,576,78,1188.78,5237.0
8035,1433,8,11380,699,5694,625,116,448.04,5707.75
8036,1610,2,11731,257,6451,416,421,2326.62,873.05
8037,1395,5,11628,541,9344,827,424,2350.41,5629.76
8038,1788,4,11405,573,4894,2281,167,927.91,2620.13
8039,1196,3,11926,280,6754,3930,62,1770.81,3634.57
8040,1803,3,11604,514,3934,1597,500,3184.86,8950.96
8041,1702,4,10716,319,2596,2904,162,4862.18,1780.84
8042,1851,4,10990,464,8956,436,157,4120.43,2317.44
8043,1825,2,10164,684,2872,1549,465,1973.81,5370.46
8044,1097,1,11757,414,3676,2455,265,4148.48,6367.09
8045,1943,3,10423,585,4338,60,403,538.72,857.53
8046,1811,8,11943,220,5028,1409,9,3348.44,9939.86
8047,1137,6,10745,6,8875,3584,339,943.27,7588.93
8048,1632,4,10153,363,4903,2143,288,3404.35,5685.17
8049,1649,4,11657,201,851,115,369,2745.25,6019.32
8050,1676,4,11238,725,8751,454,463,3061.8,7264.35
8051,1317,1,11491,543,3592,2966,355,4752.26,4326.78
8052,1953,8,10943,525,3528,3063,126,719.58,6877.14
8053,1553,1,10283,426,1871,4755,70,2100.47,9086.38
8054,1026,5,11085,398,5300,4790,395,4270.75,1173.06
8055,1268,3,11156,114,3461,3664,304,185.38,350.53
8056,1456,8,11639,511,5624,2817,409,605.9,3733.62
8057,1550,4,11097,217,2396,3025,160,235.08,6902.3
8058,1142,1,11793,253,4716,1353,49,2925.55,2391.91
8059,1608,4,10365,555,4946,2083,43,1545.37,4990.58
8060,1544,4,10215,372,2050,4465,16,263.65,8668.19
8061,1786,1,10362,475,3774,4050,494,613.81,2317.58
8062,1977,4,10660,250,4833,4568,137,1965.72,2017.78
8063,1259,1,11893,511,3965,3098,313,3555.16,7677.91
8064,1945,1,10965,515,8781,2878,380,1939.39,1515.68
8065,1232,2,11046,442,9852,2463,26,3644.54,6144.51
8066,1829,5,10742,92,7796,2975,141,1014.45,3430.36
8067,1972,5,11287,366,9820,2771,292,3303.76,8634.43
8068,1448,2,11919,121,7183,2026,298,1504.53,9591.37
8069,1209,6,11473,594,2820,362,397,852.64,575.65
8070,1460,3,10145,387,4386,246,305,2251.67,560.49
8071,1068,4,11321,115,6142,1143,359,1353.36,7640.55
8072,1874,1,10749,536,6287,1830,283,4394.46,2317.51
8073,1046,1,11387,523,1730,4680,22,3148.23,2368.55
8074,1587,4,11753,58,735,725,229,1439.53,6397.53
8075,1439,6,11930,535,9517,4801,384,3748.56,1016.1
8076,1702,7,11997,375,9359,2304,149,4603.62,9592.47
8077,1633,5,10898,194,9836,2528,198,570.75,8604.73
8078,1904,8,11956,166,5670,4504,202,2229.6,1665.69
8079,1017,2,11728,91,1831,3808,427,1046.54,9997.77
8080,1855,8,11406,402,2887,673,172,1680.74,8385.31
8081,1159,5,10172,528,6272,4547,485,4833.63,2138.96
8082,1168,4,10977,511,4966,3201,330,1330.64,3559.44
8083,1134,1,11223,248,5094,3055,283,3372.37,5676.5
8084,1188,6,11644,10,5596,3417,72,1561.28,9858.72
8085,1484,3,10140,625,5928,2793,257,4346.01,2535.59
8086,1163,4,11926,506,3671,1527,271,4855.93,8570.72
8087,1547,5,11906,622,8436,2167,24,875.03,6929.13
8088,1809,3,11709,101,1787,1485,362,4401.88,8299.31
8089,1401,6,11854,292,6831,3971,155,4673.53,2002.92
8090,1881,8,10810,180,6867,696,143,1414.26,7326.94
8091,1672,6,11541,175,993,3235,335,1697.98,3731.37
8092,1517,2,11624,20,7914,4653,183,1327.69,2347.52
8093,1717,7,11773,729,2990,3998,383,1152.92,7820.49
8094,1066,3,10533,528,1266,2239,340,2031.12,9841.76
8095,1188,1,10839,662,158,3262,177,625.46,813.22
8096,1437,2,10549,646,3814,1740,241,3361.25,5279.44
8097,1190,4,10417,6,9710,3498,242,1079.54,4220.6
8098,1811,5,10297,666,9242,745,217,3764.11,3880.61
8099,1318,4,11438,40,2516,1046,252,4608.88,7334.17
8100,1344,2,10468,152,9599,3610,262,2867.23,433.52
8101,1370,2,11759,504,7388,4971,334,2558.32,7112.84
8102,1112,5,11001,166,8565,341,18,1276.59,2755.84
8103,1321,8,11413,436,5761,2722,112,4097.12,9025.16
8104,1761,1,11875,370,4552,907,219,1004.61,9650.52
8105,1940,4,10476,297,5988,3371,226,1716.68,4132.82
8106,1338,6,11467,511,6091,2197,213,2774.59,5253.82
8107,1866,8,10089,73,8341,3346,259,1603.25,7351.35
8108,1459,5,10099,341,6440,3219,212,3421.7,9174.28
8109,1755,1,10078,50,6921,2956,227,3902.07,7771.53
8110,1359,5,10538,68,776,1819,304,2974.8,3341.84
8111,1547,2,11099,209,770,311,467,799.97,6823.97
8112,1253,2,11719,322,9737,3794,335,3439.58,1293.48
8113,1714,4,10236,194,1878,479,379,337.29,3551.4
8114,1377,4,10921,381,7640,1264,407,3410.1,9897.92
8115,1242,3,11777,521,2524,2143,185,258.1,6974.51
8116,1770,2,11860,531,9252,3272,459,708.46,4602.7
8117,1088,1,11103,496,502,187,383,3324.64,9777.74
8118,1387,5,10098,389,3497,4576,60,2915.02,2078.83
8119,1883,5,11473,364,8060,3209,54,4958.99,6814.98
8120,1806,1,11166,192,265,60,91,2140.02,1879.28
8121,1239,4,11876,277,5328,4473,208,3317.82,8358.15
8122,1547,2,11650,394,4835,3312,319,1809.96,5488.09
8123,1535,5,11853,618,9514,2242,330,300.9,383.32
8124,1571,4,10312,130,1477,951,432,1829.45,5339.79
8125,1028,4,10576,83,9756,1297,362,2864.23,6793.18
8126,1742,5,10376,451,6373,4209,414,1769.82,7239.16
8127,1222,7,10877,227,2902,3844,4,83.81,1408.13
8128,1742,3,10521,552,8606,3448,0,4022.5,2579.52
8129,1595,6,10700,301,7008,2407,137,4218.53,633.39
8130,1995,6,10545,708,3749,1922,152,1991.86,1963.92
8131,1286,8,11723,654,3682,1359,400,801.34,3905.45
8132,1347,2,11684,373,2202,4180,99,2794.04,7710.7
8133,1310,7,11289,457,9343,592,478,4077.31,2093.77
8134,1351,7,10887,635,3738,673,57,1491.16,366.94
8135,1900,1,10812,324,5574,1120,106,1004.85,8382.31
8136,1780,8,11124,346,951,3455,470,4066.8,1710.29
8137,1387,6,10754,145,7820,4662,177,1414.49,1601.95
8138,1839,6,10945,563,8153,3856,166,1706.9,6147.28
8139,1859,7,11074,376,2450,878,70,992.26,6036.53
8140,1661,6,11294,397,6503,67,380,1880.36,2918.1
8141,1011,4,10521,488,4000,2046,332,965.91,5340.82
8142,1505,1,11283,649,6902,310,415,1906.09,9045.79
8143,1226,7,11092,699,8187,4577,256,2846.85,7045.85
8144,1063,2,11743,312,6135,3476,126,2539.71,3570.95
8145,1305,4,11926,716,6684,299,142,2404.92,4531.43
8146,1472,6,10908,551,3496,2653,221,4738.59,6826.63
8147,1296,1,10067,284,7811,3434,223,4875.52,4752.22
8148,1484,6,11454,475,6719,2997,300,1120.2,2413.55
8149,1790,4,10971,257,977,1986,399,4126.55,8165.43
8150,1056,8,10933,436,8737,1728,463,4391.84,3551.67
8151,1923,2,10910,142,9595,3640,267,178.48,7842.79
8152,1600,7,11915,600,4859,2721,338,3453.19,9838.25
8153,1058,2,10591,520,3753,325,252,243.69,4619.18
8154,1568,7,10465,189,2855,2925,353,4296.38,1716.1
8155,1083,8,10245,3,7060,3141,149,3805.64,6161.7
8156,1523,6,11482,631,8668,2333,466,1143.22,9829.47
8157,1534,3,10974,482,543,469,466,628.84,1385.29
8158,1502,6,10065,455,1708,3737,346,556.76,157.02
8159,1500,6,11935,90,7517,2667,173,4564.7,8048.58
8160,1993,7,10411,618,9288,2280,121,882.31,9587.86
8161,1985,4,11443,270,1161,2595,30,3731.15,6667.81
8162,1188,6,11917,424,5836,2589,302,3027.16,7568.56
8163,1656,1,10550,435,9049,2267,488,3254.18,825.61
8164,1631,2,10534,323,9855,750,132,4088.38,7696.95
8165,1874,3,10078,245,5760,1748,16,3558.99,967.1
8166,1887,5,11271,402,4624,3082,212,436.78,7566.54
8167,1797,6,10044,471,5420,883,361,1883.19,6412.03
8168,1371,6,11110,381,3260,1671,423,145.38,5273.1
8169,1247,4,11862,594,4208,2483,223,1524.99,8138.5
8170,1284,1,11815,239,1436,1407,220,3428.33,6050.48
8171,1525,4,10931,624,8969,141,368,2340.35,4533.54
8172,1081,8,10942,696,6213,229,466,4155.56,5684.3
8173,1597,7,10429,39,6505,2044,256,2880.82,6191.79
8174,1201,3,10629,374,4763,1655,178,2520.27,6668.12
8175,1120,3,10584,270,2068,3725,277,4653.11,712.47
8176,1267,5,11891,635,3673,2315,213,1909.95,2288.99
8177,1960,2,10040,632,215,622,359,2037.85,1027.9
8178,1844,5,11703,603,5331,1861,374,4977.41,5292.21
8179,1251,5,11303,320,5353,2077,378,544.43,3227.35
8180,1038,1,11956,266,5812,3865,384,2030.5,6866.49
8181,1309,5,11252,27,9096,3515,80,4053.6,5057.95
8182,1275,1,11291,117,5806,2095,480,4571.33,2113.82
8183,1648,8,10429,271,4607,4059,411,4846.21,4547.17
8184,1802,1,11402,467,4552,968,112,2665.15,6619.03
8185,1624,7,10249,136,189,4132,197,1801.68,2241.58
8186,1017,6,11908,654,4123,2559,47,3826.47,9712.46
8187,1602,3,11632,270,8046,3459,421,3272.69,8694.03
8188,1183,1,10036,382,9823,815,16,4434.6,1032.45
8189,1914,6,11433,517,7033,4798,415,81.2,6510.17
8190,1740,2,11296,250,3476,1333,310,3978.44,8521.3
8191,1883,7,11127,86,5389,3478,412,4461.54,5691.95
8192,1796,2,10550,724,5340,1201,282,4928.35,5668.72
8193,1047,7,11689,462,1869,4007,246,210.43,8981.79
8194,1217,7,11858,203,4747,1307,214,1626.91,2330.93
8195,1248,6,11052,251,6278,896,383,1441.24,4829.22
8196,1256,5,11816,689,9839,2388,129,4809.57,1861.16
8197,1096,1,10106,403,3392,4673,62,816.97,9394.77
8198,1431,2,10963,557,9969,1614,322,2238.64,8897.07
8199,1635,5,11467,254,2353,30,251,2934.14,161.86
8200,1418,6,10189,709,3475,3037,153,3056.55,8943.32
8201,1328,1,11176,151,393,406,260,3484.74,4125.78
8202,1591,5,11495,399,9560,4659,444,308.99,3435.4
8203,1083,5,10186,612,2111,4643,482,2899.71,2392.99
8204,1235,5,10588,379,3057,4333,92,2515.27,7051.63
8205,1696,2,11240,392,3897,874,77,2218.04,8762.01
8206,1448,1,10308,293,1682,3227,414,426.87,6306.27
8207,1861,5,11322,98,6175,260,489,1634.23,9609.4
8208,1132,1,10831,229,6584,264,147,3417.22,5939.37
8209,1718,6,10031,383,3133,54,383,1504.94,4175.09
8210,1289,2,11344,166,7544,807,430,257.33,4106.23
8211,1044,6,10103,504,3136,3198,186,996.01,626.8
8212,1277,6,10385,658,3151,419,453,1543.88,9814.92
8213,1391,8,11546,262,4351,3506,424,2649.73,4727.14
8214,1641,1,11604,385,4053,393,382,4478.41,6583.91
8215,1766,2,11857,123,2873,2001,333,697.36,4643.13
8216,1821,1,11007,639,4764,4060,215,3079.29,9751.88
8217,1948,7,10928,245,948,2747,439,4817.87,9174.38
8218,1509,4,10565,417,2534,3252,207,2536.07,9544.54
8219,1348,4,10879,231,9106,4757,170,606.76,3532.35
8220,1004,1,11962,690,2406,1131,379,1563.47,5126.28
8221,1140,1,10669,541,9675,1020,344,4814.47,2304.5
8222,1839,3,10034,615,4055,2319,238,2344.48,5495.09
8223,1692,1,10424,538,5091,2933,220,734.07,3487.01
8224,1616,8,11588,129,6496,3635,405,3333.5,4059.49
8225,1655,6,10133,527,3159,3714,99,1546.14,4451.26
8226,1850,3,10520,285,554,3163,316,4724.16,4476.67
8227,1856,6,10076,16,2116,1534,300,162.33,2503.68
8228,1208,8,11317,66,251,3224,248,1407.08,9838.8
8229,1475,3,11107,368,7976,3258,355,4001.77,7240.32
8230,1034,4,11707,83,6704,178,124,1477.01,5143.8
8231,1318,3,10144,596,3204,4702,171,1143.15,3985.2
8232,1307,4,10583,594,4247,1817,444,629.5,5612.56
8233,1603,8,11099,131,5724,2668,424,3991.44,6928.51
8234,1245,8,11586,577,3118,2968,337,626.82,8798.57
8235,1248,8,10407,376,7925,4628,266,3370.42,3377.85
8236,1021,7,11953,321,8160,4586,227,120.45,8754.16
8237,1960,3,11668,276,9239,4151,472,4706.98,8511.49
8238,1262,6,10283,675,8181,3054,119,742.98,6899.04
8239,1466,2,11411,531,2238,2512,229,296.41,2017.29
8240,1186,2,11021,629,4748,4795,280,4484.81,443.53
8241,1285,1,11016,410,9674,506,248,655.01,5578.3
8242,1034,3,10913,49,2777,3619,224,1659.87,4553.48
8243,1172,6,11136,101,4384,2954,94,2525.09,9239.64
8244,1195,4,11828,175,8387,3046,304,4773.77,3798.73
8245,1470,3,11535,261,3676,2968,113,1900.38,5381.73
8246,1800,5,11763,715,7580,3658,321,4061.67,7493.42
8247,1944,3,11715,443,4607,3470,187,3637.81,1762.89
8248,1786,6,10383,725,6569,3303,168,2992.34,879.55
8249,1829,8,10128,103,8869,3253,10,520.6,3609.76
8250,1158,3,11231,667,4134,503,29,3824.56,3510.83
8251,1986,4,10639,186,5324,2851,457,1877.85,1013.86
8252,1183,7,11263,349,2348,4653,344,650.14,6188.35
8253,1910,3,10137,513,4344,2282,375,1697.09,1708.71
8254,1863,8,11260,680,2151,2066,490,3444.06,7526.49
8255,1447,1,11456,205,1518,2073,140,224.84,4083.44
8256,1896,2,11078,333,4603,48,471,287.33,5251.1
8257,1020,5,11060,204,7240,2839,307,4657.85,2530.27
8258,1066,2,10850,584,7477,2461,332,3847.0,2698.95
8259,1629,5,11906,491,2252,3507,67,2788.78,3866.55
8260,1489,6,11153,171,9866,4553,425,2368.19,7399.71
8261,1267,3,11841,296,1845,1685,214,2763.02,2369.08
8262,1288,5,10507,313,1019,20,148,906.1,9999.22
8263,1758,6,11776,356,6192,878,37,3987.24,8597.8
8264,1845,3,10951,563,4115,694,295,2152.13,9261.69
8265,1516,4,10312,176,4466,4750,23,233.29,2877.59
8266,1408,7,11850,399,345,1439,351,3320.33,3009.93
8267,1605,4,10618,224,5173,2603,415,3196.1,562.3
8268,1501,5,11295,558,991,2141,306,4429.35,5220.42
8269,1731,8,10818,552,3206,2591,42,1685.13,9848.48
8270,1025,8,11961,154,2217,4236,57,3874.88,6100.7
8271,1402,2,10041,566,9269,4317,418,1702.31,3635.44
8272,1277,4,11933,668,5698,2087,43,1210.24,8857.92
8273,1151,2,11447,642,2182,2284,360,1132.7,9499.91
8274,1745,8,11665,494,5981,1801,55,1599.17,2722.66
8275,1718,2,11904,355,9010,3850,63,2045.61,3426.59
8276,1466,5,10471,404,3519,4324,60,2833.51,4265.35
8277,1941,7,11041,187,3439,1671,126,1893.92,1847.29
8278,1777,4,10659,587,1154,4634,300,3065.25,4198.74
8279,1463,2,11267,499,2493,486,230,733.13,4956.78
8280,1383,5,10607,703,1578,1514,117,2700.24,955.44
8281,1715,2,10705,207,5069,4016,9,1263.41,5439.05
8282,1746,8,11919,227,2518,1749,191,1213.64,7637.57
8283,1934,2,11277,548,8305,4515,27,3972.99,7463.49
8284,1378,3,10975,438,5647,867,60,2202.89,6820.19
8285,1458,1,10195,617,4453,1170,251,1538.93,6634.76
8286,1604,6,10425,132,6507,4308,65,4403.14,6142.1
8287,1205,2,11897,485,1478,1504,329,888.6,7038.35
8288,1404,3,10666,206,9560,15,158,1050.41,736.68
8289,1013,2,11968,334,2643,142,102,682.14,9337.09
8290,1115,2,11647,694,4011,2096,247,853.15,7624.12
8291,1277,7,10258,317,7495,1309,462,1884.52,5807.23
8292,1370,8,11088,514,844,936,153,2362.23,161.26
8293,1264,3,10308,433,573,2033,184,3644.68,4373.98
8294,1096,1,11118,287,5033,471,434,125.49,8482.57
8295,1312,1,11634,201,4015,2995,365,2744.69,4378.79
8296,1021,4,11229,474,6447,1985,96,3688.89,2291.14
8297,1833,8,11190,275,1535,3654,431,2467.46,4859.52
8298,1469,5,10019,478,9280,2357,340,3882.52,9032.05
8299,1380,3,10975,121,783,4751,435,410.95,9984.02
8300,1931,3,11467,689,8971,4426,255,4374.38,6003.61
8301,1531,7,11197,169,8985,900,235,1209.18,6264.23
8302,1907,5,11912,45,420,3448,439,1863.99,2990.88
8303,1944,8,10700,275,9215,2864,27,2917.94,1194.77
8304,1630,1,10961,710,7760,3911,105,3124.36,9807.66
8305,1101,7,10793,538,861,794,298,3003.88,635.11
8306,1087,7,11683,549,3197,338,51,2589.63,2450.02
8307,1401,6,11989,390,8810,4900,344,3585.42,4888.19
8308,1936,4,10704,298,8749,2495,55,1731.18,6779.02
8309,1844,6,10118,702,7581,4589,255,2939.06,9426.02
8310,1847,2,11761,239,381,148,332,1499.22,4006.11
8311,1272,4,10823,159,331,1094,294,3337.28,4077.77
8312,1434,4,11548,487,7927,2027,460,1187.9,6055.43
8313,1210,6,10017,719,8785,4469,61,439.59,6491.54
8314,1243,1,11021,707,1017,2832,342,2188.97,6697.46
8315,1447,4,11925,71,145,3721,26,2658.23,8657.57
8316,1065,5,11368,708,3768,2373,32,3487.2,125.75
8317,1222,6,11520,534,8488,540,440,2145.23,4355.99
8318,1108,5,10480,637,320,1137,264,1939.83,8742.37
8319,1760,4,11556,527,8898,2765,456,3258.32,4498.37
8320,1258,3,11048,502,8479,3262,177,235.31,6582.82
8321,1910,5,11543,374,2880,4128,482,4172.96,225.14
8322,1351,6,11120,359,727,3902,399,4233.22,9118.16
8323,1058,5,10520,420,4268,2348,435,3851.0,4605.22
8324,1912,5,10811,54,6745,1133,3,4810.06,6828.58
8325,1290,6,11794,208,8385,1187,295,765.48,3083.14
8326,1537,4,10589,477,1011,445,79,368.12,2577.56
8327,1276,7,10987,509,5696,4080,398,4405.02,3101.27
8328,1877,4,11063,239,8763,1258,190,1744.78,7594.72
8329,1535,6,10604,81,7501,768,329,563.25,9819.58
8330,1333,4,11662,32,1700,1046,206,1863.94,4618.58
8331,1265,2,10297,119,5849,1466,225,4430.72,161.14
8332,1985,3,10773,121,2930,4211,318,4025.51,3305.04
8333,1064,2,11224,83,6197,2946,261,3310.43,9301.48
8334,1286,2,10073,540,2205,1303,51,891.23,4868.26
8335,1307,3,11377,312,2951,2161,24,4609.26,3473.08
8336,1501,4,11068,240,7730,361,471,4947.32,4655.47
8337,1795,2,11828,652,5537,4058,376,713.96,6479.27
8338,1145,3,11539,327,8727,4207,93,2290.1,3119.1
8339,1447,3,10374,586,8729,4926,197,3905.87,4071.53
8340,1901,5,11843,580,1422,3622,436,777.92,963.41
8341,1720,8,10026,260,1521,2699,161,1331.59,6023.43
8342,1038,1,10437,72,1387,3669,312,3832.85,6930.2
8343,1021,1,11406,179,9990,56,212,3123.3,6652.82
8344,1055,5,11737,591,4080,3199,100,689.51,8571.18
8345,1399,5,11900,592,6939,3094,75,4583.53,505.42
8346,1458,7,10692,455,687,1052,368,3688.55,4424.8
8347,1962,4,10336,92,4507,1461,59,3534.74,3018.53
8348,1061,2,10491,559,7016,4044,258,506.61,6204.69
8349,1349,1,10121,113,7756,925,420,4687.39,7291.99
8350,1003,3,11589,21,9275,4814,442,3596.23,8896.38
8351,1169,8,11280,291,7330,2499,442,4718.98,5633.64
8352,1913,5,10324,229,1237,425,436,2201.1,310.14
8353,1315,3,11766,252,9110,1544,92,3555.53,3920.44
8354,1108,3,10500,587,3247,2775,137,3674.36,396.7
8355,1772,6,10757,583,6546,1288,138,546.67,3005.67
8356,1536,7,10426,422,3846,2999,152,2113.24,6869.3
8357,1577,1,10274,554,4448,2337,353,2519.69,9204.37
8358,1976,7,10447,176,3509,3064,348,1438.55,9281.96
8359,1739,2,10126,613,7558,2997,300,734.53,8997.92
8360,1991,7,10811,649,1955,3425,364,4629.78,7829.35
8361,1969,5,11151,437,2592,2876,153,4093.35,5614.14
8362,1884,5,11701,135,6041,4682,366,109.2,3155.27
8363,1515,3,11258,706,3949,4318,267,2808.53,8118.04
8364,1298,8,11287,195,2883,154,265,3966.76,4474.87
8365,1786,5,10363,708,3341,2369,14,1562.54,6573.88
8366,1428,4,11452,8,9025,892,256,1897.06,5994.77
8367,1987,4,10432,622,4014,4713,447,761.67,9493.5
8368,1159,7,10199,686,9180,775,222,4459.43,203.01
8369,1582,5,11931,349,7316,4504,468,3317.75,438.97
8370,1061,3,10647,350,6123,261,117,3372.5,6622.3
8371,1653,4,10869,479,1168,1164,58,3692.57,1493.57
8372,1121,1,11416,236,3903,4360,156,1673.91,486.38
8373,1967,4,10460,250,7545,2893,115,447.14,6057.83
8374,1104,4,10382,676,8450,3189,346,4775.59,5732.57
8375,1864,3,11842,529,5884,3186,184,3213.35,6599.33
8376,1160,3,11624,127,1271,3552,249,3601.03,533.4
8377,1584,2,10238,702,3148,629,88,2545.18,1059.39
8378,1942,5,11252,344,5084,473,251,2647.57,1722.95
8379,1412,6,11719,531,4285,402,395,3072.01,7674.14
8380,1708,5,11252,668,1772,2904,146,797.94,5678.64
8381,1877,2,10458,510,9450,2050,481,2644.55,406.23
8382,1028,8,11447,525,267,4862,73,2202.26,548.79
8383,1283,2,10472,350,6547,4194,105,2086.82,1047.02
8384,1684,7,10346,594,7808,2125,290,3490.24,4714.14
8385,1937,8,11667,515,7250,1430,16,1789.28,4179.39
8386,1961,7,11042,168,378,1175,116,4944.25,9218.9
8387,1178,7,10290,300,9282,3670,230,2600.16,4355.19
8388,1320,2,10636,509,3088,4196,228,4748.3,1627.5
8389,1193,5,10229,243,938,681,267,2344.19,1857.65
8390,1120,8,10308,612,5665,3810,90,2622.27,8596.42
8391,1476,1,11698,126,3321,2913,313,2134.28,924.52
8392,1727,5,10328,610,3319,2351,248,2256.25,4514.92
8393,1601,3,11197,261,1166,387,433,3506.32,1737.34
8394,1368,5,10623,224,9228,2889,169,2530.02,4448.16
8395,1890,1,11702,251,429,3987,89,1285.28,682.65
8396,1338,3,11683,597,3975,1724,10,3590.03,1116.23
8397,1996,7,10599,716,4238,261,435,3987.77,1569.13
8398,1632,8,10022,382,3461,4143,240,1492.25,2578.42
8399,1615,3,11465,16,6302,815,180,3739.97,2446.46
8400,1374,3,11384,707,6828,534,120,4525.78,977.25
8401,1989,7,11715,385,490,1507,52,1318.53,4660.86
8402,1032,2,11442,414,3930,200,395,1098.45,7873.37
8403,1809,8,10671,388,659,4718,313,1481.75,4763.48
8404,1842,3,10293,180,6772,1284,415,2511.89,9616.66
8405,1882,7,11757,370,4580,2917,226,4572.13,8460.81
8406,1246,6,10530,95,6119,1794,473,520.6,4299.97
8407,1481,4,10182,663,2180,3014,95,3766.03,702.21
8408,1685,2,10901,510,9723,2281,206,233.67,4372.1
8409,1491,6,11263,565,5563,4941,473,1988.24,2308.98
8410,1176,6,10512,213,1192,1044,426,2189.15,1719.81
8411,1815,7,10836,7,7151,4051,267,2626.99,1074.91
8412,1650,1,10096,502,1384,2021,484,4465.68,2424.25
8413,1919,5,11953,528,5661,3646,207,1632.16,7447.65
8414,1350,4,11444,256,8298,159,29,2184.99,7519.71
8415,1387,6,11098,205,1594,641,154,3612.99,1838.54
8416,1181,1,10669,696,7892,4155,447,237.47,3867.99
8417,1330,6,11628,452,9222,3561,170,3019.85,2331.71
8418,1022,8,10068,101,958,1858,475,449.58,369.03
8419,1230,3,10318,695,3899,4234,290,622.94,8731.5
8420,1902,3,11120,432,6816,472,306,4503.73,3728.75
8421,1699,2,10498,78,3308,3418,405,4943.09,6189.4
8422,1448,5,10437,711,3008,941,144,2819.68,3297.17
8423,1319,3,10281,220,2856,303,324,1137.84,2875.98
8424,1605,8,11832,390,4390,84,459,3425.05,9738.96
8425,1436,6,10989,528,7664,382,182,757.56,4860.01
8426,1550,2,10655,150,9935,2163,401,1695.87,9786.29
8427,1938,6,10409,32,1026,1272,369,1326.5,3706.95
8428,1320,4,10579,317,4218,3404,138,3149.35,668.84
8429,1416,8,11508,700,7957,833,63,247.27,1122.97
8430,1870,1,11198,94,4283,1342,330,3179.92,9011.4
8431,1203,6,11684,556,8572,2938,54,1193.69,1340.87
8432,1312,6,10209,139,936,4674,403,3745.12,7311.92
8433,1549,2,11040,355,2664,3796,410,2425.01,6514.56
8434,1989,5,11700,307,4455,3194,81,3832.37,4136.72
8435,1053,6,10412,463,6897,381,330,740.33,8931.34
8436,1276,2,11092,714,798,3370,429,296.61,1246.92
8437,1198,3,10464,440,6548,1357,38,4828.88,8502.27
8438,1194,3,10022,389,4060,2518,354,4268.73,5629.59
8439,1563,6,11636,491,6751,3543,263,4313.03,6619.49
8440,1465,3,10749,411,8523,482,297,933.77,4692.14
8441,1245,7,10953,313,2094,1950,50,410.64,9974.92
8442,1986,7,11318,574,4889,2903,290,545.73,5773.09
8443,1292,3,11197,378,5414,2923,272,918.69,2707.86
8444,1289,5,10717,492,5765,4166,457,2588.63,9144.83
8445,1676,3,10194,111,7026,710,437,3976.3,1167.17
8446,1593,8,10348,690,4474,2343,23,4626.66,7849.18
8447,1590,1,11030,294,4997,1482,196,876.72,9787.9
8448,1877,7,10095,111,1069,3020,259,3890.27,7175.84
8449,1890,4,10910,708,6427,3349,281,1058.0,1369.16
8450,1610,2,11632,179,2526,4074,251,4700.02,2108.39
8451,1482,3,10073,379,5911,714,181,4245.52,2799.3
8452,1869,7,11532,365,3894,2981,271,3524.32,9974.42
8453,1725,2,10225,360,2360,1894,435,349.55,1882.47
8454,1298,1,10353,145,3683,4137,115,3178.14,204.37
8455,1367,7,10175,165,7221,3686,202,153.49,1410.76
8456,1632,3,10498,239,6481,4545,257,3425.39,975.03
8457,1404,5,10980,278,4540,1110,99,3652.36,8675.05
8458,1475,7,10529,408,771,2708,65,4839.97,4469.51
8459,1366,6,10702,623,5224,456,98,1816.1,5416.7
8460,1302,1,10796,142,1197,3085,64,1288.93,4117.65
8461,1981,1,10505,357,8279,707,372,3800.8,5950.2
8462,1351,8,11386,278,7876,2481,32,1078.73,7832.45
8463,1261,6,11101,97,5063,275,222,64.98,378.82
8464,1221,2,10346,432,2711,1210,437,1545.88,9119.52
8465,1759,4,10890,168,8444,649,404,1681.77,2179.59
8466,1133,6,11708,465,1219,338,266,3910.45,9880.37
8467,1368,2,11091,686,702,1605,181,3810.92,632.2
8468,1667,1,11392,404,661,3667,53,623.93,205.65
8469,1766,6,11479,699,9393,3708,491,4105.99,3764.59
8470,1807,1,11458,201,5970,3581,47,4643.28,5787.96
8471,1845,4,10516,300,8307,1241,255,3301.41,6072.73
8472,1044,2,10609,244,6987,2627,440,3442.61,2262.48
8473,1134,3,11324,68,8766,735,142,3965.58,5965.74
8474,1772,7,10757,568,9575,3732,110,2974.1,5882.27
8475,1099,2,10276,313,1173,4920,30,2200.41,2349.12
8476,1171,1,11269,164,2300,929,193,3549.34,1839.4
8477,1110,4,10253,126,124,2763,235,419.23,6315.05
8478,1156,7,11558,717,9483,4821,321,1605.01,7037.01
8479,1127,6,10690,52,9682,642,4,952.32,676.66
8480,1803,7,11659,40,6405,3378,85,2004.36,7241.98
8481,1427,3,10216,409,8848,2419,339,1998.96,3567.1
8482,1900,6,11082,585,4784,1474,310,683.99,3884.24
8483,1575,2,11045,325,100,3917,175,1676.89,8902.37
8484,1667,5,11749,644,7598,687,474,270.56,4166.34
8485,1176,7,11016,399,8601,4516,166,142.99,8034.34
8486,1465,7,11331,395,9305,3579,51,1273.65,6766.04
8487,1731,2,11572,355,3817,3348,374,4257.83,7026.82
8488,1583,2,10129,237,2577,786,22,917.54,1181.03
8489,1337,2,10921,304,1679,3602,67,2168.61,9495.14
8490,1003,1,10343,724,8169,2211,482,2081.64,1641.1
8491,1390,2,10857,186,6214,3829,99,2570.41,1578.82
8492,1434,7,10430,260,1405,2849,277,2351.01,1314.94
8493,1649,3,10633,609,8484,811,260,1742.41,1244.16
8494,1437,8,10938,165,9249,2718,199,3171.87,4909.04
8495,1272,6,11657,77,8089,2973,247,1261.82,8588.5
8496,1027,7,10789,329,3662,3870,371,3391.64,9424.18
8497,1379,6,10731,522,4699,220,141,2515.0,5058.19
8498,1925,8,11018,693,2367,4461,269,2348.58,7369.45
8499,1658,7,11013,681,6280,4563,24,3336.13,760.47
8500,1835,6,10438,518,1373,3551,476,2819.57,6060.18
8501,1870,5,10633,102,8672,19,479,3703.33,2482.3
8502,1339,5,10147,214,8595,214,312,1243.34,8955.18
8503,1945,8,10059,56,4881,1185,69,85.64,2456.48
8504,1036,1,10793,389,1528,624,369,2991.63,215.48
8505,1516,4,10460,132,2233,2262,234,4037.9,1699.52
8506,1902,6,10157,152,2436,4000,280,2283.57,2982.16
8507,1860,4,10403,704,7173,442,242,3592.15,2606.14
8508,1151,6,10402,437,3461,3028,248,1145.61,6132.9
8509,1633,1,11446,698,4852,3811,151,1530.73,1829.78
8510,1191,1,10219,328,499,4819,371,934.49,8110.39
8511,1295,6,10547,620,4561,427,144,4234.28,7072.76
8512,1565,2,11500,229,3008,4624,89,1797.11,763.07
8513,1335,1,11513,583,1750,3996,40,492.19,2176.97
8514,1527,6,10941,700,8844,2782,480,2742.38,6022.33
8515,1798,2,11198,579,9675,2610,217,2637.16,2423.88
8516,1934,7,10401,694,2699,3829,101,635.7,9978.34
8517,1118,7,10043,554,585,3034,246,760.77,4766.77
8518,1846,7,10460,114,2473,2882,51,3728.51,9768.02
8519,1640,3,10892,555,1691,1597,397,855.88,8451.03
8520,1064,5,11597,708,8979,1392,355,1884.47,5977.31
8521,1495,2,10899,19,3404,4010,183,1073.58,4435.25
8522,1319,4,10542,294,6003,1736,200,4893.77,1343.12
8523,1537,6,11796,330,7549,3885,55,445.54,3705.68
8524,1114,3,10659,247,1724,3628,180,2868.15,1551.61
8525,1231,1,11701,647,514,3463,368,337.06,5643.89
8526,1767,3,11406,387,7402,2107,430,1220.58,2656.18
8527,1801,6,11042,245,2932,82,247,793.15,5631.03
8528,1670,3,10923,316,839,4780,16,2741.04,346.88
8529,1440,8,11194,421,1711,4118,231,961.47,2038.34
8530,1509,5,10449,506,2042,4774,388,70.52,8608.11
8531,1847,6,10650,143,8157,1840,288,1291.96,1821.81
8532,1915,5,10564,434,9270,67,50,1658.01,128.34
8533,1684,6,10133,440,8984,2060,413,4902.59,5270.27
8534,1860,5,11698,118,9361,3590,402,2116.09,9614.19
8535,1936,6,11822,401,4784,859,274,2754.02,4843.32
8536,1542,8,11539,688,453,27,46,2565.26,8735.37
8537,1121,4,11923,356,7248,1205,329,3593.48,2011.1
8538,1152,1,11197,253,7447,502,149,3803.62,1887.6
8539,1989,5,11920,546,2231,2109,338,1457.17,9631.09
8540,1747,8,11691,157,6485,383,310,2496.43,3925.36
8541,1793,3,11925,9,5209,261,112,926.53,3694.59
8542,1799,8,11859,100,8147,3912,48,2278.46,4478.14
8543,1168,7,10781,336,4316,4675,307,1815.5,1435.58
8544,1785,7,10842,193,395,3712,128,2046.53,9052.4
8545,1031,2,11449,437,6075,549,457,1115.7,5521.78
8546,1162,1,11580,34,9085,4708,478,1927.14,7691.67
8547,1376,6,10739,484,4374,628,349,3639.11,7097.84
8548,1068,2,10952,485,1059,2962,61,320.33,6854.02
8549,1748,6,10033,203,8341,1919,414,3356.58,4441.51
8550,1666,1,11075,168,3912,2935,477,1739.74,5058.65
8551,1953,8,10555,254,3096,1261,78,4421.3,775.69
8552,1849,4,10456,574,1411,814,336,4131.66,8667.66
8553,1692,7,11015,252,751,103,73,4303.74,8527.61
8554,1985,7,10705,554,506,2425,426,3916.3,9372.46
8555,1281,3,10353,240,8122,176,481,2374.18,1597.04
8556,1469,6,10574,674,2233,3596,12,1818.88,8317.38
8557,1331,1,10175,460,6668,2273,367,1589.68,7989.63
8558,1828,6,11109,237,7054,4734,116,1728.31,9537.51
8559,1794,6,11379,482,5074,173,185,3495.55,5026.19
8560,1232,7,10743,726,3795,2938,63,2705.89,7040.52
8561,1345,8,11287,131,2601,427,163,2417.57,4349.23
8562,1113,2,11910,499,7802,982,255,1655.11,4638.33
8563,1212,6,11422,30,2514,3191,24,1455.91,7038.58
8564,1156,6,10129,116,8943,2365,234,1204.92,5507.16
8565,1706,7,11740,254,2402,2707,479,4552.09,4461.98
8566,1793,4,11404,386,3140,4816,55,4924.38,3702.71
8567,1840,4,11568,642,5581,2691,312,4280.15,7198.83
8568,1948,5,10475,502,1705,445,136,2877.74,3842.72
8569,1327,1,11914,719,7623,348,372,2679.42,2304.01
8570,1146,4,11155,242,7994,1472,297,2902.29,4428.37
8571,1031,7,10255,625,7609,2340,419,2236.58,1011.82
8572,1750,3,10043,232,1556,4226,460,501.38,1089.17
8573,1870,2,10614,418,9676,4784,34,1793.05,1446.37
8574,1356,5,10525,217,9123,4827,298,209.73,3487.82
8575,1868,8,10957,621,1222,4846,341,3334.62,2005.88
8576,1086,2,10593,271,1738,2385,307,1302.8,7736.18
8577,1034,4,10648,367,480,1539,471,2808.54,7750.36
8578,1270,7,10882,170,4270,2372,250,2992.16,8699.67
8579,1050,8,11623,548,2806,4542,41,190.46,5708.58
8580,1409,7,10992,180,2670,2766,409,384.11,1666.57
8581,1348,5,10306,83,5325,4643,160,2283.82,8202.2
8582,1382,2,11458,372,9370,2199,56,3295.4,4325.89
8583,1098,5,10226,307,8020,4462,188,573.5,4942.93
8584,1939,5,10343,571,6376,4035,295,4018.24,8793.8
8585,1647,1,10539,96,7367,354,145,796.47,3647.79
8586,1151,1,11002,160,3184,935,218,2457.57,5815.86
8587,1953,5,11485,336,4818,3080,321,2221.91,1048.83
8588,1840,4,11035,339,9652,4323,490,3803.01,8108.73
8589,1463,4,11594,211,7853,3969,328,1496.85,3918.45
8590,1179,5,10411,170,8520,2416,218,2045.09,8846.18
8591,1301,5,11452,575,5972,528,461,2697.67,7346.77
8592,1004,7,11278,519,7694,752,135,1025.1,4393.81
8593,1639,4,11241,94,8150,1199,148,2892.26,1983.59
8594,1422,5,11824,223,2463,2590,232,1993.01,7889.39
8595,1183,5,10543,129,4530,1940,307,2596.52,8384.87
8596,1848,4,10197,3,3589,643,425,3701.27,503.87
8597,1428,5,10658,252,546,2052,416,2502.5,7425.12
8598,1636,6,11581,577,1358,3265,341,2048.87,337.74
8599,1319,7,10202,48,1863,1676,279,4378.03,5357.48
8600,1724,4,10517,314,3482,2801,234,1948.42,7122.45
8601,1613,6,11561,592,4879,3700,108,4712.18,2268.06
8602,1697,6,11160,80,3816,4423,422,4349.99,8157.21
8603,1314,5,10683,247,5593,1942,220,4417.43,2780.5
8604,1056,4,10707,459,5715,2464,252,3813.12,9189.99
8605,1470,4,10227,382,1782,88,482,670.81,8310.74
8606,1282,6,11819,397,6435,460,84,1392.01,8581.93
8607,1390,7,11878,68,5094,4543,46,530.82,1432.48
8608,1560,4,11116,467,8447,3323,63,2048.73,9435.14
8609,1813,4,10413,398,4301,1357,361,4712.01,8731.11
8610,1421,8,10210,629,4599,1835,440,341.55,2117.45
8611,1690,1,10002,384,175,4666,25,2208.81,2753.34
8612,1716,5,10919,165,5457,1463,366,4758.97,9959.52
8613,1886,7,11329,672,7481,40,262,1179.3,4802.71
8614,1554,8,10609,90,1383,3598,376,3603.79,5471.27
8615,1545,1,11401,546,4013,54,125,4868.42,8601.19
8616,1312,4,11671,159,4472,1259,355,3503.5,6747.69
8617,1170,8,10152,539,8610,1262,325,3990.99,3578.81
8618,1413,3,11622,567,8660,3456,101,3466.95,1854.38
8619,1898,5,11476,52,2910,2063,416,2730.58,3716.56
8620,1373,2,10034,7,7544,2004,255,1220.86,2609.93
8621,1448,4,11330,554,5735,4118,52,4703.72,9565.57
8622,1628,4,11248,378,7536,2202,309,3288.89,9051.76
8623,1536,7,10806,620,8401,1905,81,52.49,429.9
8624,1746,2,11785,625,2832,2812,420,1159.32,925.06
8625,1247,7,11032,669,2595,2545,361,3762.52,6568.35
8626,1945,8,11907,303,8759,4533,460,3214.76,5064.86
8627,1850,7,10561,687,6706,2791,75,399.92,9794.59
8628,1774,2,10623,605,2073,83,63,1261.98,8358.33
8629,1398,5,11914,521,2734,838,475,3905.52,7977.08
8630,1510,7,11050,169,8787,1068,194,3448.02,7375.43
8631,1363,3,10857,515,4217,2866,398,4782.42,5152.54
8632,1455,1,10260,299,1718,2871,95,4497.73,1604.87
8633,1443,1,11123,521,3615,3511,473,3266.91,9055.51
8634,1504,3,11989,453,9260,2159,273,1051.39,9328.12
8635,1584,2,11286,266,8064,1615,272,3366.58,5696.75
8636,1164,3,10791,131,3567,2440,117,3920.01,7763.95
8637,1849,1,11855,679,6459,579,362,2647.04,4873.09
8638,1577,3,11243,413,5664,2920,488,2758.52,6084.5
8639,1423,4,11446,301,3544,4686,198,2930.75,8847.33
8640,1438,1,10858,174,2497,3298,21,4107.58,5517.64
8641,1399,1,11873,566,2326,4999,250,543.45,3936.42
8642,1600,6,11032,208,7878,60,324,4175.66,1100.1
8643,1001,4,10161,521,7416,3780,438,4627.72,2742.45
8644,1537,2,11172,727,9431,1909,128,4605.82,6315.6
8645,1847,4,10198,645,7696,4266,4,2560.41,3010.13
8646,1946,8,11916,166,6112,780,265,1850.75,9504.27
8647,1275,8,10600,653,7481,1091,419,2685.61,9966.94
8648,1671,8,10896,146,9137,357,239,4511.81,105.53
8649,1943,8,10685,665,4510,4913,497,1104.01,247.27
8650,1744,5,10912,587,8850,1086,472,3427.67,3561.75
8651,1579,6,10343,325,6634,2316,26,1202.98,7040.03
8652,1952,3,10686,632,4927,2728,494,1282.39,7571.15
8653,1097,5,11468,146,7215,4365,56,4066.48,8764.02
8654,1449,8,10811,217,1419,873,411,1283.29,2316.2
8655,1258,5,11340,496,6340,880,451,4721.4,8301.41
8656,1205,5,11358,151,4888,4658,305,4244.04,6416.78
8657,1257,2,11687,143,1175,4905,154,3530.61,3194.84
8658,1876,3,11190,190,1222,2655,289,2227.37,8364.41
8659,1573,1,11963,588,4640,1220,210,1400.7,6059.5
8660,1886,8,10219,651,7390,4377,327,2321.85,3761.19
8661,1421,2,11688,10,9124,1690,199,1636.09,483.63
8662,1568,7,11589,617,130,1414,105,869.69,467.54
8663,1316,4,11809,36,385,877,434,614.64,8651.01
8664,1035,2,10749,321,1829,2150,303,3817.86,9463.53
8665,1781,1,11354,147,8295,971,88,1639.95,5774.91
8666,1360,2,10943,332,9818,1479,95,1875.62,5864.43
8667,1996,6,10055,568,9153,3680,402,2934.27,7326.43
8668,1506,2,11562,270,1176,3109,38,1048.64,5547.3
8669,1097,4,10653,18,6195,3763,177,2441.96,4707.19
8670,1974,5,11945,48,7203,3064,281,3825.53,7349.49
8671,1186,7,11443,520,1205,2565,417,258.83,1657.7
8672,1406,8,10971,60,8716,123,248,928.25,8747.38
8673,1803,7,11153,20,9751,1991,439,2044.97,4713.0
8674,1567,8,10185,338,9002,671,193,4540.37,5124.27
8675,1261,7,10917,342,1232,130,391,4104.31,7651.29
8676,1680,4,11335,24,2917,3040,462,4667.05,3324.95
8677,1402,7,11849,174,3083,2539,256,829.37,8435.76
8678,1887,4,11029,23,7994,2820,467,3411.92,343.49
8679,1585,6,11216,302,4012,164,32,473.41,3233.05
8680,1832,4,10987,500,9451,4220,445,3411.7,4516.0
8681,1499,6,10199,182,2352,2889,478,103.86,6327.4
8682,1272,3,10284,301,1133,3573,120,4392.3,2693.71
8683,1642,4,11655,174,563,636,302,2214.59,4933.97
8684,1870,7,10072,279,3983,1580,429,216.84,117.07
8685,1536,1,10537,67,1461,3097,96,2815.03,8049.77
8686,1467,4,10571,87,9743,3021,361,1536.93,2039.5
8687,1008,4,11998,728,4656,353,472,2250.01,8479.39
8688,1639,6,10653,690,2617,4271,206,2368.79,7267.01
8689,1478,8,11188,376,2114,3930,260,2353.83,7118.39
8690,1348,8,11450,392,9694,534,104,404.32,709.61
8691,1374,4,10286,439,2697,3285,170,3190.63,9335.11
8692,1704,4,10294,237,5335,3237,392,3361.77,298.2
8693,1598,1,11741,408,5650,3125,296,4214.25,7601.0
8694,1415,6,11825,305,514,3782,156,4678.33,4730.79
8695,1019,2,10841,613,9486,4825,332,537.53,6213.44
8696,1442,4,11476,567,2094,3596,350,497.07,7244.51
8697,1290,3,10182,421,2956,1768,117,4969.21,8931.79
8698,1875,6,11930,545,4706,3613,423,1930.55,1293.76
8699,1713,3,11032,377,3299,3979,454,3820.34,3160.05
8700,1897,4,11312,311,5677,796,431,4988.72,967.22
8701,1202,8,11231,136,9794,2839,473,931.05,7230.67
8702,1344,1,10353,108,5141,593,421,2690.08,4441.56
8703,1844,8,10509,712,492,863,282,4959.97,4850.93
8704,1147,7,10248,487,1115,3468,182,1501.48,5327.08
8705,1591,4,10507,107,5598,3274,148,4826.6,9979.95
8706,1909,4,11706,390,9724,1415,279,324.52,4613.22
8707,1600,3,11905,208,179,804,214,246.37,5546.02
8708,1884,6,10972,247,6084,1553,92,161.78,4538.88
8709,1639,2,11440,257,3904,4191,400,4721.27,637.16
8710,1834,4,10565,510,6045,77,217,399.28,1259.57
8711,1394,6,11170,319,9492,2392,374,3437.47,7362.19
8712,1897,6,10597,67,5050,2345,284,4501.54,831.7
8713,1117,2,10101,143,2944,652,359,1959.13,6959.04
8714,1677,3,10027,346,4824,3953,249,2439.84,4185.57
8715,1037,6,11931,184,7264,1364,191,1676.68,5462.18
8716,1946,4,11709,384,9754,2230,181,4930.53,3742.05
8717,1689,2,10446,501,2769,2372,145,4107.61,2568.03
8718,1283,6,11430,180,7781,1932,103,1328.44,8661.38
8719,1671,7,11720,511,2286,3717,51,2838.56,7171.85
8720,1396,5,10467,466,4706,4722,87,1656.74,9996.03
8721,1176,7,10704,164,4928,2386,297,3454.87,4916.71
8722,1756,5,10485,487,8596,4278,201,3274.61,9167.25
8723,1207,7,11789,515,1091,4742,302,948.01,6128.29
8724,1092,8,11571,193,8604,4118,288,535.78,9815.07
8725,1619,2,10917,99,1341,4622,463,2023.92,8501.02
8726,1212,7,11421,232,2797,3363,301,866.76,836.2
8727,1380,8,11506,266,4732,3816,427,3222.37,7012.41
8728,1475,1,10069,408,5127,4808,241,4262.44,1233.43
8729,1701,5,10402,395,6910,4641,30,566.74,186.17
8730,1467,3,10538,420,3757,2941,296,1339.63,4419.5
8731,1454,3,11749,162,2918,2136,387,2527.98,9523.74
8732,1859,1,10284,619,7880,2030,450,2990.84,3871.25
8733,1424,2,11664,566,3693,4500,21,3507.35,1702.37
8734,1050,5,11743,469,5601,1491,74,1823.98,1001.9
8735,1905,8,11594,62,9711,4562,255,2537.78,9842.08
8736,1334,3,11620,590,1268,3935,19,2537.71,5043.57
8737,1672,2,10992,295,1514,3560,302,3405.8,154.05
8738,1300,6,10919,124,128,236,229,2716.17,905.85
8739,1029,2,11036,706,5139,2259,465,4143.54,6533.01
8740,1940,8,10141,338,316,2578,25,446.84,3536.82
8741,1381,8,11831,675,3874,4276,475,3684.63,5658.86
8742,1038,8,11916,327,2012,4857,303,4650.44,2839.34
8743,1863,1,10339,239,4032,1821,114,4529.58,3064.64
8744,1723,4,10816,166,8274,2366,216,2596.47,5222.39
8745,1280,2,10286,114,3980,4198,500,2067.3,112.99
8746,1127,7,10129,393,5215,2661,372,875.19,7785.53
8747,1849,7,11900,602,744,664,325,2401.07,113.5
8748,1058,7,11689,206,2513,3383,90,1631.7,6514.96
8749,1048,7,10041,375,5664,675,17,3488.3,9252.76
8750,1238,8,10704,394,5186,2702,17,3654.13,9914.12
8751,1504,6,10739,103,5488,3825,99,2971.48,3822.38
8752,1693,1,11955,376,378,3969,163,4643.53,2866.35
8753,1844,3,10671,521,8479,3518,170,1236.26,8467.47
8754,1539,2,10005,558,1115,3191,9,4670.08,3773.48
8755,1043,1,11029,676,7257,1106,358,4100.59,9683.13
8756,1195,8,10201,132,3570,1964,318,3339.57,145.24
8757,1105,5,11379,266,5446,3154,475,1460.61,8072.21
8758,1885,5,11636,201,1866,3922,57,3218.96,1164.32
8759,1398,3,11972,640,3836,3773,122,4576.57,8971.47
8760,1118,2,11013,702,9109,2179,28,3840.73,6443.62
8761,1732,3,10926,531,1516,2251,113,3128.62,2845.89
8762,1524,4,11281,532,7030,3151,108,2743.49,3011.48
8763,1428,2,11110,535,5722,2436,466,690.37,3418.66
8764,1302,5,10337,4,3389,186,359,546.22,9229.46
8765,1488,7,11342,372,7133,1190,98,4132.57,642.84
8766,1635,6,11468,454,4940,1059,463,4467.69,5090.48
8767,1398,2,11044,545,6295,1381,105,4560.15,5540.86
8768,1471,5,10430,367,7299,3321,48,349.99,155.89
8769,1135,5,10150,423,2592,4981,246,3380.37,6390.13
8770,1276,7,10137,388,9234,1446,268,3312.22,6800.74
8771,1081,7,10848,274,1841,32,307,3110.83,3718.64
8772,1126,3,11730,651,4174,3947,481,1726.91,769.13
8773,1790,6,11481,390,5009,703,253,1583.72,5782.02
8774,1664,5,11636,336,7918,2166,329,1083.24,9160.65
8775,1248,2,10832,74,1610,2284,10,2728.65,7233.86
8776,1582,4,11291,229,6994,2769,142,1637.32,954.02
8777,1144,8,11869,340,1850,407,428,1448.72,9902.21
8778,1662,7,11239,16,4652,3416,262,2971.91,1621.52
8779,1335,7,10600,306,8575,2576,71,1642.84,5714.51
8780,1814,8,10015,631,9974,194,221,3060.47,1142.74
8781,1682,6,11051,134,2035,2850,63,4033.33,8513.04
8782,1793,3,11697,518,2390,13,168,4124.91,6557.54
8783,1779,6,10030,683,5775,3179,302,3448.55,9118.22
8784,1892,4,10213,37,5633,1365,378,2564.51,4539.32
8785,1812,5,11091,644,1091,2610,92,3680.03,5873.2
8786,1771,7,10898,42,4594,4518,154,471.52,1681.1
8787,1726,8,10124,34,6457,3566,308,882.65,1197.46
8788,1009,5,10248,131,1698,567,96,4686.82,2874.59
8789,1208,5,10221,111,7362,284,150,2376.55,7298.98
8790,1590,6,10317,209,9103,2589,484,2972.97,4716.38
8791,1543,7,10487,349,5959,1999,340,3943.7,7935.04
8792,1208,2,11230,37,2580,625,220,1066.09,774.29
8793,1042,8,10720,498,1246,4172,294,2451.04,9022.69
8794,1488,8,10848,396,172,1332,373,240.21,6405.9
8795,1872,7,10038,480,8500,421,220,2040.78,5469.13
8796,1167,7,11603,182,349,3513,346,2192.1,7550.48
8797,1731,3,11087,69,3905,3111,451,118.97,4486.78
8798,1261,4,11906,519,4529,15,79,2315.6,8594.48
8799,1714,7,10978,625,5914,653,276,2734.8,8463.19
8800,1551,4,11296,316,6956,1368,316,1957.18,339.93
8801,1406,7,11556,550,3125,4922,130,4315.27,3601.42
8802,1604,6,10697,350,7885,3903,151,2176.73,1574.37
8803,1886,5,11773,725,1272,3967,229,4643.45,1312.6
8804,1683,8,11726,670,8564,1284,275,2983.68,741.07
8805,1564,6,10944,435,7287,735,400,3677.43,2073.95
8806,1532,3,11906,450,3524,2683,284,1588.31,1969.78
8807,1044,3,11933,114,4965,2904,307,4723.01,2146.99
8808,1636,4,11655,209,683,1747,23,1238.85,9257.77
8809,1406,3,10666,84,1242,3303,341,3793.12,1137.67
8810,1988,4,11162,561,1747,2195,369,2615.96,2088.44
8811,1941,6,10791,554,5335,302,45,4001.89,740.3
8812,1181,1,10740,25,2546,3300,352,3610.55,3453.48
8813,1236,5,10458,605,4404,3793,283,1188.5,4665.31
8814,1714,6,10803,674,6317,1094,164,4685.28,1289.9
8815,1911,3,11312,31,6734,4601,377,2386.36,1709.02
8816,1926,1,11857,319,4235,117,83,122.69,8941.4
8817,1024,8,11911,66,9225,2857,447,2826.97,1095.96
8818,1057,2,10469,709,8162,2955,83,3434.19,1498.77
8819,1246,2,10077,54,3021,4367,171,1566.12,6217.73
8820,1613,4,11240,529,6947,871,15,871.32,1517.94
8821,1019,8,11679,500,3386,2164,40,1878.64,8909.42
8822,1063,4,10905,513,7694,2874,75,4226.91,7933.07
8823,1773,1,10511,250,8977,1370,339,622.23,3400.78
8824,1637,6,10110,161,5715,768,130,2994.22,2273.99
8825,1608,8,11389,311,7175,1634,345,3043.68,2594.78
8826,1434,5,11643,693,610,1568,23,958.77,4232.76
8827,1560,2,10658,147,7624,1758,308,4910.74,1378.26
8828,1162,7,11816,121,6945,2274,167,719.62,9714.43
8829,1889,6,11425,596,9768,884,330,3829.75,8510.91
8830,1642,2,11164,96,2739,1334,310,494.28,8563.6
8831,1352,3,11931,284,8223,698,373,3316.76,2348.32
8832,1101,4,11673,323,9151,3345,477,760.44,8471.59
8833,1900,3,10016,292,4137,3876,341,1056.53,5036.91
8834,1553,2,11967,62,867,133,152,2104.69,4756.63
8835,1720,1,11302,555,9363,3631,216,1285.57,554.99
8836,1595,7,10722,404,4335,4796,192,1639.58,8531.0
8837,1366,2,10373,488,4485,82,312,4099.99,7966.06
8838,1202,2,11937,454,2556,1916,100,2636.76,1152.21
8839,1043,1,10421,263,9915,4546,286,3378.04,824.54
8840,1095,3,10484,511,3062,3687,90,4178.65,5136.01
8841,1845,8,11193,253,6494,800,49,3959.63,5350.47
8842,1300,7,10718,586,8535,3097,5,2315.35,7023.53
8843,1446,6,11087,84,2937,4379,403,4920.44,1346.16
8844,1964,7,10403,258,2973,3235,169,2685.69,7844.89
8845,1372,3,10846,232,8632,3223,81,2456.73,5843.08
8846,1213,6,11195,610,7554,1833,338,4588.98,9764.38
8847,1458,8,11400,211,237,3523,466,4118.56,1073.1
8848,1004,5,10272,608,2709,1597,464,4827.02,5721.84
8849,1272,6,11954,496,3074,4863,142,4009.23,4197.98
8850,1284,6,11907,28,9494,2342,416,4890.28,1148.94
8851,1220,7,11375,31,2975,118,319,2125.01,1000.29
8852,1474,7,11758,166,4813,466,80,1262.18,7366.07
8853,1309,6,10039,307,8557,3866,163,4276.37,3028.04
8854,1388,3,11237,661,4698,2680,243,1874.15,7765.44
8855,1318,2,11711,559,4183,2063,206,4683.9,3563.64
8856,1437,1,11228,125,1127,1756,21,3116.6,7021.21
8857,1267,4,11212,691,2933,2028,107,3930.65,2563.43
8858,1077,7,10865,468,6035,3066,21,1492.04,1396.92
8859,1462,7,10049,1,6159,4401,427,2249.75,8782.59
8860,1495,1,11727,268,7803,189,356,3258.53,507.51
8861,1504,5,11979,204,9846,2111,84,781.52,9659.18
8862,1088,2,10204,86,714,4238,110,2448.61,7797.94
8863,1576,4,11995,630,9290,4298,461,3877.22,7583.1
8864,1758,6,11258,74,1845,3728,435,4895.87,7937.75
8865,1528,8,10019,158,8174,3857,458,1039.13,5187.34
8866,1081,2,10194,124,7050,955,417,287.81,2269.14
8867,1763,2,10850,433,540,1444,144,79.92,3544.32
8868,1817,2,11165,599,1617,606,396,826.43,118.31
8869,1681,7,11896,464,4648,980,202,4144.21,794.59
8870,1444,2,10896,508,2903,4163,416,2870.07,2218.19
8871,1499,8,10138,319,4069,1593,127,3744.74,4690.92
8872,1863,5,11276,680,1225,606,173,1354.3,4034.49
8873,1360,1,11818,220,9056,2345,383,316.84,3520.08
8874,1012,7,10051,341,5685,1143,120,129.72,8161.85
8875,1838,8,11134,661,3002,2267,332,2334.97,8035.26
8876,1009,6,11585,676,5971,4542,60,1646.22,9799.28
8877,1478,8,11164,472,6717,4011,378,3175.22,7283.68
8878,1274,2,11952,548,3970,3577,109,1493.89,2549.64
8879,1593,3,11380,349,1844,3882,67,4192.89,1452.12
8880,1138,2,11196,465,7314,2337,227,2757.09,2451.06
8881,1986,5,10739,109,4346,2453,336,2788.59,861.46
8882,1773,5,11770,198,9111,121,237,4038.98,5122.64
8883,1587,8,11244,589,3933,1692,323,1141.95,9335.95
8884,1404,7,11662,310,5772,974,470,4586.43,6105.45
8885,1389,8,11461,12,4726,1352,104,2310.68,8967.42
8886,1401,3,10121,450,7506,1609,482,1388.46,5547.8
8887,1725,8,11461,128,234,3014,311,4956.32,4514.94
8888,1849,2,11018,8,5634,1960,184,4319.67,1710.03
8889,1376,6,11910,569,379,3300,433,2888.4,3975.93
8890,1847,1,10613,438,458,181,272,2265.44,9099.7
8891,1057,7,10094,233,9765,3383,236,878.13,1132.18
8892,1194,7,11071,703,136,782,9,1490.8,2740.5
8893,1256,4,10266,350,8708,1443,407,4331.36,1322.63
8894,1217,8,11432,279,5035,653,58,3809.38,7725.46
8895,1745,6,10892,669,1915,2021,415,3746.72,7169.72
8896,1208,6,10647,339,4037,4478,216,4760.49,8900.83
8897,1187,7,10912,576,7299,4016,449,2132.82,8246.27
8898,1945,6,11276,619,1068,2886,74,2435.24,8126.76
8899,1518,8,10985,655,3543,1790,370,69.27,9065.01
8900,1124,6,11955,615,1029,2971,261,2027.98,1974.05
8901,1416,6,10707,297,9842,2970,190,2756.3,3084.07
8902,1408,2,11667,31,8072,4520,94,373.13,5534.14
8903,1765,6,11456,247,4376,4089,262,1125.16,7229.0
8904,1292,5,10422,177,6418,2773,396,2250.22,583.24
8905,1843,3,11065,331,4020,2405,125,4189.17,6228.24
8906,1772,5,10764,566,4070,1862,33,953.08,3749.94
8907,1556,7,10238,409,9258,4593,1,4928.57,2545.85
8908,1135,8,11747,358,4765,569,465,3175.86,2981.32
8909,1581,6,11477,176,7257,3699,252,4393.93,1711.28
8910,1258,6,11007,714,9872,260,373,4357.96,8643.93
8911,1731,5,10150,307,6059,3732,366,3587.17,2139.1
8912,1843,4,10302,97,9514,2462,22,4719.22,2286.77
8913,1808,8,10416,516,8668,1318,192,3552.82,7408.63
8914,1747,6,10566,1,7343,4010,54,4794.76,6874.25
8915,1095,2,10258,272,3147,3716,37,4175.06,1070.82
8916,1381,8,11166,163,4224,1481,275,2906.2,6573.93
8917,1212,5,11320,459,4140,3281,429,1573.75,5700.65
8918,1340,8,11645,17,5955,4174,63,839.97,6828.55
8919,1033,7,10512,591,3295,516,189,1643.25,6013.33
8920,1493,8,11022,57,2287,1590,143,4873.38,8377.38
8921,1602,3,10980,213,2874,3490,498,4528.72,9439.65
8922,1459,7,10988,125,3825,1326,400,1669.42,1994.79
8923,1055,2,11133,188,6762,1681,315,3970.87,3331.24
8924,1968,4,11123,577,1940,4222,180,4741.78,9518.69
8925,1542,3,11921,551,8039,1366,271,4103.72,9104.21
8926,1184,8,10546,626,6570,2829,39,2548.6,696.49
8927,1900,4,10383,24,1150,1353,269,1359.63,4399.26
8928,1812,5,11115,573,9647,391,399,4334.58,2057.54
8929,1499,8,10782,539,1843,4417,314,3172.01,345.67
8930,1730,6,10785,98,4076,4904,250,1947.7,4521.26
8931,1673,7,11984,409,4490,3530,466,2655.71,1360.72
8932,1189,2,10418,401,6272,2317,292,509.91,5433.55
8933,1457,7,11925,259,1284,2055,208,958.04,678.14
8934,1053,5,10802,179,869,608,380,885.78,4340.76
8935,1249,3,10613,671,8318,251,107,3654.36,2707.69
8936,1048,8,10705,602,6800,742,263,979.45,3027.89
8937,1876,7,10391,440,7843,2223,264,871.61,8618.12
8938,1987,6,11827,83,1763,4057,196,1263.08,7941.22
8939,1977,4,11757,70,4437,1911,87,530.61,4032.44
8940,1254,2,11687,177,153,2520,25,3596.61,6755.35
8941,1978,6,10925,408,4529,4202,291,2314.51,5314.7
8942,1228,3,11067,170,907,4405,327,614.09,236.06
8943,1178,3,10298,327,1972,3105,431,1534.23,3072.22
8944,1153,8,11150,485,2660,710,185,2697.55,4888.64
8945,1903,4,11814,458,2048,1408,39,3963.36,7484.59
8946,1795,3,11748,327,4516,175,279,3505.11,7480.71
8947,1575,2,10883,78,3239,105,131,2568.53,8329.2
8948,1207,8,11619,128,238,2922,444,4410.78,9501.86
8949,1957,3,11396,7,7715,3136,39,4349.33,9133.92
8950,1704,7,10557,229,4399,4694,148,1582.76,8776.57
8951,1716,8,10007,8,3161,874,46,1046.32,1683.78
8952,1310,3,11496,671,4681,2783,190,4662.53,4403.12
8953,1831,3,11452,215,9801,2810,61,3910.16,9664.75
8954,1546,3,11940,297,8735,1755,246,4140.1,488.96
8955,1910,6,11366,586,7921,4380,321,2454.08,549.63
8956,1988,4,11826,430,479,2614,91,2606.09,1762.4
8957,1950,7,11996,429,8230,2685,366,4708.03,9977.3
8958,1781,8,10920,153,7663,209,161,1462.59,4883.99
8959,1671,4,10988,270,899,565,191,1164.66,8842.65
8960,1833,2,11703,273,7996,3886,180,3531.83,9516.89
8961,1796,4,11976,129,7302,1403,61,3909.76,1199.22
8962,1633,4,11682,417,3360,146,399,3148.92,793.63
8963,1738,2,10589,72,9507,1144,162,1651.83,3705.04
8964,1590,6,10342,213,6539,1991,52,445.48,2778.58
8965,1397,7,11497,678,8319,2045,257,2793.3,7321.87
8966,1378,1,11865,489,8050,1192,477,107.89,1439.22
8967,1749,2,11376,447,5250,566,486,2345.03,6633.59
8968,1212,4,10989,460,5690,4737,104,2649.91,8207.53
8969,1573,4,11178,641,5551,2427,378,2741.5,6473.27
8970,1013,2,11016,246,5433,1583,496,4735.48,6892.98
8971,1591,6,10314,429,8202,4413,373,4944.53,3643.57
8972,1676,5,10473,268,1151,2630,137,661.78,5132.8
8973,1224,8,10145,534,5376,2588,66,1477.29,8457.24
8974,1634,4,10133,366,7041,4233,419,742.88,8733.86
8975,1094,2,11273,720,3408,1811,318,2191.46,7642.7
8976,1614,3,11976,404,3697,1633,34,4974.93,7238.33
8977,1154,7,10097,366,3434,3033,80,362.0,2626.14
8978,1289,7,11430,525,2253,1133,8,4273.43,2554.57
8979,1446,3,11853,10,6914,4975,319,1821.97,9403.32
8980,1096,4,11588,606,4720,2157,399,3804.82,4268.26
8981,1332,5,11714,40,2649,4814,396,2209.26,9222.59
8982,1700,4,11014,243,587,2067,195,4237.84,1577.7
8983,1759,6,11642,73,1436,3499,328,1818.12,5079.55
8984,1544,7,11085,430,4515,2822,81,655.87,3324.25
8985,1443,4,10760,59,277,1456,6,1869.45,238.64
8986,1402,5,10557,183,1826,4221,258,3228.5,6539.17
8987,1530,1,11863,453,607,3998,468,758.62,9364.17
8988,1250,6,11184,469,6052,855,421,2461.65,8062.6
8989,1310,8,10360,418,186,4801,449,4940.19,6320.18
8990,1080,2,10617,635,8198,3934,219,1075.82,6502.53
8991,1670,1,11432,115,9379,2921,196,941.15,6356.67
8992,1199,7,10234,14,1222,1076,170,3062.72,7097.85
8993,1493,7,10924,189,8011,2781,117,85.02,4346.29
8994,1417,6,11193,160,9009,1488,49,2842.24,1640.58
8995,1576,7,10393,158,162,945,166,2518.32,330.38
8996,1677,6,10503,119,9940,2929,215,4900.12,5235.94
8997,1061,8,11527,499,3955,991,49,2811.04,5749.61
8998,1282,6,11141,187,426,3591,475,2868.51,4706.66
8999,1145,8,11892,656,9737,3446,436,339.86,2959.76
9000,1579,8,10975,718,8826,3472,429,3658.55,470.73
9001,1646,5,11194,527,5146,2933,158,3918.46,4119.19
9002,1982,7,11593,212,6700,2999,332,1863.79,226.16
9003,1340,1,11154,128,9205,4753,457,4827.06,492.34
9004,1195,6,10704,203,7448,3765,139,3453.86,1552.39
9005,1101,8,10943,497,6669,750,130,2586.33,8071.76
9006,1997,1,11806,250,7460,2852,339,2689.76,4745.13
9007,1370,4,11628,51,3213,4353,25,2112.42,5218.2
9008,1733,5,10962,80,6214,2892,492,3995.74,2706.92
9009,1843,3,10332,498,940,3680,450,3107.41,7777.62
9010,1396,8,10008,552,9653,4616,211,3998.08,8877.91
9011,1897,5,11797,498,7098,1280,499,3944.35,4866.47
9012,1739,3,10548,152,5717,3637,335,2333.91,2761.65
9013,1503,8,10997,426,2420,47,497,3604.16,7459.23
9014,1492,7,10580,24,7712,1680,9,2946.92,9808.73
9015,1461,8,10194,72,6026,436,397,3444.71,5688.52
9016,1012,5,10749,268,7470,3964,19,599.32,2243.61
9017,1304,7,11261,527,2434,625,239,2181.08,2316.76
9018,1017,2,10051,16,9507,3438,118,3993.28,6945.44
9019,1395,1,11877,84,9287,4354,165,4272.62,9129.17
9020,1556,8,10013,706,1078,2912,39,4258.36,9999.05
9021,1474,4,11059,285,6874,568,14,1377.05,4040.91
9022,1520,3,10277,446,1813,761,284,4545.22,4940.51
9023,1327,1,10141,727,3995,3901,439,888.17,8163.35
9024,1865,3,10866,399,2481,1865,414,3590.24,112.45
9025,1706,6,10466,286,9162,519,314,1198.4,9967.35
9026,1376,1,10178,4,1697,4449,170,4678.32,4840.92
9027,1399,3,10912,508,370,4861,327,1027.81,754.98
9028,1651,2,10979,477,3276,3332,147,2944.62,8199.9
9029,1047,7,10888,364,5824,1688,315,3629.23,9563.1
9030,1989,8,10499,449,2792,2515,188,3773.63,9307.09
9031,1338,1,10060,658,4810,107,307,3462.5,1664.29
9032,1044,5,11944,91,1815,1453,411,750.1,4828.72
9033,1426,6,11641,650,492,2144,25,1428.06,986.16
9034,1021,8,10112,243,8973,1874,327,1628.32,9688.01
9035,1246,3,11687,476,1297,185,391,777.34,9185.62
9036,1386,4,10778,542,745,322,490,1448.08,9505.34
9037,1961,1,10510,414,7220,2497,156,446.67,5851.2
9038,1614,5,10333,559,3529,4690,112,1272.07,4921.56
9039,1602,4,11785,352,1949,4238,398,2484.16,3748.76
9040,1077,4,11177,363,9599,318,29,1966.33,9486.93
9041,1621,8,11542,632,313,2999,171,1413.49,4325.17
9042,1128,5,10720,697,5280,1578,109,4656.6,6563.36
9043,1011,5,11446,127,7006,4397,91,2304.29,9839.87
9044,1459,1,11134,632,7429,4787,19,3466.5,3341.21
9045,1247,7,11965,117,3723,1613,162,2376.05,6567.95
9046,1855,3,10903,690,469,4026,284,515.99,5156.71
9047,1746,8,11067,547,8970,2132,197,4431.01,373.62
9048,1644,8,11294,189,7757,175,421,4253.91,7215.02
9049,1122,7,10574,478,7354,1613,313,3595.25,7514.29
9050,1079,7,10017,65,1203,709,190,4512.03,7362.73
9051,1066,3,10482,493,1863,4934,449,4222.32,102.18
9052,1408,2,10327,213,388,4969,118,3375.43,2935.75
9053,1804,3,10954,400,6040,1803,178,1978.55,5111.67
9054,1098,7,10747,353,8301,2744,61,412.71,7501.46
9055,1057,3,11656,428,3965,3056,85,1466.37,6737.25
9056,1208,5,11516,267,2597,346,307,3002.43,579.62
9057,1993,6,11672,500,621,4964,96,1795.55,9712.35
9058,1629,5,10675,30,2211,2920,426,4949.45,5108.35
9059,1811,6,10409,410,6317,457,180,4516.23,5843.93
9060,1794,2,11077,87,6249,1595,492,4009.82,4912.13
9061,1819,6,11177,146,5631,3904,183,2095.55,4603.7
9062,1200,7,10849,450,4627,697,314,3301.72,4951.1
9063,1960,6,11982,63,3114,680,480,722.3,5480.11
9064,1157,4,11040,691,2389,4874,348,2066.78,8232.93
9065,1933,5,10328,393,3169,4587,213,804.99,1410.13
9066,1168,7,10979,168,5080,1234,243,880.16,5802.79
9067,1718,1,10033,288,3556,180,472,2300.64,2340.9
9068,1227,1,11006,253,1786,3554,370,547.25,8972.48
9069,1145,5,11852,542,614,3832,216,4657.33,9369.29
9070,1167,1,11549,708,2025,1709,288,2578.25,5205.82
9071,1851,6,11101,553,9462,1990,310,4489.33,7578.55
9072,1368,1,10175,552,2140,1711,90,589.48,2882.39
9073,1442,5,11187,313,4935,4744,229,4357.55,8519.0
9074,1132,6,10299,382,9579,623,391,1281.9,2890.46
9075,1170,3,10951,594,3888,1690,56,1741.27,3714.87
9076,1320,6,10563,446,2319,4732,451,896.01,2244.24
9077,1425,6,10351,244,8815,281,407,3001.27,7957.81
9078,1658,7,11542,325,2908,4225,44,1901.24,5276.98
9079,1870,3,10179,175,6653,408,171,1257.0,9929.31
9080,1589,4,10971,347,109,4989,476,4206.42,817.03
9081,1680,2,11796,290,3652,979,254,4448.84,187.1
9082,1184,7,11151,167,6107,281,473,4688.43,1650.71
9083,1282,4,11986,624,872,4441,83,4871.41,926.84
9084,1450,5,11253,595,8839,2919,290,1065.7,4308.42
9085,1868,8,11701,347,7947,1113,246,2939.74,143.97
9086,1196,3,11383,381,6255,928,8,2593.42,6394.12
9087,1521,8,11448,556,7962,476,344,3224.46,7958.16
9088,1121,4,11688,179,3085,4062,438,781.83,2886.78
9089,1759,7,10748,221,2673,4687,367,4364.9,1164.11
9090,1998,1,10653,441,1608,1993,392,4146.98,7886.38
9091,1070,6,10198,605,2121,3846,97,1936.15,1914.48
9092,1017,8,11487,94,394,1625,478,2730.17,6375.77
9093,1122,8,11365,255,9645,2705,445,233.55,7504.32
9094,1943,8,11972,402,9342,1712,340,1242.62,9421.97
9095,1693,6,11800,571,2348,1736,211,2092.24,5172.33
9096,1861,4,11573,394,5511,2918,443,4496.54,4335.08
9097,1188,4,11457,114,7191,3215,160,531.35,9800.03
9098,1409,3,11833,408,234,2142,474,1354.27,8830.35
9099,1537,5,11667,586,505,784,467,1154.11,5678.93
9100,1466,7,11850,342,2504,1204,152,4721.62,7246.55
9101,1212,8,10579,317,1048,2519,299,1445.46,6293.19
9102,1451,2,10605,674,7645,688,3,3405.5,1522.2
9103,1516,3,10710,462,2376,1974,89,3662.01,4040.48
9104,1952,6,11404,605,1728,2512,2,3956.1,8642.51
9105,1772,5,10001,52,2397,1269,431,2583.3,9562.83
9106,1038,3,11740,532,4368,4836,285,977.23,7459.89
9107,1777,4,10637,346,4841,1643,407,4316.49,791.35
9108,1871,4,11371,81,9440,2279,156,3335.54,6231.15
9109,1431,7,11044,671,4317,3960,256,2188.2,9457.94
9110,1956,3,11756,32,6265,2673,173,3787.53,4969.9
9111,1539,3,10525,310,1985,3318,358,4908.64,9221.91
9112,1987,2,11107,257,3608,3904,413,2975.97,9198.6
9113,1077,4,11776,270,4421,4526,68,1094.21,1466.58
9114,1495,7,11091,432,3746,1029,141,666.11,5059.65
9115,1719,8,11985,116,9528,1486,275,2459.8,624.41
9116,1456,7,10604,523,1080,458,1,3126.47,8114.77
9117,1704,6,10939,642,3308,1480,267,3324.41,4594.61
9118,1143,7,10243,410,3807,941,260,2042.99,1770.87
9119,1853,5,10820,343,6767,2502,229,4938.94,9769.01
9120,1383,1,11953,58,625,657,220,3489.97,5756.16
9121,1763,5,11684,538,6455,4511,78,1100.91,8136.11
9122,1079,4,10877,30,1158,1342,14,3036.61,6723.35
9123,1974,6,11922,381,1173,2780,488,531.44,6575.15
9124,1542,1,10904,268,4686,3478,136,2217.23,1823.25
9125,1696,6,11741,4,7684,1444,129,4211.35,3153.39
9126,1488,5,10126,496,2552,2771,431,603.68,6751.46
9127,1174,5,11173,186,6092,1540,208,3289.95,8749.7
9128,1384,5,10571,289,5974,3622,307,150.09,9585.75
9129,1182,3,10922,50,6489,3311,29,2749.13,7391.79
9130,1621,5,11355,100,2675,2559,323,2579.25,2288.36
9131,1255,1,11707,195,1210,3679,78,431.19,8269.84
9132,1825,4,11153,510,3146,2928,454,140.72,5339.67
9133,1510,2,10539,624,2184,1377,380,4388.32,102.99
9134,1905,1,10585,523,9128,3017,498,1899.8,5650.7
9135,1667,4,11165,64,3714,1102,309,2036.84,2187.43
9136,1910,7,11800,339,6333,3502,158,3730.26,7831.73
9137,1568,8,11383,544,6071,2212,266,3590.57,219.99
9138,1516,3,10314,538,7457,3329,379,951.46,6262.15
9139,1572,7,10571,587,978,4489,478,60.95,177.42
9140,1829,1,11549,224,4605,2768,87,950.28,8455.34
9141,1171,3,10094,721,6015,3970,499,2891.81,3194.26
9142,1306,8,10711,452,149,534,374,4408.91,6956.46
9143,1079,3,11565,570,4595,894,484,4189.97,423.82
9144,1012,6,11424,519,2449,2579,422,3862.17,7757.92
9145,1202,5,11065,603,3734,870,61,4194.37,5947.26
9146,1960,6,11940,636,8542,2569,474,4943.24,1913.66
9147,1283,8,11686,525,2443,4488,383,4356.92,1777.94
9148,1312,1,11617,263,1287,292,181,1590.93,6516.17
9149,1283,4,11753,682,8857,361,241,3134.84,6205.91
9150,1286,5,11903,275,225,810,175,1009.58,4391.36
9151,1855,2,11265,22,1628,902,497,1631.66,6816.84
9152,1196,7,10464,470,4888,3180,476,2791.88,9491.12
9153,1520,3,10121,708,9649,3033,172,2026.22,1593.49
9154,1034,8,10223,646,5479,2816,468,2945.28,7153.59
9155,1595,1,11616,649,5123,873,20,4773.5,741.0
9156,1202,2,11248,197,413,3199,225,4544.81,9117.56
9157,1732,3,11928,589,9580,1821,395,2985.76,5624.44
9158,1895,8,11508,162,278,3165,228,4257.18,9610.05
9159,1910,6,11795,627,7098,1515,393,4369.16,1305.81
9160,1808,2,11072,120,1052,4949,224,3388.62,3798.22
9161,1730,2,11489,601,2092,97,95,2125.49,3100.51
9162,1176,2,11954,342,6508,3700,246,3724.44,7855.64
9163,1799,5,11108,69,6631,2994,72,137.65,7135.88
9164,1625,2,10353,636,6067,3141,317,3937.13,2555.88
9165,1369,1,10577,307,1143,65,158,4303.94,8007.16
9166,1126,6,10719,669,9141,4292,215,4818.74,3513.57
9167,1522,6,11186,243,1573,1052,491,3693.06,7166.5
9168,1282,3,11811,535,603,2464,67,1893.59,9651.38
9169,1399,1,10497,586,4500,426,9,4171.43,4041.19
9170,1739,4,11388,208,4337,246,35,3827.81,7289.32
9171,1560,1,10439,622,6445,815,373,1093.98,291.77
9172,1249,8,10434,451,7383,4488,369,2936.11,9942.77
9173,1557,6,10608,355,3708,4947,461,1728.94,5482.77
9174,1787,5,11727,261,4079,1568,228,3803.08,4480.02
9175,1775,6,10892,697,7989,2233,300,1377.37,2196.0
9176,1711,4,11186,7,3570,4662,299,4116.42,7685.53
9177,1649,6,10663,595,5738,4723,170,2906.86,3881.41
9178,1582,4,11248,60,4797,2302,282,3911.5,6772.18
9179,1152,2,10317,156,3838,3074,156,1103.37,6075.37
9180,1329,4,10472,296,4602,3299,333,701.24,9893.93
9181,1787,2,10623,506,1965,47,243,3022.11,2946.8
9182,1687,7,10880,192,3761,1723,304,1652.23,6770.34
9183,1529,1,11409,321,167,2620,388,1707.31,9783.94
9184,1911,8,11498,259,6760,333,223,2565.19,6347.27
9185,1784,3,10710,153,1408,1448,60,2014.4,8281.57
9186,1387,2,11810,710,9567,2722,305,1754.25,8420.09
9187,1955,3,11872,333,2391,791,210,3019.4,8456.41
9188,1596,2,11776,214,3128,2717,195,1723.37,2261.89
9189,1667,1,10637,5,9605,903,6,496.04,7887.06
9190,1038,1,11658,370,6179,2629,433,4340.66,4720.53
9191,1374,4,10532,336,9091,2550,315,207.76,5578.01
9192,1719,4,10929,637,1715,4344,41,3865.63,7041.12
9193,1580,6,11556,624,6979,1595,210,4340.71,3467.81
9194,1119,7,11257,428,4273,1731,140,4235.28,6524.56
9195,1298,2,10337,638,4156,3027,323,2214.1,8500.86
9196,1602,7,11916,640,4031,764,377,2185.43,6067.08
9197,1477,6,10517,91,103,1285,306,4383.46,858.81
9198,1060,4,10351,281,4894,1772,469,4247.88,7729.6
9199,1454,3,10154,3,2336,420,197,1320.44,1512.58
9200,1374,2,11835,492,436,3348,134,4264.2,4654.66
9201,1183,3,10761,522,1698,843,109,854.99,8458.51
9202,1181,3,10921,229,7295,2470,334,862.81,7622.55
9203,1303,6,10674,131,9462,3283,379,1382.57,6844.86
9204,1642,5,11912,602,9078,2547,146,4577.9,5716.76
9205,1893,3,10270,606,7263,1979,326,605.12,6504.8
9206,1724,8,11749,729,6565,565,488,355.3,1785.43
9207,1546,2,10409,215,2862,2228,270,2978.45,7681.98
9208,1977,2,10242,390,5700,3840,201,624.16,7160.42
9209,1671,8,10577,577,2869,3878,131,2825.56,9472.7
9210,1056,6,10246,183,3288,4120,485,2097.76,7993.28
9211,1997,4,11197,358,7554,1977,38,1961.96,1096.54
9212,1743,7,11591,28,7626,430,222,1370.33,3923.96
9213,1728,2,11012,507,8383,4947,272,4007.0,7795.41
9214,1311,8,11437,480,9129,1259,185,4245.22,4626.88
9215,1455,5,10178,441,6145,3086,380,4179.51,3456.17
9216,1123,5,10809,512,1169,2402,442,2570.48,1595.74
9217,1606,2,10149,155,4171,4881,435,4352.88,5628.04
9218,1967,5,10546,224,6537,3129,245,3341.65,2160.82
9219,1117,4,11412,67,8559,762,374,3158.32,3990.98
9220,1936,4,10194,231,3279,4605,223,3496.62,2755.73
9221,1099,8,11718,397,9615,2803,307,3481.96,4979.29
9222,1644,4,10420,219,3926,4400,122,1513.36,7955.59
9223,1076,5,11189,331,1408,1846,46,1995.5,4268.29
9224,1627,8,10533,713,5802,4873,226,144.78,9009.57
9225,1150,2,11987,686,9471,3440,230,2077.78,8896.99
9226,1651,4,10384,591,8714,3337,273,833.9,1173.0
9227,1666,8,10705,80,1074,2096,485,4089.86,9885.36
9228,1743,6,11568,592,1012,4846,179,212.68,8094.96
9229,1892,2,11363,549,9077,2243,0,1081.15,1517.82
9230,1543,4,10400,730,6803,341,450,2559.16,8348.89
9231,1798,2,11260,123,5198,1478,258,306.68,5125.47
9232,1259,4,10527,610,129,3910,199,591.96,2144.1
9233,1016,2,11582,640,2491,155,97,954.82,9836.35
9234,1649,4,10594,591,5403,3717,261,3672.19,2240.57
9235,1168,2,10792,50,8494,1593,91,2790.59,5222.05
9236,1375,2,10284,209,2488,3043,390,2060.85,7333.54
9237,1576,5,11823,653,9661,600,455,2665.87,9398.68
9238,1223,3,10365,616,4843,3548,191,576.86,9947.34
9239,1116,8,11165,125,2518,3622,130,993.51,3057.59
9240,1001,8,10646,608,7803,945,336,4578.67,6210.56
9241,1457,7,10943,724,3828,1278,467,4730.26,6980.46
9242,1744,6,10820,527,3500,2501,332,1879.44,2026.04
9243,1528,3,10930,180,157,2117,266,909.64,7471.03
9244,1630,3,10575,476,7218,1080,115,4138.65,6675.42
9245,1050,2,10945,57,6866,3194,47,4109.2,7221.83
9246,1032,6,10237,25,3770,4334,233,879.47,9983.53
9247,1538,8,10824,657,2479,4343,288,3807.01,6098.09
9248,1713,1,11436,574,826,506,12,3336.21,5932.98
9249,1729,2,11298,2,3528,711,271,394.74,4680.58
9250,1327,2,10331,299,3456,4392,332,2291.45,580.88
9251,1424,3,11868,712,901,729,321,264.48,3581.63
9252,1974,5,10501,406,2956,497,29,2606.18,7039.91
9253,1838,4,11524,241,8403,2817,93,4491.97,4190.19
9254,1869,6,10577,478,1157,2711,232,254.57,655.82
9255,1769,5,10453,687,2606,843,209,4281.85,7086.51
9256,1250,3,11588,92,8948,1599,148,969.63,7374.08
9257,1438,6,11436,384,6737,888,71,1448.63,9879.28
9258,1059,6,10004,455,2918,4985,39,2140.52,1796.02
9259,1562,3,11716,357,4132,4862,251,1237.63,6543.08
9260,1845,2,11669,113,7809,384,79,410.23,8656.45
9261,1029,7,11964,447,1708,1424,395,695.84,5565.26
9262,1144,8,11989,603,5363,1103,17,1410.1,6383.98
9263,1914,1,10607,652,1495,4706,390,4177.9,1485.49
9264,1932,4,10189,369,1357,1104,434,542.63,1363.93
9265,1256,6,11881,484,7420,2191,357,3701.44,6139.37
9266,1539,4,10986,127,9576,2647,271,756.95,2183.65
9267,1001,4,11778,259,1114,4280,304,2209.65,2039.26
9268,1318,2,10423,425,3081,1139,0,3175.37,479.44
9269,1242,8,11640,275,6758,3889,86,2166.45,4760.92
9270,1693,8,11784,478,1204,370,95,1133.05,1850.25
9271,1570,5,10285,161,5402,2987,52,1655.38,7557.32
9272,1125,7,10638,566,4557,2740,295,4654.2,2730.15
9273,1936,4,10593,440,1335,570,106,2901.49,1883.57
9274,1756,7,11940,250,383,3813,192,4437.38,8252.29
9275,1365,1,11070,185,8868,1555,205,649.35,6387.96
9276,1069,2,11138,285,1174,4415,173,4806.3,2933.84
9277,1761,6,11363,146,9813,3295,85,724.14,5864.18
9278,1186,1,10459,282,2679,1368,204,2933.44,1804.85
9279,1223,8,10444,247,1025,4076,167,3192.1,3377.39
9280,1765,4,11084,561,6449,4551,215,4608.0,5092.3
9281,1361,2,10153,434,1662,582,343,1314.04,2387.67
9282,1069,1,11538,230,5341,435,442,3769.09,5087.2
9283,1115,6,11385,475,1786,187,70,730.74,9691.61
9284,1772,6,10520,424,8035,1332,233,3729.37,7400.14
9285,1306,3,10097,152,9591,4450,490,4741.64,3626.93
9286,1111,6,10898,275,532,808,144,1527.16,3934.81
9287,1028,2,10697,113,2900,2977,174,4393.05,2770.76
9288,1672,4,10903,4,5866,2086,280,1959.04,9731.68
9289,1760,8,10911,197,7396,4976,474,915.83,1737.83
9290,1972,2,11733,343,2968,2528,54,4747.31,907.14
9291,1651,3,10618,532,4928,4535,25,1589.62,5105.07
9292,1133,1,10121,579,624,114,11,1072.19,2900.61
9293,1990,4,10506,128,9493,3641,184,1096.13,5176.68
9294,1401,8,11925,384,8564,2537,193,3626.47,4482.12
9295,1462,7,10870,20,1380,2937,249,3339.57,8572.72
9296,1151,3,10170,10,1704,4752,27,4982.55,8551.63
9297,1034,7,11885,335,9960,4895,217,1712.8,3354.53
9298,1403,1,11642,362,1023,2818,1,680.61,6294.18
9299,1776,4,11252,124,9526,3567,205,3862.07,9995.21
9300,1923,2,10030,155,3187,4678,466,4268.89,4519.57
9301,1062,5,11315,215,1504,3030,136,3693.48,7735.67
9302,1534,6,10962,316,5201,749,429,779.44,3228.67
9303,1471,7,10411,654,6661,13,79,1087.74,1343.48
9304,1295,3,10828,502,4120,2267,339,4702.32,5827.89
9305,1739,5,11086,127,7349,452,333,4704.89,6152.32
9306,1884,7,10116,667,1721,933,289,1382.84,8636.05
9307,1752,8,10596,577,7400,4932,162,3858.69,8549.49
9308,1634,4,11695,620,2319,1088,360,1683.29,8654.08
9309,1834,1,10392,334,7204,1446,480,2604.26,7454.59
9310,1663,8,11340,239,8280,1305,118,2066.27,4231.05
9311,1371,1,11485,398,2821,2263,430,1988.33,5467.17
9312,1415,8,10418,329,8754,3973,166,3310.16,5208.65
9313,1284,4,10261,230,1336,1372,394,2643.54,1224.61
9314,1122,5,10391,24,9985,2115,143,508.71,6167.79
9315,1855,7,10229,608,304,1104,318,4413.72,6862.79
9316,1327,6,10024,47,715,2439,242,1711.98,950.54
9317,1306,6,10082,469,5920,1844,46,3958.45,1538.96
9318,1551,2,11943,167,1792,4926,15,142.67,3865.19
9319,1074,1,11748,587,5564,4659,469,1070.75,3537.87
9320,1771,1,10069,698,7698,4704,80,923.0,3102.72
9321,1018,6,11467,157,3307,517,309,693.82,2248.01
9322,1222,6,10650,478,415,1471,246,1720.94,7466.11
9323,1404,5,11337,172,9412,1490,476,3170.35,4536.39
9324,1931,2,11059,438,5152,3605,366,3614.85,8130.48
9325,1004,6,10202,536,2799,1250,395,3581.2,1871.06
9326,1148,1,10724,464,2587,4357,74,2239.33,5946.76
9327,1651,6,10009,711,6269,975,14,467.73,7031.35
9328,1516,1,10628,379,444,1265,490,4346.91,1158.84
9329,1671,2,10814,385,4343,4262,480,1910.49,3899.21
9330,1537,4,11566,226,9592,4917,24,2184.74,3944.92
9331,1831,5,10420,184,716,327,266,1105.39,8607.11
9332,1182,5,10597,198,1966,2708,454,2014.13,2996.8
9333,1056,3,11919,119,1689,4208,420,3365.93,5441.5
9334,1229,6,10799,576,5966,3333,333,1574.0,8523.01
9335,1829,2,10118,79,2776,3263,153,636.27,7859.45
9336,1710,4,10630,616,9219,1613,243,1127.69,4624.96
9337,1319,3,10808,698,9553,889,356,1915.07,2131.25
9338,1892,7,10544,529,2529,26,298,4942.6,2621.97
9339,1485,3,10854,452,3800,3004,294,3065.37,463.45
9340,1788,1,10307,602,3786,742,244,3865.04,539.48
9341,1634,2,10896,634,2036,925,403,1718.93,8968.92
9342,1863,6,10193,444,9123,4693,384,2644.84,757.98
9343,1187,7,10721,635,9421,20,185,1507.2,4094.75
9344,1494,7,10894,183,6123,3533,298,1392.95,1253.68
9345,1682,2,11874,82,2222,2371,459,2298.04,6444.98
9346,1878,8,11868,246,9290,1064,118,3588.04,1130.06
9347,1222,2,11718,126,2868,1299,353,2010.58,4978.34
9348,1365,1,10139,312,8875,4080,47,4731.76,5238.28
9349,1342,3,10429,5,6099,3785,313,4253.81,9209.2
9350,1739,8,10934,434,7535,3719,206,1190.1,697.85
9351,1937,2,11962,607,1949,3166,301,1364.53,5779.73
9352,1413,3,10015,211,7261,1594,427,421.58,2866.63
9353,1840,8,10686,493,5749,2665,195,2344.97,3497.03
9354,1619,4,11553,69,4703,2004,111,794.81,9144.04
9355,1954,3,10296,421,8378,3810,237,1753.08,1241.23
9356,1049,3,11208,205,606,421,131,4669.23,8509.12
9357,1274,5,11993,664,1172,3449,419,931.95,211.36
9358,1490,1,10496,132,4060,3186,425,2333.42,9036.57
9359,1041,1,10172,662,5492,3922,145,2070.71,897.63
9360,1413,8,10424,660,4364,4449,388,4183.78,9385.8
9361,1622,6,10883,340,2628,1913,378,623.0,109.15
9362,1028,4,10356,303,8137,3011,323,1670.32,9015.97
9363,1966,5,10267,207,2433,2306,104,576.9,723.79
9364,1936,6,11836,145,8083,3250,376,449.23,7708.43
9365,1406,5,10919,620,5654,3937,69,348.29,1322.28
9366,1096,1,10112,72,1355,3292,318,2296.31,4708.19
9367,1311,5,10157,720,9888,4724,322,3086.63,6420.76
9368,1177,5,10382,288,7661,1669,346,750.97,2040.42
9369,1244,2,10039,86,4595,2131,132,984.52,2485.92
9370,1267,1,11367,572,818,4275,110,1482.61,5439.93
9371,1601,4,10473,121,8191,3351,100,4507.22,8140.26
9372,1098,1,10214,441,4683,2165,452,4121.13,3311.79
9373,1371,6,11814,727,5233,1899,496,1657.0,9033.34
9374,1046,6,11596,350,9125,2798,70,1365.25,5949.36
9375,1427,7,11807,444,9381,2088,107,1325.77,3655.93
9376,1104,8,11975,417,3653,2324,252,1636.64,8695.15
9377,1755,7,10270,497,383,1076,264,1131.71,7900.98
9378,1707,1,11903,466,1564,4006,421,1248.54,7060.3
9379,1098,2,11798,457,7393,4592,337,4588.25,8819.96
9380,1219,6,10041,604,1926,3289,75,148.55,9731.26
9381,1317,1,11546,580,1975,3195,335,1141.61,7465.7
9382,1665,8,11137,406,7652,1731,223,3592.28,8216.88
9383,1479,8,10531,669,9854,2336,430,298.43,6553.42
9384,1371,2,11066,298,8527,3658,306,1071.97,1804.94
9385,1813,8,10179,203,3618,4041,473,1131.45,3772.18
9386,1705,8,10980,308,6360,2097,331,3188.53,7453.91
9387,1060,6,10384,247,3812,1994,443,2486.42,8127.75
9388,1508,8,11857,612,8330,3077,109,4111.29,8894.84
9389,1699,5,11541,560,3186,4087,277,1197.42,8978.56
9390,1576,2,11705,197,4145,4008,49,1095.54,6655.63
9391,1825,4,10007,223,1519,3405,36,4937.21,6771.64
9392,1367,6,10359,614,8112,1082,73,4000.78,5516.18
9393,1364,4,11229,189,1016,4715,169,4579.79,2623.8
9394,1619,3,11304,254,4253,4076,438,2156.05,408.71
9395,1498,7,11501,85,1156,2908,439,3609.3,4926.61
9396,1020,3,10091,38,556,470,126,4120.76,2190.51
9397,1911,1,10817,46,411,713,16,2146.59,4189.22
9398,1540,2,10676,724,6878,3033,62,3471.34,9809.74
9399,1754,7,11943,419,7333,1323,191,3761.67,9363.99
9400,1924,8,10963,610,6621,1926,52,2376.26,2061.09
9401,1569,5,11370,301,494,4580,151,2119.78,800.86
9402,1202,3,11865,691,2268,4250,57,2600.08,3986.48
9403,1271,2,10847,711,2987,2127,230,1706.73,4815.73
9404,1396,6,11758,653,3659,332,291,1951.04,1986.17
9405,1438,1,10596,215,5038,2679,71,1439.2,4981.45
9406,1063,6,10250,565,5456,1540,369,1928.47,1898.23
9407,1860,3,11723,456,1559,3178,33,4588.7,4099.27
9408,1723,1,11382,52,8982,976,12,4007.75,7350.82
9409,1405,6,11502,66,5471,903,185,1294.35,4502.18
9410,1341,4,11789,246,1939,2035,225,1738.11,6225.03
9411,1034,8,10254,489,9549,2954,382,1492.58,3728.41
9412,1638,7,10996,470,1648,4167,1,3053.86,3749.21
9413,1977,2,10800,122,9161,614,3,4731.46,4716.11
9414,1694,7,11418,549,5150,2288,158,559.56,6113.28
9415,1979,1,11447,566,8245,2972,164,1949.36,952.03
9416,1092,8,10962,223,697,989,5,2168.8,7658.36
9417,1373,7,11504,400,7807,2367,99,81.1,7899.82
9418,1082,6,11136,468,7895,1522,463,3547.96,5983.48
9419,1125,1,10934,443,2413,3760,388,3828.24,1739.56
9420,1291,4,11434,462,1296,4956,224,429.05,9766.0
9421,1059,3,10970,602,6854,2111,196,4109.93,7373.44
9422,1263,8,11185,2,8187,2629,396,1443.02,1182.72
9423,1280,4,11745,246,2602,222,123,4566.0,958.75
9424,1664,6,11506,558,7430,27,165,1551.57,287.11
9425,1017,4,11675,54,1683,236,343,363.05,4746.9
9426,1253,2,11963,210,3844,2816,60,1589.23,6735.63
9427,1172,7,10868,544,7554,3084,1,1543.09,3797.1
9428,1048,2,10342,372,519,793,1,3804.69,7172.74
9429,1879,2,10702,421,2063,4571,290,2719.05,9777.93
9430,1591,8,11442,54,9581,2590,108,2945.38,9325.72
9431,1669,6,10083,527,3598,2108,323,4566.5,5614.8
9432,1993,3,11983,698,5751,1307,205,1456.23,9625.49
9433,1317,7,10659,61,8304,753,458,1939.3,6060.54
9434,1099,7,10893,334,3691,4944,185,4316.88,5336.01
9435,1632,8,11410,362,3354,2148,57,4105.3,4867.36
9436,1449,4,11738,150,6028,689,426,3130.48,7485.01
9437,1383,2,11465,346,9121,4086,35,1345.65,6491.67
9438,1556,6,11968,622,7488,4211,223,417.06,8246.36
9439,1222,6,11278,190,756,2686,89,4910.03,3025.63
9440,1024,4,11374,20,5988,2151,380,1699.83,8550.07
9441,1705,3,10151,275,5056,1115,337,4316.63,657.49
9442,1729,2,10224,387,3004,2778,393,4684.17,9804.88
9443,1077,4,10517,40,3659,2674,473,4217.02,7908.65
9444,1108,8,11858,525,3698,1709,39,1042.83,6860.14
9445,1080,5,10231,548,9878,805,218,3881.96,3810.75
9446,1215,5,10637,604,6050,954,232,676.93,8248.61
9447,1613,1,11062,27,209,3980,222,2801.43,4699.72
9448,1126,5,11572,472,8053,362,199,402.73,8638.32
9449,1078,1,10970,568,5402,2476,315,1009.67,2342.52
9450,1815,2,10258,24,3420,42,475,3523.39,3604.09
9451,1636,4,11926,643,938,3597,132,3496.54,6873.5
9452,1912,4,10876,549,9926,690,331,4046.66,9894.02
9453,1546,7,11615,513,7751,4640,147,3150.07,3686.33
9454,1587,5,10552,343,7429,3744,155,2915.69,5279.49
9455,1460,7,10392,119,1532,1963,24,2967.9,3056.93
9456,1240,3,11016,637,5852,2111,9,3210.21,2766.72
9457,1512,3,10528,11,1023,728,155,3620.39,8058.1
9458,1466,7,11256,400,2101,561,233,715.1,5125.93
9459,1874,3,10706,287,3458,1958,332,292.22,6595.75
9460,1359,4,10798,307,5244,845,91,3904.85,8790.73
9461,1330,1,10820,151,9886,4575,76,780.01,8312.39
9462,1573,5,11725,568,8612,4815,464,438.54,542.29
9463,1183,4,10177,310,3304,2069,170,815.42,7829.35
9464,1281,7,11650,217,6916,262,259,1636.13,4934.44
9465,1187,6,10287,359,4884,4697,104,3748.1,3887.36
9466,1083,5,10926,51,105,4119,261,4055.84,3107.99
9467,1005,6,11770,35,9000,3815,402,2025.74,6188.14
9468,1615,5,11755,127,9436,3744,45,618.89,874.12
9469,1362,5,10978,273,6954,4044,496,61.4,2996.41
9470,1238,5,10514,438,7255,3676,224,320.66,1502.29
9471,1231,7,11822,611,1483,4724,166,2880.9,3414.81
9472,1917,5,10340,499,6595,99,185,2353.6,5429.81
9473,1408,3,11586,460,9828,2757,209,2391.9,6049.01
9474,1888,3,10321,113,920,1255,280,4261.11,9784.95
9475,1332,7,10192,145,7909,4651,270,3350.29,7650.88
9476,1417,3,10568,262,4855,4285,331,4043.88,6599.25
9477,1765,1,11536,286,8757,3512,326,2232.78,4685.29
9478,1755,7,10148,192,1477,1541,319,4311.73,5252.11
9479,1888,3,10474,636,8897,2183,181,1359.19,8339.45
9480,1906,8,11269,467,9349,2378,366,1534.95,3070.75
9481,1778,3,10164,688,7702,2401,60,1386.86,9730.77
9482,1154,8,10379,594,1434,2112,191,606.5,7434.42
9483,1842,1,10407,546,9518,2282,199,1292.8,8762.35
9484,1463,1,10768,22,4982,1130,108,4360.7,9391.85
9485,1898,8,10275,731,5796,4060,379,3062.51,7862.85
9486,1691,1,10323,587,9692,3313,156,4543.22,6938.29
9487,1633,7,10187,544,783,15,212,2292.28,7823.42
9488,1316,8,11134,453,7857,3349,256,552.91,7489.98
9489,1648,3,11705,264,9961,1097,85,2545.98,1546.31
9490,1783,5,11052,358,1939,4422,482,316.58,8404.78
9491,1523,6,11177,343,5318,902,38,2952.35,3729.56
9492,1046,8,11224,244,2371,825,379,2490.22,8082.33
9493,1778,1,10297,342,2016,2769,0,2542.46,5339.26
9494,1642,1,11745,594,3271,2923,328,513.8,5353.35
9495,1291,2,11111,142,7692,2846,9,1355.8,6451.98
9496,1805,7,11061,653,8303,392,218,2178.3,388.38
9497,1505,5,10103,527,1943,1907,392,2399.84,2292.14
9498,1169,5,11130,23,5749,3502,33,3502.74,4973.18
9499,1687,3,10525,108,2495,4235,145,1658.27,8614.25
9500,1664,7,11914,373,7042,1392,105,1350.6,6992.62
9501,1219,7,11199,543,840,4099,62,1828.07,3409.34
9502,1140,1,11830,502,702,3751,243,123.6,2190.02
9503,1120,7,11916,156,1887,2505,424,2901.27,6048.36
9504,1015,3,10597,577,3940,2790,68,4762.5,5172.51
9505,1140,3,10650,431,5760,4861,46,713.73,2596.48
9506,1666,8,10412,415,8242,3409,365,1218.26,7657.9
9507,1190,1,10585,620,7133,601,444,1517.56,3870.44
9508,1736,8,10944,345,3499,4820,479,2533.11,6079.41
9509,1697,3,11918,683,7817,3529,346,3860.68,2612.81
9510,1898,2,11160,519,7284,1776,314,4334.49,135.71
9511,1787,8,11676,486,5356,1089,443,3376.94,5507.85
9512,1938,2,11488,557,9359,903,347,2943.19,228.95
9513,1014,1,11808,82,9758,1637,295,2854.71,2320.6
9514,1783,2,10925,193,1682,3296,310,1226.67,6194.69
9515,1020,4,11672,651,318,3374,491,4740.57,5948.4
9516,1046,3,10208,83,5304,3604,56,1364.61,4572.36
9517,1149,7,10602,425,5969,187,421,1560.24,248.27
9518,1089,6,10323,220,3071,134,490,2196.57,6411.07
9519,1632,1,10500,35,4450,303,29,2490.41,6935.74
9520,1464,8,10051,675,5440,4693,250,4432.28,7802.27
9521,1694,6,10179,689,3348,923,382,2733.43,5457.7
9522,1693,6,11083,30,3119,2055,438,4844.17,1579.0
9523,1578,2,10485,136,5152,2641,279,2899.53,1337.09
9524,1892,7,11145,455,8502,238,57,3520.25,9143.3
9525,1314,7,11864,184,3954,524,390,2827.39,2473.07
9526,1606,3,11392,125,8511,4549,129,2623.98,8266.41
9527,1098,4,10390,435,1882,4700,305,3527.47,6213.36
9528,1095,2,10215,702,4858,801,425,179.44,5811.8
9529,1845,6,11663,505,7246,2779,146,598.43,250.96
9530,1010,3,11077,428,3142,4240,306,3262.14,3897.39
9531,1631,1,11796,695,1568,3165,226,3514.22,954.6
9532,1781,6,11433,402,5419,3521,196,3387.84,9249.25
9533,1657,6,11262,466,5669,1770,265,3626.97,4559.07
9534,1549,7,10688,494,3440,4160,262,4086.77,857.82
9535,1199,3,10653,657,278,767,312,512.09,800.64
9536,1231,6,10687,639,2397,2465,415,4247.53,4318.47
9537,1789,8,11706,55,384,4427,97,1353.64,603.17
9538,1839,6,11911,424,7209,4330,27,838.87,7818.51
9539,1062,2,11642,472,1067,2693,172,3358.77,1958.48
9540,1627,7,11904,476,519,2159,420,3387.21,3485.6
9541,1206,6,10635,175,9405,3371,445,2646.04,6667.48
9542,1398,2,11458,498,3978,4092,138,2722.52,4298.16
9543,1566,4,10762,382,7568,3995,171,3236.46,9905.68
9544,1883,4,10706,656,8711,2103,239,391.13,9054.74
9545,1250,8,10183,61,5421,2089,181,153.95,1917.56
9546,1548,2,10365,493,7254,276,349,2894.84,7697.98
9547,1556,6,10559,306,2482,1686,166,2046.45,246.04
9548,1451,6,11051,500,6324,3637,478,4744.48,7220.72
9549,1336,8,10514,172,7725,601,290,739.24,7442.63
9550,1817,3,10930,55,4733,1883,291,3809.4,8514.62
9551,1427,7,10216,468,4662,1301,288,1146.94,5050.19
9552,1383,3,11476,640,3020,4111,439,669.38,2435.65
9553,1220,7,11630,722,6007,1759,186,1446.32,6643.27
9554,1252,2,10114,115,2110,1832,129,4925.67,4692.91
9555,1500,5,10534,446,9884,3260,477,518.22,8426.76
9556,1814,2,11836,89,8502,1494,168,2870.92,5422.96
9557,1782,8,11509,194,8196,1262,169,2545.16,4253.55
9558,1550,7,11052,471,6025,2153,159,2422.91,8942.95
9559,1283,6,11966,600,984,4756,47,3873.76,213.72
9560,1106,5,11347,145,3644,4343,5,3160.22,7778.36
9561,1867,3,10478,66,4880,2591,43,294.57,7468.71
9562,1353,7,10075,352,764,2911,476,4744.94,5494.57
9563,1759,7,10970,281,5756,1140,172,2705.8,8081.53
9564,1171,7,10777,243,1903,3777,14,2327.15,8899.11
9565,1234,1,10507,106,8105,3426,43,491.81,4097.1
9566,1316,7,10076,172,6329,4288,400,3253.72,5529.29
9567,1957,7,10238,677,1283,2561,265,829.8,5159.63
9568,1615,8,11917,554,9841,563,69,133.23,4093.42
9569,1327,2,10200,369,7054,641,233,386.27,6295.49
9570,1200,3,11261,492,6869,1403,321,4824.22,4951.48
9571,1565,6,10772,457,9121,4184,160,4580.73,5111.73
9572,1008,4,10132,201,122,1914,74,4790.78,9090.96
9573,1284,4,11848,125,7608,2661,320,4477.54,6204.34
9574,1259,7,11234,473,9097,1342,194,1738.84,8217.89
9575,1692,7,11882,56,5651,3310,235,217.52,669.84
9576,1074,3,11789,537,2634,4125,17,3352.66,9005.24
9577,1514,7,11231,730,5339,626,191,1540.5,5075.74
9578,1677,8,10411,485,5726,3480,211,1490.37,3293.04
9579,1022,3,10055,388,3764,2226,465,2053.27,287.92
9580,1174,6,10121,172,4795,3196,252,3346.66,7164.03
9581,1088,8,10526,219,257,2047,150,4486.15,5319.64
9582,1096,1,10161,167,5280,3733,450,1831.96,758.83
9583,1042,7,10453,451,8340,4202,412,4648.53,3039.8
9584,1542,7,10703,252,5952,1571,314,1370.76,2346.95
9585,1847,7,11618,471,2976,1852,26,630.04,9320.71
9586,1300,8,11080,496,3696,1218,10,3973.9,1685.14
9587,1662,5,11113,261,3790,4154,131,1411.26,9301.4
9588,1032,1,11900,381,5688,1278,357,654.95,7540.03
9589,1072,4,10057,317,7169,383,55,4075.16,3141.26
9590,1018,1,10445,61,7395,1788,390,1992.6,8044.3
9591,1332,3,11539,96,4826,1496,447,179.08,8161.16
9592,1521,8,10794,139,248,3750,341,1994.53,364.64
9593,1440,2,10994,573,5480,4017,248,2626.27,9051.93
9594,1550,8,11947,285,8583,237,131,3039.37,5380.57
9595,1302,8,11945,158,797,361,481,1991.2,183.0
9596,1591,7,11246,581,1674,1854,135,4355.12,836.51
9597,1411,5,10600,702,4921,1950,82,2806.28,5912.54
9598,1758,2,10705,584,2765,2188,134,2817.61,507.08
9599,1494,7,11172,539,2194,1273,168,3683.02,9257.75
9600,1046,4,10538,565,2296,3195,158,916.24,1704.83
9601,1329,7,10257,85,8425,2578,486,3338.56,6114.83
9602,1375,2,11178,356,4307,2912,178,851.2,7260.25
9603,1846,4,10379,339,7097,2188,175,4396.48,660.15
9604,1198,7,11634,17,3347,3687,398,1684.2,4321.09
9605,1244,3,11365,233,4696,2703,440,1601.97,8448.94
9606,1248,4,10066,703,1074,3676,447,2821.3,6622.54
9607,1195,6,10385,293,8051,722,103,356.98,5830.97
9608,1971,1,10893,500,5393,3648,223,2425.2,480.97
9609,1965,5,10615,285,7258,2288,475,1274.57,2239.18
9610,1806,7,10415,209,1535,4286,300,711.58,7999.78
9611,1614,8,10284,475,6288,4690,482,4256.99,193.23
9612,1569,8,10599,534,496,4363,213,4379.36,4507.24
9613,1084,7,10501,119,4094,931,460,3277.63,9541.56
9614,1789,6,10936,652,5629,3457,406,2473.37,3010.55
9615,1072,6,11697,597,4282,1964,292,230.12,6392.84
9616,1731,7,10958,396,7093,4104,481,1390.09,5963.91
9617,1815,3,11808,129,9569,2390,273,589.24,2525.47
9618,1429,5,10242,60,6776,1997,140,3560.18,2324.92
9619,1337,2,11417,727,5363,2855,27,560.16,1341.47
9620,1217,4,11442,684,9760,2790,248,199.55,7719.34
9621,1614,7,10562,583,4508,3028,82,2064.37,938.63
9622,1670,7,10523,277,7414,265,319,2794.74,3519.7
9623,1898,5,11030,408,8230,1262,269,409.84,8625.96
9624,1044,1,11084,35,9525,4780,444,2770.13,1821.37
9625,1778,1,11348,513,3326,946,142,204.29,4416.62
9626,1360,6,10588,173,465,138,422,2899.29,8209.14
9627,1811,6,10472,166,3577,2840,296,383.59,7013.54
9628,1669,3,11295,565,8137,2636,182,2823.13,7477.72
9629,1195,3,10945,595,7430,4820,412,1362.98,4109.61
9630,1597,4,10916,681,3367,4417,198,3196.41,7263.87
9631,1787,5,11669,352,9841,2111,139,1285.09,7090.55
9632,1645,3,11416,489,609,1336,60,2146.08,5430.24
9633,1200,7,10589,558,7388,428,283,3765.14,6686.04
9634,1274,3,11177,249,1965,3843,339,3414.43,1574.01
9635,1887,5,11857,479,4406,2975,27,3336.06,1516.58
9636,1534,4,10926,484,9265,1774,254,3089.59,614.85
9637,1083,2,11963,156,905,171,392,2418.1,8859.6
9638,1403,6,10112,446,900,1887,109,4038.95,6544.95
9639,1977,5,10412,307,7240,2621,461,3594.38,2281.69
9640,1231,8,10501,365,4186,2051,407,4366.13,2780.23
9641,1256,2,10386,486,3760,260,338,3346.1,564.23
9642,1624,1,10920,291,2436,3322,101,2951.63,8097.42
9643,1810,2,11332,149,803,318,354,428.16,6721.01
9644,1745,2,10281,429,9760,4070,437,210.29,4196.05
9645,1002,7,11808,151,7844,1313,187,199.31,6321.74
9646,1685,4,10797,422,9103,92,473,1553.6,2037.29
9647,1589,2,11204,343,2343,2109,167,1189.83,390.66
9648,1225,3,10542,50,782,960,43,2490.61,5739.2
9649,1463,5,11605,163,1083,1567,188,4576.71,8619.69
9650,1692,2,10382,425,7505,1393,296,857.11,7501.19
9651,1608,1,11470,325,1578,2601,92,4837.97,2729.15
9652,1880,2,10925,188,1499,1606,344,3241.34,1387.8
9653,1264,2,11068,512,2363,3082,227,2512.58,7897.37
9654,1107,7,11839,213,511,4665,430,4990.99,3117.52
9655,1322,6,11542,370,9199,3895,364,3709.87,1053.89
9656,1519,3,11932,351,7116,3415,330,3037.61,1586.72
9657,1568,3,11944,344,1999,4185,20,343.03,6806.33
9658,1270,6,10157,276,6358,2021,408,2226.86,7217.62
9659,1815,7,11547,170,9021,3472,127,2773.03,8184.05
9660,1402,2,11083,118,2752,3913,319,1608.05,6805.4
9661,1103,8,11924,23,400,3375,252,1565.42,3087.57
9662,1565,4,10734,447,1927,475,434,1634.25,3127.27
9663,1407,1,10890,204,8409,3822,10,1964.22,3328.73
9664,1743,7,10718,369,8395,431,352,741.72,3022.11
9665,1898,3,10806,60,7237,564,35,4200.3,3486.89
9666,1954,2,10647,423,7540,1135,70,718.79,9340.78
9667,1008,5,11659,229,1054,4426,417,3362.9,1332.73
9668,1322,3,11438,552,8071,3254,467,3750.16,6624.02
9669,1017,5,10071,354,6753,1014,273,781.7,5292.92
9670,1235,5,11404,522,4246,2817,353,3822.49,7769.19
9671,1209,5,10471,592,3311,3437,148,2762.57,9282.5
9672,1493,5,10636,416,859,327,399,3692.69,7293.02
9673,1362,8,11548,137,4603,2213,431,4453.02,6190.52
9674,1012,5,11147,528,5274,1492,95,1680.83,1168.42
9675,1940,2,11141,712,2753,1098,442,1490.53,9621.5
9676,1449,3,10607,716,6135,3312,403,2911.33,4001.23
9677,1363,3,10080,714,7438,3802,293,2451.72,2883.25
9678,1224,5,10232,246,9145,3221,458,3320.51,2299.17
9679,1665,6,10693,338,8990,4105,57,4727.65,6532.56
9680,1729,7,10687,25,6613,1568,214,2985.94,3454.77
9681,1501,4,10946,120,6204,4955,105,96.72,5138.39
9682,1306,2,11423,196,1337,1913,468,1330.3,7578.21
9683,1686,1,11332,443,2527,3302,265,4560.05,119.36
9684,1290,7,11558,184,6835,2298,12,3214.88,4104.59
9685,1819,7,10385,378,645,3772,66,4074.23,5508.87
9686,1576,2,11187,81,4818,2583,301,797.48,7784.61
9687,1217,2,10545,429,160,4638,125,1056.55,7512.17
9688,1995,7,10750,28,3268,329,106,4959.35,7996.38
9689,1620,1,10223,428,6387,4415,352,1596.11,4901.6
9690,1395,6,10336,472,6470,3835,312,4797.81,8596.87
9691,1285,3,10077,327,4056,2326,98,2285.82,2243.21
9692,1572,3,10932,281,5346,1808,197,4682.78,8834.3
9693,1087,3,11386,83,6075,1400,224,340.32,7994.59
9694,1089,6,11056,503,6626,4160,345,857.67,5286.19
9695,1895,5,10598,369,3863,1595,210,709.06,9872.63
9696,1649,4,11297,366,4661,1138,473,2760.16,3425.16
9697,1109,6,10826,150,3991,4309,370,1688.22,8918.18
9698,1367,2,10712,362,9852,1504,193,168.99,3807.76
9699,1168,8,11610,413,8559,3838,332,823.9,7759.67
9700,1339,8,10087,449,929,4973,265,4760.76,1171.74
9701,1347,8,11989,344,9770,2772,195,3686.1,8709.14
9702,1890,8,11508,418,6539,3355,93,2279.53,9197.94
9703,1497,6,10968,194,8884,1616,19,2282.48,2426.79
9704,1358,6,10568,42,1063,4905,36,1395.33,6913.56
9705,1341,8,10767,132,6887,2995,88,3060.48,1627.88
9706,1553,1,11991,552,7404,3938,246,3529.22,4832.17
9707,1079,8,11968,158,3177,2446,363,4257.29,825.05
9708,1735,7,11162,292,168,2193,365,3171.1,9563.89
9709,1350,3,10486,28,1340,2052,54,2051.23,9931.35
9710,1585,1,10099,485,5569,2094,242,3023.46,7969.05
9711,1016,3,11564,380,1247,1268,426,2663.69,1990.68
9712,1368,5,10603,62,7943,4212,348,4560.38,8470.66
9713,1329,4,10607,573,1846,80,73,114.05,2114.03
9714,1848,6,11126,216,3084,2501,224,4120.48,8425.55
9715,1157,2,10342,391,6853,1108,374,3609.02,4690.64
9716,1572,1,11028,621,8423,2400,302,3728.9,5097.35
9717,1610,6,10880,215,2671,3498,322,2554.87,1829.0
9718,1807,7,10117,320,1861,2012,131,1180.91,9355.22
9719,1642,5,10984,240,9642,2382,317,534.17,802.38
9720,1788,2,11707,209,7230,4134,355,4996.53,2125.62
9721,1382,7,11124,131,3212,4589,297,3778.76,5303.54
9722,1973,8,11262,153,785,783,217,2689.62,4529.69
9723,1412,1,10107,83,3894,3826,130,2518.34,2175.69
9724,1379,2,11757,427,6711,1091,48,2382.87,4499.96
9725,1261,1,10160,248,3035,2679,11,1991.87,7119.25
9726,1386,6,10251,674,3283,2863,159,1480.97,3685.77
9727,1259,6,11545,514,8294,1842,425,3439.88,6771.5
9728,1382,5,11449,355,9820,2313,485,152.71,101.96
9729,1012,1,10099,207,9707,1849,19,2593.91,3036.31
9730,1443,6,10393,19,5315,2467,165,998.68,4494.68
9731,1777,1,10313,198,5536,3357,82,386.56,6175.14
9732,1343,5,10039,8,7635,186,107,4705.27,6319.98
9733,1382,3,10251,337,6033,3571,220,4365.39,3212.68
9734,1990,3,10802,654,7409,2436,190,4624.51,8658.86
9735,1881,5,11771,415,6639,3837,484,1479.68,2301.31
9736,1837,7,11728,508,9986,1989,44,1986.07,4163.71
9737,1294,8,10208,29,4993,2559,258,547.15,9364.71
9738,1016,6,10206,693,4183,4924,153,2425.28,8169.54
9739,1041,7,11586,103,3812,2110,334,4792.81,9654.87
9740,1577,4,11015,484,7724,2834,458,2419.11,5229.43
9741,1286,8,10496,94,1090,4799,293,2680.24,9004.14
9742,1389,5,11065,118,7909,3531,266,243.09,9886.74
9743,1836,2,11614,532,7334,647,77,4052.18,8211.64
9744,1870,6,11528,226,373,2667,48,4338.34,8326.44
9745,1813,6,10951,30,1657,3377,327,2311.85,2563.74
9746,1764,1,10585,451,3196,4895,181,1791.64,9002.29
9747,1556,3,11657,158,9345,3269,66,4182.12,7352.46
9748,1026,8,11375,17,8912,4158,7,1484.33,4584.6
9749,1125,6,11369,40,3913,3773,187,2610.85,9100.55
9750,1676,3,11270,525,5527,1194,55,351.82,5669.39
9751,1889,3,10077,389,7950,4560,244,4328.73,1131.16
9752,1453,6,11723,461,944,4719,19,640.87,4675.43
9753,1644,2,10885,389,4364,4254,35,3426.96,9957.31
9754,1770,7,10826,213,7085,740,475,4383.17,5596.02
9755,1722,7,11618,331,5976,3053,325,1751.77,4506.46
9756,1622,1,10373,376,988,678,276,3501.01,9264.97
9757,1410,4,10797,265,1214,2027,96,1522.17,1281.09
9758,1399,2,11747,156,2227,2125,75,3021.02,874.9
9759,1518,2,10471,99,6984,1912,86,893.93,2906.37
9760,1462,3,10078,561,5797,4806,38,3059.88,9667.85
9761,1154,8,10076,340,1014,2088,456,3541.4,8301.9
9762,1357,5,10768,664,5165,2738,108,3725.41,311.66
9763,1442,4,10596,188,8946,389,6,1836.45,8104.57
9764,1053,1,10464,689,4762,900,357,1679.34,2057.18
9765,1208,5,10674,275,9491,823,372,938.91,4514.98
9766,1799,4,11298,445,1857,1786,3,998.58,1722.47
9767,1580,4,10724,257,1966,3615,207,4690.14,8698.07
9768,1530,2,11009,401,7987,4423,244,3409.49,8625.09
9769,1723,8,10646,245,6090,4479,331,3707.15,5191.94
9770,1842,4,11420,651,3061,1183,299,502.86,8089.88
9771,1345,5,11876,285,2898,1922,367,1202.62,9817.02
9772,1840,4,10929,667,8755,3318,363,691.46,5867.18
9773,1347,6,11929,20,8718,2260,138,2097.95,6497.54
9774,1499,4,11475,549,6725,2867,29,4861.25,4218.69
9775,1586,8,11502,599,4813,1042,154,3053.46,4754.67
9776,1787,4,10488,137,8314,2962,28,3481.28,9088.36
9777,1503,7,11580,100,7541,368,361,4508.02,3106.98
9778,1610,2,10496,691,7381,1841,377,1047.52,421.66
9779,1032,8,11094,286,5918,4553,100,2847.83,2759.83
9780,1816,5,10218,600,2730,2709,201,2521.59,6765.42
9781,1071,3,11980,352,6399,4004,453,2358.16,4695.58
9782,1502,5,11974,606,9379,4677,430,1036.68,6768.47
9783,1762,6,11183,175,9439,3334,136,4196.87,8575.25
9784,1131,2,10251,220,6738,4464,25,1455.26,880.74
9785,1757,8,10356,89,4810,357,153,2112.13,4051.45
9786,1647,7,10836,73,3103,1410,389,3274.68,2108.19
9787,1525,2,11055,1,7083,3948,131,2369.91,3259.4
9788,1465,1,11301,331,2395,3928,22,1174.29,3775.38
9789,1423,2,11163,113,4711,2098,338,4088.79,2466.58
9790,1881,3,10382,420,9524,3019,92,4191.97,426.96
9791,1161,2,10881,639,5498,3887,153,3494.4,5300.47
9792,1764,1,11910,588,6883,4584,121,1452.21,1099.45
9793,1803,6,11152,684,6821,2995,76,2105.74,2782.98
9794,1402,7,11346,11,5484,1541,163,3877.47,5870.43
9795,1605,3,11809,69,1949,3728,451,666.24,453.35
9796,1571,4,11642,229,2866,4594,381,3823.52,8297.84
9797,1092,2,10667,222,370,1627,121,400.51,9900.51
9798,1397,7,10743,608,4651,904,398,169.1,1971.18
9799,1719,7,10498,321,3586,925,495,1633.22,9370.26
9800,1659,6,10720,611,7153,1108,44,3804.92,1334.53
9801,1254,1,10881,706,7506,252,110,822.48,9867.0
9802,1400,3,10612,7,7524,2167,90,1509.2,3373.72
9803,1403,1,10784,503,2771,1426,394,3543.17,4795.52
9804,1688,5,11143,668,5333,2292,321,1316.81,4119.39
9805,1935,8,11615,194,5363,408,84,2237.63,4154.66
9806,1068,1,10082,223,2125,512,258,4018.71,9429.62
9807,1369,7,10239,591,8618,4332,189,4922.12,3231.65
9808,1006,5,11532,312,2367,152,5,411.78,1720.34
9809,1579,8,11129,363,9616,3639,348,3507.88,3695.92
9810,1423,2,10894,432,8401,2250,433,3034.52,794.74
9811,1170,3,11539,125,1791,4763,248,2127.78,1257.25
9812,1455,7,11178,82,3503,1808,57,4639.19,2299.97
9813,1171,6,11788,490,8311,2677,373,3558.6,3270.96
9814,1155,6,10575,135,1434,3536,290,3394.11,3816.37
9815,1463,7,11291,500,4364,4060,498,2227.03,878.11
9816,1145,2,10416,32,7313,847,137,3192.55,9826.43
9817,1475,5,11819,365,9870,215,410,3538.95,6721.49
9818,1907,7,10787,225,4293,661,116,4798.65,1525.39
9819,1825,5,11654,279,5774,1252,123,4071.42,3146.23
9820,1508,8,11101,202,625,212,430,515.38,2205.28
9821,1533,5,11767,589,9558,3416,452,1343.12,4516.33
9822,1262,6,10870,244,2111,2465,361,2729.52,3547.06
9823,1297,5,10429,354,7006,1741,144,340.77,1062.3
9824,1830,4,11221,170,7742,1883,178,2250.09,337.7
9825,1322,4,10149,706,5425,1337,415,1328.81,3858.44
9826,1667,3,10359,385,2392,4153,358,690.32,289.24
9827,1324,4,11486,651,2181,2190,433,3705.99,2178.71
9828,1433,5,11764,190,6740,4766,306,58.19,8294.86
9829,1320,5,11862,85,4668,615,333,2189.15,7388.02
9830,1196,5,10340,340,6095,1349,432,4615.25,820.39
9831,1866,4,11735,447,8884,4159,127,1374.94,412.44
9832,1286,1,10006,454,174,1921,16,2833.66,9150.32
9833,1090,6,11030,165,1606,4196,95,721.04,5404.17
9834,1486,4,10948,166,4812,1610,297,2167.28,9504.69
9835,1714,5,11919,619,4149,1740,114,3210.06,5506.08
9836,1086,4,11824,61,2233,131,412,1453.82,5107.18
9837,1442,8,10325,349,2094,4365,361,1908.67,938.48
9838,1038,1,11543,569,8489,1185,25,988.45,683.2
9839,1049,4,11968,163,3772,1486,266,2697.41,3178.06
9840,1499,6,11339,165,638,230,285,1034.21,4461.29
9841,1093,3,11234,20,3146,3411,288,1270.77,4430.32
9842,1621,8,10839,139,7140,897,323,3043.18,9653.3
9843,1092,1,10354,9,409,409,43,1659.64,8688.16
9844,1760,2,11313,52,6700,4017,18,1340.69,5721.4
9845,1285,1,10614,135,6767,887,164,480.79,7265.23
9846,1122,2,11134,504,5505,327,219,2305.33,201.94
9847,1474,6,10560,599,2040,365,98,966.87,425.83
9848,1596,3,10022,487,7260,4939,129,859.67,2805.57
9849,1277,7,11306,277,755,4906,471,3038.08,104.49
9850,1893,7,10920,180,5443,388,120,3220.69,730.99
9851,1685,3,11976,345,1189,2430,318,3016.11,8364.06
9852,1449,7,10335,644,4056,4358,278,3192.26,974.39
9853,1325,5,10972,597,1936,2122,412,2640.8,2028.26
9854,1883,3,10373,138,1538,1136,217,4334.45,7326.23
9855,1503,7,10417,521,3878,4847,452,1793.13,9623.25
9856,1122,6,10090,718,2705,3229,57,3836.94,4152.34
9857,1081,8,10822,28,7149,1953,332,1838.56,5328.64
9858,1889,4,11194,453,401,4554,202,4253.18,6951.83
9859,1600,3,10909,544,8467,3540,349,660.53,8364.9
9860,1152,8,10063,531,8102,2891,351,3280.15,348.9
9861,1889,1,10576,115,5851,2076,112,2571.07,1441.3
9862,1515,7,10371,486,4586,1406,300,521.41,6482.54
9863,1179,5,10970,144,6804,1512,8,511.18,7933.72
9864,1215,6,11052,157,4964,3223,117,250.95,5994.94
9865,1664,1,10867,100,4598,3812,91,852.53,3688.43
9866,1283,4,10046,399,8028,259,19,2338.69,1598.78
9867,1092,5,10076,647,2617,2862,498,1262.69,2986.38
9868,1878,1,11760,318,6568,39,257,4824.45,1046.75
9869,1471,3,11953,515,9319,4885,267,1691.87,4768.25
9870,1923,5,11943,110,7074,1649,230,3087.05,5288.29
9871,1698,6,11885,573,662,4263,100,2770.34,1632.35
9872,1073,7,10377,233,4804,1105,61,4290.11,9991.5
9873,1676,1,10752,339,4129,2996,8,2785.47,488.21
9874,1944,4,11877,376,5093,2286,271,1918.36,703.63
9875,1686,7,11895,266,729,638,12,631.74,6702.2
9876,1914,7,10599,226,9505,4015,399,2898.9,3843.89
9877,1132,7,11608,241,6733,2245,153,782.65,4925.52
9878,1066,2,11983,482,7571,4253,356,614.25,6457.42
9879,1261,4,11398,39,3049,2497,315,275.14,4215.55
9880,1199,8,10426,124,4855,3458,81,4876.66,663.21
9881,1491,3,11133,664,5089,2294,382,4202.79,2716.51
9882,1630,6,11149,78,3465,3560,226,374.72,7029.5
9883,1802,8,11867,69,3268,3931,329,1802.84,3466.94
9884,1457,1,11071,490,3723,3967,478,2744.54,6976.36
9885,1020,3,11134,460,1746,1354,490,1590.15,4793.11
9886,1598,3,11485,721,2191,1808,374,4581.65,3197.91
9887,1772,1,11192,678,1347,942,101,402.27,5210.21
9888,1771,7,10763,227,9836,157,355,2348.13,9106.41
9889,1150,3,10881,233,1586,1691,134,1438.81,5494.48
9890,1234,6,11099,285,6918,876,451,2378.85,782.89
9891,1662,6,11406,705,191,1959,259,2766.85,3926.77
9892,1025,7,10012,257,8382,963,245,884.53,6127.33
9893,1101,7,10038,245,5102,181,324,511.94,1088.16
9894,1191,5,11359,375,5304,653,274,1358.58,4483.42
9895,1349,7,10639,519,686,1013,322,2679.58,9307.29
9896,1263,1,10841,406,4954,2780,119,3469.92,1418.3
9897,1095,2,11887,656,6863,615,275,4841.43,1141.33
9898,1918,5,11215,292,300,1255,430,3465.12,6963.0
9899,1414,3,11196,449,634,4965,445,4847.15,8272.88
9900,1210,6,11661,145,4223,2457,261,3509.56,9351.63
9901,1454,3,11803,416,1821,2654,244,3215.93,4070.14
9902,1779,7,11408,706,4612,531,255,806.16,2512.78
9903,1094,1,10903,692,7522,2432,39,233.01,8183.89
9904,1464,1,10879,58,1182,2926,443,1765.06,1690.22
9905,1985,3,11642,388,9875,667,46,4589.32,3397.31
9906,1474,4,10007,391,8203,4836,475,1072.1,8133.35
9907,1018,4,11741,292,954,4165,142,2265.08,4289.62
9908,1175,7,11594,293,4508,3701,256,891.74,7935.44
9909,1236,2,10142,703,2613,4132,136,2827.73,6388.07
9910,1244,6,10319,301,6300,53,365,3807.51,3125.22
9911,1127,3,10568,566,7250,1863,405,1108.15,8738.99
9912,1129,3,10775,295,1170,2773,250,2091.59,9242.34
9913,1845,6,11445,418,9644,4376,113,2582.9,8043.65
9914,1265,3,11835,374,6566,2996,74,749.03,7572.76
9915,1625,4,10395,76,4354,784,221,3397.5,9386.64
9916,1981,1,10769,236,9227,171,394,2146.03,6934.7
9917,1750,7,11513,67,6269,1166,292,657.43,2513.07
9918,1357,7,11417,447,2743,244,456,3722.06,3846.62
9919,1422,8,10451,290,5859,355,380,4723.88,8525.88
9920,1871,1,11417,289,7984,2615,64,3795.82,628.1
9921,1890,8,11852,186,6165,3677,282,3654.97,6921.92
9922,1681,6,10721,547,8901,1618,437,3203.5,4019.03
9923,1622,7,11737,309,5873,1329,63,3858.32,734.1
9924,1269,3,11840,595,4288,974,4,4378.82,2870.07
9925,1567,8,11263,229,2429,4554,108,3306.67,2943.73
9926,1164,4,10579,131,958,910,420,667.91,1708.91
9927,1501,8,10938,67,8586,4316,489,2945.39,7787.81
9928,1930,6,10100,511,3154,259,424,3014.97,3928.84
9929,1617,4,11965,316,376,2583,163,3589.06,5924.22
9930,1042,4,11206,170,3919,681,382,3678.46,507.64
9931,1099,1,10950,370,9434,2697,42,3396.1,7266.3
9932,1658,5,10347,563,3203,3192,326,225.28,1329.1
9933,1529,5,11325,38,4860,109,147,3663.82,771.06
9934,1973,1,11103,105,1203,4799,311,4238.99,755.19
9935,1141,8,11904,527,4791,4678,190,2018.87,8939.51
9936,1677,7,11411,46,1698,402,467,939.68,7752.41
9937,1150,5,11591,286,2280,621,304,4002.03,7870.92
9938,1577,5,10540,159,9716,1723,314,3304.47,1029.47
9939,1382,3,10508,102,7133,877,168,614.24,4093.28
9940,1545,2,11278,606,8895,3312,491,4045.45,2164.68
9941,1876,3,11659,549,9395,2031,308,2821.32,9846.72
9942,1240,2,11081,198,8545,723,319,157.37,1817.38
9943,1947,1,10844,638,1251,2504,319,319.8,4211.16
9944,1004,2,11901,80,2255,3291,270,1293.68,5457.2
9945,1168,4,10888,441,8991,796,60,2232.8,7046.36
9946,1957,2,11052,383,3049,4065,479,744.49,4066.95
9947,1333,3,11471,338,4515,2704,204,1590.45,830.04
9948,1144,4,10794,158,6174,3701,423,240.15,1169.98
9949,1309,3,11601,702,3844,1140,177,3282.09,2889.12
9950,1093,3,11100,337,1699,446,140,1781.43,8987.48
9951,1936,8,10304,644,3731,1780,406,4077.98,322.79
9952,1335,2,10551,295,1817,183,473,2024.48,2230.81
9953,1693,8,11506,484,8434,678,303,3447.73,7691.97
9954,1144,1,10719,125,4795,2915,151,1193.61,4378.34
9955,1098,7,10574,371,4998,2409,230,4070.16,4688.8
9956,1029,6,11407,241,7399,3911,84,3477.34,6675.89
9957,1368,5,10476,225,2621,339,351,940.33,9883.75
9958,1124,6,11050,210,9676,2015,88,4609.91,601.24
9959,1496,8,10818,653,2427,2878,150,1196.72,1468.4
9960,1995,1,11971,535,1541,1578,24,988.77,3555.25
9961,1966,6,11168,138,7664,1422,203,1608.17,9954.43
9962,1752,4,10860,256,4077,1615,334,542.52,2358.8
9963,1067,1,10331,289,1953,592,190,4600.89,4471.34
9964,1288,6,10852,728,9137,3513,64,3341.86,687.12
9965,1836,6,11835,466,6151,4902,133,1226.01,4216.19
9966,1858,7,11357,712,7713,575,359,2552.59,2851.89
9967,1604,7,10139,105,364,3397,239,2750.25,8207.66
9968,1655,6,11290,253,9622,3569,224,1874.39,9722.7
9969,1824,5,10534,561,7091,2963,72,1965.52,1465.53
9970,1056,4,10453,710,8655,1999,237,2611.41,2796.19
9971,1562,5,10652,727,6593,801,94,3581.6,4589.26
9972,1613,1,11904,172,1161,3894,409,4007.53,8287.73
9973,1087,2,10827,419,5903,3411,326,2399.7,4014.98
9974,1053,4,11257,336,2969,1070,468,4076.6,9876.04
9975,1553,2,10197,509,8986,4237,369,3632.96,398.5
9976,1896,6,10235,123,5878,1378,429,3014.62,1930.66
9977,1288,5,11740,148,1353,3606,397,2538.31,9832.02
9978,1865,8,11918,722,8548,2436,307,1479.24,3879.22
9979,1855,3,10332,122,2156,3329,71,4691.82,1452.7
9980,1531,2,10327,274,7035,1529,211,325.1,5957.3
9981,1807,1,11866,164,9351,2367,410,2444.53,8589.32
9982,1208,3,10878,726,9697,1535,276,859.16,8442.52
9983,1680,6,10562,491,9484,2591,206,1943.84,1466.54
9984,1385,7,11851,2,8418,4798,498,3138.98,7749.8
9985,1978,6,10227,230,4329,3543,49,3917.38,8245.15
9986,1818,2,11849,274,1563,51,288,448.61,717.07
9987,1823,7,11718,430,2085,2609,420,1575.28,6866.06
9988,1866,2,11734,565,2157,4634,423,4709.84,459.01
9989,1572,6,11691,515,8313,3513,122,4489.44,9722.16
9990,1357,4,10576,68,6198,944,402,4848.57,1588.39
9991,1068,1,10778,626,1134,3291,34,4832.73,6913.28
9992,1392,2,10190,408,3819,123,400,1261.32,131.99
9993,1178,1,11067,408,1292,3652,194,3774.64,9166.38
9994,1576,7,11670,182,7235,1509,37,1386.07,1331.37
9995,1409,1,10840,377,4865,2225,468,4821.31,8066.23
9996,1554,4,11434,534,4936,270,210,455.8,8000.27
9997,1154,5,10624,713,646,2167,98,1041.95,9550.73
9998,1754,5,11141,564,1963,3196,25,3068.42,5749.39
9999,1815,8,10706,41,1311,3182,37,1146.78,2313.84
10000,1432,2,10559,137,8377,1694,296,4866.96,9139.1
